  [1m[35m (0.1ms)[0m  [1m[35mCREATE DATABASE "gitlab_code_review_development" ENCODING = 'unicode'[0m
  [1m[35m (76.2ms)[0m  [1m[35mCREATE DATABASE "gitlab_code_review_test" ENCODING = 'unicode'[0m
  [1m[35m (4.9ms)[0m  [1m[35mCREATE TABLE "schema_migrations" ("version" character varying NOT NULL PRIMARY KEY)[0m
  [1m[35m (2.2ms)[0m  [1m[35mCREATE TABLE "ar_internal_metadata" ("key" character varying NOT NULL PRIMARY KEY, "value" character varying, "created_at" timestamp(6) NOT NULL, "updated_at" timestamp(6) NOT NULL)[0m
  [1m[35m (0.1ms)[0m  [1m[34mSELECT pg_try_advisory_lock(331611653162353620)[0m
  [1m[36mActiveRecord::SchemaMigration Load (0.3ms)[0m  [1m[34mSELECT "schema_migrations"."version" FROM "schema_migrations" ORDER BY "schema_migrations"."version" ASC[0m
  [1m[36mActiveRecord::InternalMetadata Load (0.3ms)[0m  [1m[34mSELECT * FROM "ar_internal_metadata" WHERE "ar_internal_metadata"."key" = $1 ORDER BY "ar_internal_metadata"."key" ASC LIMIT 1[0m  [[nil, "environment"]]
  [1m[36mActiveRecord::InternalMetadata Create (1.5ms)[0m  [1m[32mINSERT INTO "ar_internal_metadata" ("key", "value", "created_at", "updated_at") VALUES ('environment', 'development', '2025-11-06 09:40:10.446390', '2025-11-06 09:40:10.446391') RETURNING "key"[0m
Migrating to CreateExports (20250106000001)
  [1m[36mTRANSACTION (0.0ms)[0m  [1m[35mBEGIN[0m
  [1m[35m (0.8ms)[0m  [1m[35mCREATE TABLE "exports" ("id" bigserial primary key, "mr_url" character varying NOT NULL, "mr_iid" integer NOT NULL, "project_path" character varying NOT NULL, "mr_title" character varying, "mr_author" character varying, "mr_state" character varying, "data" jsonb DEFAULT '{}' NOT NULL, "created_at" timestamp(6) NOT NULL, "updated_at" timestamp(6) NOT NULL)[0m
  [1m[35m (0.4ms)[0m  [1m[35mCREATE INDEX "index_exports_on_mr_url" ON "exports" ("mr_url")[0m
  [1m[35m (0.5ms)[0m  [1m[35mCREATE INDEX "index_exports_on_project_path_and_mr_iid" ON "exports" ("project_path", "mr_iid")[0m
  [1m[36mActiveRecord::SchemaMigration Create (0.3ms)[0m  [1m[32mINSERT INTO "schema_migrations" ("version") VALUES ('20250106000001') RETURNING "version"[0m
  [1m[36mTRANSACTION (1.7ms)[0m  [1m[35mCOMMIT[0m
  [1m[35m (0.2ms)[0m  [1m[34mSELECT pg_advisory_unlock(331611653162353620)[0m
  [1m[36mActiveRecord::SchemaMigration Load (0.1ms)[0m  [1m[34mSELECT "schema_migrations"."version" FROM "schema_migrations" ORDER BY "schema_migrations"."version" ASC[0m
[dotenv] Loaded [33m.env[0m
Started GET "/" for 172.21.0.1 at 2025-11-06 09:41:57 +0000
  [1m[36mActiveRecord::SchemaMigration Load (0.3ms)[0m  [1m[34mSELECT "schema_migrations"."version" FROM "schema_migrations" ORDER BY "schema_migrations"."version" ASC[0m
Processing by ExportsController#index as HTML
Completed 204 No Content in 19ms (ActiveRecord: 2.3ms | Allocations: 16201)


Started GET "/" for 172.21.0.1 at 2025-11-06 09:42:03 +0000
Processing by ExportsController#index as HTML
Completed 204 No Content in 0ms (ActiveRecord: 0.0ms | Allocations: 62)


Started GET "/" for 172.21.0.1 at 2025-11-06 09:42:05 +0000
Processing by ExportsController#index as HTML
Completed 204 No Content in 0ms (ActiveRecord: 0.0ms | Allocations: 59)


Started GET "/" for 172.21.0.1 at 2025-11-06 09:42:07 +0000
Processing by ExportsController#index as HTML
Completed 204 No Content in 0ms (ActiveRecord: 0.0ms | Allocations: 59)


Started GET "/" for 172.21.0.1 at 2025-11-06 09:42:12 +0000
Processing by ExportsController#index as HTML
Completed 204 No Content in 0ms (ActiveRecord: 0.0ms | Allocations: 59)


Started GET "/" for 172.21.0.1 at 2025-11-06 09:42:12 +0000
Processing by ExportsController#index as HTML
Completed 204 No Content in 0ms (ActiveRecord: 0.0ms | Allocations: 51)


[dotenv] Loaded [33m.env[0m
Started GET "/" for 172.21.0.1 at 2025-11-06 09:43:57 +0000
  [1m[36mActiveRecord::SchemaMigration Load (0.6ms)[0m  [1m[34mSELECT "schema_migrations"."version" FROM "schema_migrations" ORDER BY "schema_migrations"."version" ASC[0m
Processing by ExportsController#index as HTML
Completed 200 OK in 19ms (Views: 0.1ms | ActiveRecord: 4.0ms | Allocations: 12112)


Started GET "/" for 172.21.0.1 at 2025-11-06 09:44:38 +0000
Processing by ExportsController#index as HTML
Completed 200 OK in 2ms (Views: 0.0ms | ActiveRecord: 0.6ms | Allocations: 1411)


Started GET "/favicon.ico" for 172.21.0.1 at 2025-11-06 09:44:38 +0000
  
ActionController::RoutingError (No route matches [GET] "/favicon.ico"):
  
Started GET "/" for 172.21.0.1 at 2025-11-06 09:45:42 +0000
Processing by ExportsController#index as */*
Completed 200 OK in 0ms (Views: 0.1ms | ActiveRecord: 0.0ms | Allocations: 78)


Started GET "/" for 172.21.0.1 at 2025-11-06 09:46:12 +0000
Processing by ExportsController#index as HTML
Completed 200 OK in 3ms (Views: 0.1ms | ActiveRecord: 0.8ms | Allocations: 1398)


Started GET "/" for 172.21.0.1 at 2025-11-06 09:46:13 +0000
Processing by ExportsController#index as HTML
Completed 200 OK in 0ms (Views: 0.1ms | ActiveRecord: 0.0ms | Allocations: 67)


Started GET "/" for 172.21.0.1 at 2025-11-06 09:46:14 +0000
Processing by ExportsController#index as HTML
Completed 200 OK in 0ms (Views: 0.1ms | ActiveRecord: 0.0ms | Allocations: 73)


Started GET "/" for 172.21.0.1 at 2025-11-06 09:46:26 +0000
Processing by ExportsController#index as */*
Completed 200 OK in 0ms (Views: 0.0ms | ActiveRecord: 0.0ms | Allocations: 68)


Started GET "/" for 172.21.0.1 at 2025-11-06 09:47:26 +0000
Processing by ExportsController#index as */*
Completed 200 OK in 0ms (Views: 0.0ms | ActiveRecord: 0.0ms | Allocations: 76)


Started GET "/" for 172.21.0.1 at 2025-11-06 09:51:14 +0000
Processing by ExportsController#index as HTML
Completed 204 No Content in 2ms (ActiveRecord: 0.6ms | Allocations: 1368)


Started GET "/" for 172.21.0.1 at 2025-11-06 09:51:25 +0000
Processing by ExportsController#index as */*
Completed 204 No Content in 0ms (ActiveRecord: 0.0ms | Allocations: 52)


Started GET "/" for 172.21.0.1 at 2025-11-06 10:01:51 +0000
Processing by ExportsController#index as */*
Completed 204 No Content in 0ms (ActiveRecord: 0.0ms | Allocations: 339)


[dotenv] Loaded [33m.env[0m
Started GET "/" for 172.21.0.1 at 2025-11-06 10:02:13 +0000
  [1m[36mActiveRecord::SchemaMigration Load (0.2ms)[0m  [1m[34mSELECT "schema_migrations"."version" FROM "schema_migrations" ORDER BY "schema_migrations"."version" ASC[0m
Processing by ExportsController#index as HTML
Completed 204 No Content in 16ms (ActiveRecord: 2.2ms | Allocations: 11988)


[dotenv] Loaded [33m.env[0m
Started GET "/" for 172.21.0.1 at 2025-11-06 10:03:28 +0000
  [1m[36mActiveRecord::SchemaMigration Load (0.3ms)[0m  [1m[34mSELECT "schema_migrations"."version" FROM "schema_migrations" ORDER BY "schema_migrations"."version" ASC[0m
Processing by ExportsController#index as HTML
  Rendering layout layouts/application.html.erb
  Rendering exports/index.html.erb within layouts/application
  [1m[36mExport Exists? (0.2ms)[0m  [1m[34mSELECT 1 AS one FROM "exports" LIMIT $1[0m  [["LIMIT", 1]]
  ↳ app/views/exports/index.html.erb:3
  Rendered exports/index.html.erb within layouts/application (Duration: 1.3ms | Allocations: 1273)
  Rendered layout layouts/application.html.erb (Duration: 2.7ms | Allocations: 2954)
Completed 500 Internal Server Error in 22ms (ActiveRecord: 2.5ms | Allocations: 17481)


  
ActionView::Template::Error (undefined method `flash' for an instance of ActionDispatch::Request):
     8:   <%= stylesheet_link_tag "application", "data-turbo-track": "reload" %>
     9: </head>
    10: <body>
    11:   <% if flash[:error] %>
    12:     <div style="color: red; padding: 10px; margin: 10px; border: 1px solid red;">
    13:       <%= flash[:error] %>
    14:     </div>
  
app/views/layouts/application.html.erb:11
Started GET "/" for 172.21.0.1 at 2025-11-06 10:04:55 +0000
Processing by ExportsController#index as HTML
  Rendering layout layouts/application.html.erb
  Rendering exports/index.html.erb within layouts/application
  [1m[36mExport Exists? (0.5ms)[0m  [1m[34mSELECT 1 AS one FROM "exports" LIMIT $1[0m  [["LIMIT", 1]]
  ↳ app/views/exports/index.html.erb:3
  Rendered exports/index.html.erb within layouts/application (Duration: 1.5ms | Allocations: 414)
  Rendered layout layouts/application.html.erb (Duration: 1.9ms | Allocations: 673)
Completed 500 Internal Server Error in 3ms (ActiveRecord: 0.5ms | Allocations: 926)


  
ActionView::Template::Error (undefined method `flash' for an instance of ActionDispatch::Request):
     8:   <%= stylesheet_link_tag "application", "data-turbo-track": "reload" %>
     9: </head>
    10: <body>
    11:   <% if flash[:error] %>
    12:     <div style="color: red; padding: 10px; margin: 10px; border: 1px solid red;">
    13:       <%= flash[:error] %>
    14:     </div>
  
app/views/layouts/application.html.erb:11
[dotenv] Loaded [33m.env[0m
Started GET "/" for 172.21.0.1 at 2025-11-06 10:05:03 +0000
  [1m[36mActiveRecord::SchemaMigration Load (0.2ms)[0m  [1m[34mSELECT "schema_migrations"."version" FROM "schema_migrations" ORDER BY "schema_migrations"."version" ASC[0m
Processing by ExportsController#index as HTML
  Rendering layout layouts/application.html.erb
  Rendering exports/index.html.erb within layouts/application
  [1m[36mExport Exists? (0.4ms)[0m  [1m[34mSELECT 1 AS one FROM "exports" LIMIT $1[0m  [["LIMIT", 1]]
  ↳ app/views/exports/index.html.erb:3
  Rendered exports/index.html.erb within layouts/application (Duration: 2.3ms | Allocations: 1273)
  Rendered layout layouts/application.html.erb (Duration: 4.2ms | Allocations: 2410)
Completed 200 OK in 24ms (Views: 5.6ms | ActiveRecord: 3.2ms | Allocations: 16109)


Started GET "/stylesheets/application.css" for 172.21.0.1 at 2025-11-06 10:05:03 +0000
  
ActionController::RoutingError (No route matches [GET] "/stylesheets/application.css"):
  
Started GET "/exports/new" for 172.21.0.1 at 2025-11-06 10:05:05 +0000
Processing by ExportsController#new as HTML
  Rendering layout layouts/application.html.erb
  Rendering exports/new.html.erb within layouts/application
  Rendered exports/new.html.erb within layouts/application (Duration: 10.0ms | Allocations: 4036)
  Rendered layout layouts/application.html.erb (Duration: 10.4ms | Allocations: 4237)
Completed 200 OK in 11ms (Views: 10.7ms | ActiveRecord: 0.0ms | Allocations: 4511)


Started GET "/stylesheets/application.css" for 172.21.0.1 at 2025-11-06 10:05:05 +0000
  
ActionController::RoutingError (No route matches [GET] "/stylesheets/application.css"):
  
Started GET "/stylesheets/application.css" for 172.21.0.1 at 2025-11-06 10:05:07 +0000
  
ActionController::RoutingError (No route matches [GET] "/stylesheets/application.css"):
  
Started GET "/exports/new" for 172.21.0.1 at 2025-11-06 10:05:08 +0000
Processing by ExportsController#new as HTML
  Rendering layout layouts/application.html.erb
  Rendering exports/new.html.erb within layouts/application
  Rendered exports/new.html.erb within layouts/application (Duration: 1.5ms | Allocations: 694)
  Rendered layout layouts/application.html.erb (Duration: 1.8ms | Allocations: 895)
Completed 200 OK in 2ms (Views: 2.2ms | ActiveRecord: 0.0ms | Allocations: 1101)


Started GET "/stylesheets/application.css" for 172.21.0.1 at 2025-11-06 10:05:08 +0000
  
ActionController::RoutingError (No route matches [GET] "/stylesheets/application.css"):
  
Started POST "/exports" for 172.21.0.1 at 2025-11-06 10:05:21 +0000
Processing by ExportsController#create as HTML
  Parameters: {"authenticity_token"=>"[FILTERED]", "mr_url"=>"https://gitlab.innovationlawlab.org/ILL/lawlabplatform/-/merge_requests/1527", "gitlab_token"=>"[FILTERED]", "button"=>""}
Redirected to http://localhost:3000/exports/new
Completed 302 Found in 353ms (ActiveRecord: 0.0ms | Allocations: 2712)


Started GET "/exports/new" for 172.21.0.1 at 2025-11-06 10:05:21 +0000
Processing by ExportsController#new as HTML
  Rendering layout layouts/application.html.erb
  Rendering exports/new.html.erb within layouts/application
  Rendered exports/new.html.erb within layouts/application (Duration: 0.5ms | Allocations: 737)
  Rendered layout layouts/application.html.erb (Duration: 0.7ms | Allocations: 944)
Completed 200 OK in 1ms (Views: 0.9ms | ActiveRecord: 0.0ms | Allocations: 1155)


Started GET "/stylesheets/application.css" for 172.21.0.1 at 2025-11-06 10:05:21 +0000
  
ActionController::RoutingError (No route matches [GET] "/stylesheets/application.css"):
  
[dotenv] Set [36mGITLAB_ENDPOINT[0m
[dotenv] Loaded [33m.env[0m
Started GET "/exports/new" for 172.21.0.1 at 2025-11-06 10:06:12 +0000
  [1m[36mActiveRecord::SchemaMigration Load (0.4ms)[0m  [1m[34mSELECT "schema_migrations"."version" FROM "schema_migrations" ORDER BY "schema_migrations"."version" ASC[0m
Processing by ExportsController#new as HTML
  Rendering layout layouts/application.html.erb
  Rendering exports/new.html.erb within layouts/application
  Rendered exports/new.html.erb within layouts/application (Duration: 2.4ms | Allocations: 2775)
  Rendered layout layouts/application.html.erb (Duration: 2.7ms | Allocations: 3365)
Completed 200 OK in 5ms (Views: 3.7ms | ActiveRecord: 0.0ms | Allocations: 7188)


Started GET "/stylesheets/application.css" for 172.21.0.1 at 2025-11-06 10:06:12 +0000
  
ActionController::RoutingError (No route matches [GET] "/stylesheets/application.css"):
  
Started POST "/exports" for 172.21.0.1 at 2025-11-06 10:06:26 +0000
Processing by ExportsController#create as HTML
  Parameters: {"authenticity_token"=>"[FILTERED]", "mr_url"=>"https://gitlab.innovationlawlab.org/ILL/lawlabplatform/-/merge_requests/1527", "gitlab_token"=>"[FILTERED]", "button"=>""}
Redirected to http://localhost:3000/exports/new
Completed 302 Found in 817ms (ActiveRecord: 0.0ms | Allocations: 2357)


Started GET "/exports/new" for 172.21.0.1 at 2025-11-06 10:06:27 +0000
Processing by ExportsController#new as HTML
  Rendering layout layouts/application.html.erb
  Rendering exports/new.html.erb within layouts/application
  Rendered exports/new.html.erb within layouts/application (Duration: 0.9ms | Allocations: 778)
  Rendered layout layouts/application.html.erb (Duration: 1.3ms | Allocations: 989)
Completed 200 OK in 2ms (Views: 1.7ms | ActiveRecord: 0.0ms | Allocations: 1199)


Started GET "/stylesheets/application.css" for 172.21.0.1 at 2025-11-06 10:06:27 +0000
  
ActionController::RoutingError (No route matches [GET] "/stylesheets/application.css"):
  
Started GET "/exports/new" for 172.21.0.1 at 2025-11-06 10:08:01 +0000
Processing by ExportsController#new as HTML
  Rendering layout layouts/application.html.erb
  Rendering exports/new.html.erb within layouts/application
  Rendered exports/new.html.erb within layouts/application (Duration: 0.7ms | Allocations: 984)
  Rendered layout layouts/application.html.erb (Duration: 1.0ms | Allocations: 1460)
Completed 200 OK in 2ms (Views: 1.4ms | ActiveRecord: 0.0ms | Allocations: 2290)


Started GET "/stylesheets/application.css" for 172.21.0.1 at 2025-11-06 10:08:01 +0000
  
ActionController::RoutingError (No route matches [GET] "/stylesheets/application.css"):
  
[dotenv] Set [36mGITLAB_ENDPOINT[0m
[dotenv] Loaded [33m.env[0m
Started POST "/exports" for 172.21.0.1 at 2025-11-06 10:09:43 +0000
  [1m[36mActiveRecord::SchemaMigration Load (0.4ms)[0m  [1m[34mSELECT "schema_migrations"."version" FROM "schema_migrations" ORDER BY "schema_migrations"."version" ASC[0m
Processing by ExportsController#create as HTML
  Parameters: {"authenticity_token"=>"[FILTERED]", "mr_url"=>"https://gitlab.innovationlawlab.org/ILL/lawlabplatform/-/merge_requests/1527", "gitlab_token"=>"[FILTERED]", "button"=>""}
Redirected to http://localhost:3000/exports/new
Completed 302 Found in 865ms (ActiveRecord: 0.0ms | Allocations: 4608)


Started GET "/exports/new" for 172.21.0.1 at 2025-11-06 10:09:44 +0000
Processing by ExportsController#new as HTML
  Rendering layout layouts/application.html.erb
  Rendering exports/new.html.erb within layouts/application
  Rendered exports/new.html.erb within layouts/application (Duration: 3.0ms | Allocations: 1597)
  Rendered layout layouts/application.html.erb (Duration: 4.1ms | Allocations: 2171)
Completed 200 OK in 13ms (Views: 7.8ms | ActiveRecord: 0.0ms | Allocations: 5174)


Started GET "/stylesheets/application.css" for 172.21.0.1 at 2025-11-06 10:09:44 +0000
  
ActionController::RoutingError (No route matches [GET] "/stylesheets/application.css"):
  
[dotenv] Set [36mGITLAB_ENDPOINT[0m
[dotenv] Loaded [33m.env[0m
Started POST "/exports" for 172.21.0.1 at 2025-11-06 10:14:21 +0000
Processing by ExportsController#create as HTML
  Parameters: {"authenticity_token"=>"[FILTERED]", "mr_url"=>"https://gitlab.innovationlawlab.org/ILL/lawlabplatform/-/merge_requests/1527", "gitlab_token"=>"[FILTERED]", "button"=>""}
Redirected to http://localhost:3000/exports/new
Completed 302 Found in 871ms (ActiveRecord: 0.0ms | Allocations: 1638)


Started GET "/exports/new" for 172.21.0.1 at 2025-11-06 10:14:22 +0000
Processing by ExportsController#new as HTML
  Rendering layout layouts/application.html.erb
  Rendering exports/new.html.erb within layouts/application
  Rendered exports/new.html.erb within layouts/application (Duration: 0.9ms | Allocations: 1040)
  Rendered layout layouts/application.html.erb (Duration: 1.4ms | Allocations: 1521)
Completed 200 OK in 2ms (Views: 2.2ms | ActiveRecord: 0.0ms | Allocations: 2321)


Started GET "/stylesheets/application.css" for 172.21.0.1 at 2025-11-06 10:14:22 +0000
  
ActionController::RoutingError (No route matches [GET] "/stylesheets/application.css"):
  
[dotenv] Set [36mGITLAB_ENDPOINT[0m
[dotenv] Loaded [33m.env[0m
Started POST "/exports" for 172.21.0.1 at 2025-11-06 10:16:07 +0000
  [1m[36mActiveRecord::SchemaMigration Load (0.2ms)[0m  [1m[34mSELECT "schema_migrations"."version" FROM "schema_migrations" ORDER BY "schema_migrations"."version" ASC[0m
Processing by ExportsController#create as HTML
  Parameters: {"authenticity_token"=>"[FILTERED]", "mr_url"=>"https://gitlab.innovationlawlab.org/ILL/lawlabplatform/-/merge_requests/1527", "gitlab_token"=>"[FILTERED]", "button"=>""}
Redirected to http://localhost:3000/exports/new
Completed 302 Found in 879ms (ActiveRecord: 0.0ms | Allocations: 4389)


Started GET "/exports/new" for 172.21.0.1 at 2025-11-06 10:16:08 +0000
Processing by ExportsController#new as HTML
  Rendering layout layouts/application.html.erb
  Rendering exports/new.html.erb within layouts/application
  Rendered exports/new.html.erb within layouts/application (Duration: 2.3ms | Allocations: 1596)
  Rendered layout layouts/application.html.erb (Duration: 3.0ms | Allocations: 2170)
Completed 200 OK in 9ms (Views: 5.6ms | ActiveRecord: 0.0ms | Allocations: 5173)


Started GET "/stylesheets/application.css" for 172.21.0.1 at 2025-11-06 10:16:08 +0000
  
ActionController::RoutingError (No route matches [GET] "/stylesheets/application.css"):
  
[dotenv] Set [36mGITLAB_ENDPOINT[0m
[dotenv] Loaded [33m.env[0m
[dotenv] Loaded [33m.env[0m
Started GET "/exports/new" for 172.21.0.1 at 2025-11-06 10:24:17 +0000
  [1m[36mActiveRecord::SchemaMigration Load (0.2ms)[0m  [1m[34mSELECT "schema_migrations"."version" FROM "schema_migrations" ORDER BY "schema_migrations"."version" ASC[0m
Processing by ExportsController#new as HTML
  Rendering layout layouts/application.html.erb
  Rendering exports/new.html.erb within layouts/application
  Rendered exports/new.html.erb within layouts/application (Duration: 2.3ms | Allocations: 2773)
  Rendered layout layouts/application.html.erb (Duration: 2.6ms | Allocations: 3363)
Completed 200 OK in 6ms (Views: 3.6ms | ActiveRecord: 0.0ms | Allocations: 7186)


Started GET "/stylesheets/application.css" for 172.21.0.1 at 2025-11-06 10:24:17 +0000
  
ActionController::RoutingError (No route matches [GET] "/stylesheets/application.css"):
  
Started POST "/exports" for 172.21.0.1 at 2025-11-06 10:24:21 +0000
Processing by ExportsController#create as HTML
  Parameters: {"authenticity_token"=>"[FILTERED]", "mr_url"=>"https://gitlab.innovationlawlab.org/ILL/lawlabplatform/-/merge_requests/1527", "gitlab_token"=>"[FILTERED]", "button"=>""}
Redirected to http://localhost:3000/exports/new
Completed 302 Found in 930ms (ActiveRecord: 0.0ms | Allocations: 2309)


Started GET "/exports/new" for 172.21.0.1 at 2025-11-06 10:24:22 +0000
Processing by ExportsController#new as HTML
  Rendering layout layouts/application.html.erb
  Rendering exports/new.html.erb within layouts/application
  Rendered exports/new.html.erb within layouts/application (Duration: 1.5ms | Allocations: 766)
  Rendered layout layouts/application.html.erb (Duration: 2.1ms | Allocations: 977)
Completed 200 OK in 3ms (Views: 2.6ms | ActiveRecord: 0.0ms | Allocations: 1187)


Started GET "/stylesheets/application.css" for 172.21.0.1 at 2025-11-06 10:24:22 +0000
  
ActionController::RoutingError (No route matches [GET] "/stylesheets/application.css"):
  
[dotenv] Set [36mGITLAB_ENDPOINT[0m
[dotenv] Loaded [33m.env[0m
[dotenv] Loaded [33m.env[0m
[dotenv] Set [36mGITLAB_ENDPOINT[0m
[dotenv] Loaded [33m.env[0m
[dotenv] Loaded [33m.env[0m
Started POST "/exports" for 172.21.0.1 at 2025-11-06 10:28:26 +0000
  [1m[36mActiveRecord::SchemaMigration Load (0.4ms)[0m  [1m[34mSELECT "schema_migrations"."version" FROM "schema_migrations" ORDER BY "schema_migrations"."version" ASC[0m
Processing by ExportsController#create as HTML
  Parameters: {"authenticity_token"=>"[FILTERED]", "mr_url"=>"https://gitlab.innovationlawlab.org/ILL/lawlabplatform/-/merge_requests/1527", "gitlab_token"=>"[FILTERED]", "button"=>""}
Redirected to http://localhost:3000/exports/new
Completed 302 Found in 807ms (ActiveRecord: 0.0ms | Allocations: 4394)


Started GET "/exports/new" for 172.21.0.1 at 2025-11-06 10:28:27 +0000
Processing by ExportsController#new as HTML
  Rendering layout layouts/application.html.erb
  Rendering exports/new.html.erb within layouts/application
  Rendered exports/new.html.erb within layouts/application (Duration: 2.4ms | Allocations: 1623)
  Rendered layout layouts/application.html.erb (Duration: 3.3ms | Allocations: 2197)
Completed 200 OK in 10ms (Views: 6.2ms | ActiveRecord: 0.0ms | Allocations: 5200)


Started GET "/stylesheets/application.css" for 172.21.0.1 at 2025-11-06 10:28:27 +0000
  
ActionController::RoutingError (No route matches [GET] "/stylesheets/application.css"):
  
[dotenv] Set [36mGITLAB_ENDPOINT[0m
[dotenv] Loaded [33m.env[0m
[dotenv] Loaded [33m.env[0m
Started POST "/exports" for 172.21.0.1 at 2025-11-06 10:29:11 +0000
Processing by ExportsController#create as HTML
  Parameters: {"authenticity_token"=>"[FILTERED]", "mr_url"=>"https://gitlab.innovationlawlab.org/ILL/lawlabplatform/-/merge_requests/1527", "gitlab_token"=>"[FILTERED]", "button"=>""}
Redirected to http://localhost:3000/exports/new
Completed 302 Found in 880ms (ActiveRecord: 0.0ms | Allocations: 1438)


Started GET "/exports/new" for 172.21.0.1 at 2025-11-06 10:29:12 +0000
Processing by ExportsController#new as HTML
  Rendering layout layouts/application.html.erb
  Rendering exports/new.html.erb within layouts/application
  Rendered exports/new.html.erb within layouts/application (Duration: 1.1ms | Allocations: 763)
  Rendered layout layouts/application.html.erb (Duration: 1.5ms | Allocations: 969)
Completed 200 OK in 2ms (Views: 1.8ms | ActiveRecord: 0.0ms | Allocations: 1175)


Started GET "/stylesheets/application.css" for 172.21.0.1 at 2025-11-06 10:29:12 +0000
  
ActionController::RoutingError (No route matches [GET] "/stylesheets/application.css"):
  
[dotenv] Set [36mGITLAB_ENDPOINT[0m
[dotenv] Loaded [33m.env[0m
[dotenv] Loaded [33m.env[0m
Started POST "/exports" for 172.21.0.1 at 2025-11-06 10:30:04 +0000
  [1m[36mActiveRecord::SchemaMigration Load (0.2ms)[0m  [1m[34mSELECT "schema_migrations"."version" FROM "schema_migrations" ORDER BY "schema_migrations"."version" ASC[0m
Processing by ExportsController#create as HTML
  Parameters: {"authenticity_token"=>"[FILTERED]", "mr_url"=>"https://gitlab.innovationlawlab.org/ILL/lawlabplatform/-/merge_requests/1527", "gitlab_token"=>"[FILTERED]", "button"=>""}
Redirected to http://localhost:3000/exports/new
Completed 302 Found in 968ms (ActiveRecord: 0.0ms | Allocations: 4392)


Started GET "/exports/new" for 172.21.0.1 at 2025-11-06 10:30:05 +0000
Processing by ExportsController#new as HTML
  Rendering layout layouts/application.html.erb
  Rendering exports/new.html.erb within layouts/application
  Rendered exports/new.html.erb within layouts/application (Duration: 3.3ms | Allocations: 1590)
  Rendered layout layouts/application.html.erb (Duration: 4.4ms | Allocations: 2164)
Completed 200 OK in 13ms (Views: 8.1ms | ActiveRecord: 0.0ms | Allocations: 5167)


Started GET "/stylesheets/application.css" for 172.21.0.1 at 2025-11-06 10:30:05 +0000
  
ActionController::RoutingError (No route matches [GET] "/stylesheets/application.css"):
  
[dotenv] Set [36mGITLAB_ENDPOINT[0m
[dotenv] Loaded [33m.env[0m
[dotenv] Loaded [33m.env[0m
[dotenv] Set [36mGITLAB_ENDPOINT[0m
[dotenv] Loaded [33m.env[0m
[dotenv] Loaded [33m.env[0m
[dotenv] Set [36mGITLAB_ENDPOINT[0m
[dotenv] Loaded [33m.env[0m
[dotenv] Loaded [33m.env[0m
Started GET "/exports/new" for 172.21.0.1 at 2025-11-06 10:34:24 +0000
  [1m[36mActiveRecord::SchemaMigration Load (0.2ms)[0m  [1m[34mSELECT "schema_migrations"."version" FROM "schema_migrations" ORDER BY "schema_migrations"."version" ASC[0m
Processing by ExportsController#new as HTML
  Rendering layout layouts/application.html.erb
  Rendering exports/new.html.erb within layouts/application
  Rendered exports/new.html.erb within layouts/application (Duration: 2.4ms | Allocations: 2637)
  Rendered layout layouts/application.html.erb (Duration: 2.7ms | Allocations: 3227)
Completed 200 OK in 5ms (Views: 3.7ms | ActiveRecord: 0.0ms | Allocations: 7050)


Started GET "/stylesheets/application.css" for 172.21.0.1 at 2025-11-06 10:34:24 +0000
  
ActionController::RoutingError (No route matches [GET] "/stylesheets/application.css"):
  
Started POST "/exports" for 172.21.0.1 at 2025-11-06 10:34:26 +0000
Processing by ExportsController#create as HTML
  Parameters: {"authenticity_token"=>"[FILTERED]", "mr_url"=>"https://gitlab.innovationlawlab.org/ILL/lawlabplatform/-/merge_requests/1527", "button"=>""}
Redirected to http://localhost:3000/exports/new
Completed 302 Found in 895ms (ActiveRecord: 0.0ms | Allocations: 2470)


Started GET "/exports/new" for 172.21.0.1 at 2025-11-06 10:34:27 +0000
Processing by ExportsController#new as HTML
  Rendering layout layouts/application.html.erb
  Rendering exports/new.html.erb within layouts/application
  Rendered exports/new.html.erb within layouts/application (Duration: 1.3ms | Allocations: 677)
  Rendered layout layouts/application.html.erb (Duration: 1.9ms | Allocations: 888)
Completed 200 OK in 3ms (Views: 2.4ms | ActiveRecord: 0.0ms | Allocations: 1098)


Started GET "/stylesheets/application.css" for 172.21.0.1 at 2025-11-06 10:34:27 +0000
  
ActionController::RoutingError (No route matches [GET] "/stylesheets/application.css"):
  
[dotenv] Set [36mGITLAB_ENDPOINT[0m
[dotenv] Loaded [33m.env[0m
[dotenv] Loaded [33m.env[0m
[dotenv] Set [36mGITLAB_TOKEN[0m and [36mGITLAB_ENDPOINT[0m
[dotenv] Loaded [33m.env[0m
[dotenv] Loaded [33m.env[0m
Started GET "/exports/new" for 172.21.0.1 at 2025-11-06 10:37:31 +0000
  [1m[36mActiveRecord::SchemaMigration Load (0.3ms)[0m  [1m[34mSELECT "schema_migrations"."version" FROM "schema_migrations" ORDER BY "schema_migrations"."version" ASC[0m
Processing by ExportsController#new as HTML
  Rendering layout layouts/application.html.erb
  Rendering exports/new.html.erb within layouts/application
  Rendered exports/new.html.erb within layouts/application (Duration: 3.6ms | Allocations: 2610)
  Rendered layout layouts/application.html.erb (Duration: 4.1ms | Allocations: 3200)
Completed 200 OK in 9ms (Views: 6.0ms | ActiveRecord: 0.0ms | Allocations: 7023)


Started GET "/stylesheets/application.css" for 172.21.0.1 at 2025-11-06 10:37:31 +0000
  
ActionController::RoutingError (No route matches [GET] "/stylesheets/application.css"):
  
Started POST "/exports" for 172.21.0.1 at 2025-11-06 10:37:33 +0000
Processing by ExportsController#create as HTML
  Parameters: {"authenticity_token"=>"[FILTERED]", "mr_url"=>"https://gitlab.innovationlawlab.org/ILL/lawlabplatform/-/merge_requests/1527", "button"=>""}
GitlabService using token: ZLZQKBfREcp... (length: 45)
Completed 500 Internal Server Error in 1995ms (ActiveRecord: 0.0ms | Allocations: 5935)


  
NoMethodError (undefined method `resolved' for an instance of Gitlab::ObjectifiedHash):
  
app/services/gitlab_service.rb:61:in `block (2 levels) in format_discussions'
app/services/gitlab_service.rb:53:in `each'
app/services/gitlab_service.rb:53:in `block in format_discussions'
app/services/gitlab_service.rb:52:in `format_discussions'
app/services/gitlab_service.rb:21:in `export_merge_request_feedback'
app/controllers/exports_controller.rb:22:in `create'
Started POST "/exports" for 172.21.0.1 at 2025-11-06 10:42:05 +0000
Processing by ExportsController#create as HTML
  Parameters: {"authenticity_token"=>"[FILTERED]", "mr_url"=>"https://gitlab.innovationlawlab.org/ILL/lawlabplatform/-/merge_requests/1527", "button"=>""}
GitlabService using token: ZLZQKBfREcp... (length: 45)
Completed 500 Internal Server Error in 2033ms (ActiveRecord: 0.0ms | Allocations: 5195)


  
NoMethodError (undefined method `position' for an instance of Gitlab::ObjectifiedHash):
  
app/services/gitlab_service.rb:64:in `block (2 levels) in format_discussions'
app/services/gitlab_service.rb:53:in `each'
app/services/gitlab_service.rb:53:in `block in format_discussions'
app/services/gitlab_service.rb:52:in `format_discussions'
app/services/gitlab_service.rb:21:in `export_merge_request_feedback'
app/controllers/exports_controller.rb:22:in `create'
Started POST "/exports" for 172.21.0.1 at 2025-11-06 10:44:43 +0000
Processing by ExportsController#create as HTML
  Parameters: {"authenticity_token"=>"[FILTERED]", "mr_url"=>"https://gitlab.innovationlawlab.org/ILL/lawlabplatform/-/merge_requests/1527", "button"=>""}
GitlabService using token: ZLZQKBfREcp... (length: 45)
  [1m[36mTRANSACTION (0.2ms)[0m  [1m[35mBEGIN[0m
  ↳ app/controllers/exports_controller.rb:24:in `create'
  [1m[36mExport Create (2.5ms)[0m  [1m[32mINSERT INTO "exports" ("mr_url", "mr_iid", "project_path", "mr_title", "mr_author", "mr_state", "data", "created_at", "updated_at") VALUES ($1, $2, $3, $4, $5, $6, $7, $8, $9) RETURNING "id"[0m  [["mr_url", "https://gitlab.innovationlawlab.org/ILL/lawlabplatform/-/merge_requests/1527"], ["mr_iid", 1527], ["project_path", "ILL/lawlabplatform"], ["mr_title", "Draft: feat: engagement letters templates and translations"], ["mr_author", "adrien"], ["mr_state", "opened"], ["data", "{\"project_path\":\"ILL/lawlabplatform\",\"mr_iid\":1527,\"merge_request\":{\"id\":1527,\"title\":\"Draft: feat: engagement letters templates and translations\",\"author\":\"adrien\",\"source_branch\":\"1485-categorize-engagement-letter\",\"target_branch\":\"alpha\",\"state\":\"opened\",\"web_url\":\"https://gitlab.innovationlawlab.org/ILL/lawlabplatform/-/merge_requests/1527\"},\"feedback\":[{\"id\":58812,\"discussion_id\":\"fa9c686bd31b8f3459561b98f66b7eda5904ab01\",\"author\":\"adrien\",\"created_at\":\"2025-09-19T01:19:57.713-07:00\",\"updated_at\":\"2025-09-19T01:19:57.716-07:00\",\"body\":\"assigned to @adrien\",\"resolved\":false,\"resolvable\":false,\"type\":null,\"file\":null,\"line\":null,\"line_type\":\"old\"},{\"id\":58820,\"discussion_id\":\"b21a8c0c92fe17f39390836f4a98858c0b8396ba\",\"author\":\"adrien\",\"created_at\":\"2025-09-19T06:25:06.185-07:00\",\"updated_at\":\"2025-09-19T06:25:06.301-07:00\",\"body\":\"added 1 commit\\n\\n\\u003cul\\u003e\\u003cli\\u003e09dca6f7 - tmp: remove categories + use actions\\u003c/li\\u003e\\u003c/ul\\u003e\\n\\n[Compare with previous version](/ILL/lawlabplatform/-/merge_requests/1527/diffs?diff_id=22811\\u0026start_sha=6403e260c85b4d5e7d6c14f8011b580337526d27)\",\"resolved\":false,\"resolvable\":false,\"type\":null,\"file\":null,\"line\":null,\"line_type\":\"old\"},{\"id\":58821,\"discussion_id\":\"ab250df01c87e2e2d4ac9d0b199034d48b4e89ca\",\"author\":\"adrien\",\"created_at\":\"2025-09-19T07:41:07.054-07:00\",\"updated_at\":\"2025-09-19T07:41:07.101-07:00\",\"body\":\"added 1 commit\\n\\n\\u003cul\\u003e\\u003cli\\u003e7cb34f6b - tmp: fix migrations\\u003c/li\\u003e\\u003c/ul\\u003e\\n\\n[Compare with previous version](/ILL/lawlabplatform/-/merge_requests/1527/diffs?diff_id=22813\\u0026start_sha=09dca6f7e9f19f952e91cc9122747cadce2bc927)\",\"resolved\":false,\"resolvable\":false,\"type\":null,\"file\":null,\"line\":null,\"line_type\":\"old\"},{\"id\":58822,\"discussion_id\":\"50eca3dae8b4a114d507b4ee6a1d880c063c5f47\",\"author\":\"adrien\",\"created_at\":\"2025-09-19T08:07:13.202-07:00\",\"updated_at\":\"2025-09-19T08:07:13.233-07:00\",\"body\":\"added 1 commit\\n\\n\\u003cul\\u003e\\u003cli\\u003ef319fdac - tmp: fix auth scope\\u003c/li\\u003e\\u003c/ul\\u003e\\n\\n[Compare with previous version](/ILL/lawlabplatform/-/merge_requests/1527/diffs?diff_id=22814\\u0026start_sha=7cb34f6bda664f337e4c3e8d6c165cdd661c461b)\",\"resolved\":false,\"resolvable\":false,\"type\":null,\"file\":null,\"line\":null,\"line_type\":\"old\"},{\"id\":58826,\"discussion_id\":\"f804dcfa865af37cf8cfdd3852f7b2667d61525d\",\"author\":\"adrien\",\"created_at\":\"2025-09-22T07:11:44.256-07:00\",\"updated_at\":\"2025-09-22T07:11:44.266-07:00\",\"body\":\"added 1 commit\\n\\n\\u003cul\\u003e\\u003cli\\u003e9a3da4e4 - tmp: improv ui and fix template changing hiding form\\u003c/li\\u003e\\u003c/ul\\u003e\\n\\n[Compare with previous version](/ILL/lawlabplatform/-/merge_requests/1527/diffs?diff_id=22817\\u0026start_sha=f319fdac51a6e15d758688197e5b373a063466b3)\",\"resolved\":false,\"resolvable\":false,\"type\":null,\"file\":null,\"line\":null,\"line_type\":\"old\"},{\"id\":58829,\"discussion_id\":\"17d75220e815aaed2cfe2c092f723a767584b823\",\"author\":\"adrien\",\"created_at\":\"2025-09-22T08:38:39.789-07:00\",\"updated_at\":\"2025-09-22T08:38:39.824-07:00\",\"body\":\"added 1 commit\\n\\n\\u003cul\\u003e\\u003cli\\u003e1fe96285 - tmp: lean code\\u003c/li\\u003e\\u003c/ul\\u003e\\n\\n[Compare with previous version](/ILL/lawlabplatform/-/merge_requests/1527/diffs?diff_id=22819\\u0026start_sha=9a3da4e4aa40a3a7062cb417a7f932dfb7fba944)\",\"resolved\":false,\"resolvable\":false,\"type\":null,\"file\":null,\"line\":null,\"line_type\":\"old\"},{\"id\":58870,\"discussion_id\":\"43a4cf2d58c3f7b2c7638f8db398cf07bc54959c\",\"author\":\"adrien\",\"created_at\":\"2025-09-24T07:48:43.804-07:00\",\"updated_at\":\"2025-09-24T07:48:43.807-07:00\",\"body\":\"added 1 commit\\n\\n\\u003cul\\u003e\\u003cli\\u003e741275c3 - tmp: lint\\u003c/li\\u003e\\u003c/ul\\u003e\\n\\n[Compare with previous version](/ILL/lawlabplatform/-/merge_requests/1527/diffs?diff_id=22840\\u0026start_sha=1fe96285326f9c1634c4aa6a498e59eb80d59b16)\",\"resolved\":false,\"resolvable\":false,\"type\":null,\"file\":null,\"line\":null,\"line_type\":\"old\"},{\"id\":58898,\"discussion_id\":\"71ae5edc5f0d9206537c28e4b0bd433fe86b9779\",\"author\":\"adrien\",\"created_at\":\"2025-09-26T06:57:32.696-07:00\",\"updated_at\":\"2025-09-26T06:57:32.700-07:00\",\"body\":\"added 1 commit\\n\\n\\u003cul\\u003e\\u003cli\\u003e7b6a07a4 - tmp: hide actions while loading\\u003c/li\\u003e\\u003c/ul\\u003e\\n\\n[Compare with previous version](/ILL/lawlabplatform/-/merge_requests/1527/diffs?diff_id=22863\\u0026start_sha=741275c3c891a2ab1676a87503443187b45ebc41)\",\"resolved\":false,\"resolvable\":false,\"type\":null,\"file\":null,\"line\":null,\"line_type\":\"old\"},{\"id\":58899,\"discussion_id\":\"0f31f09cfe41881a5b0bf0172c1c166b817d2e95\",\"author\":\"adrien\",\"created_at\":\"2025-09-26T07:59:03.591-07:00\",\"updated_at\":\"2025-09-26T07:59:03.599-07:00\",\"body\":\"added 1 commit\\n\\n\\u003cul\\u003e\\u003cli\\u003e592cd82c - tmp: personal first CR\\u003c/li\\u003e\\u003c/ul\\u003e\\n\\n[Compare with previous version](/ILL/lawlabplatform/-/merge_requests/1527/diffs?diff_id=22865\\u0026start_sha=7b6a07a48660c58f434af7ef5e8d59d1bcf0038c)\",\"resolved\":false,\"resolvable\":false,\"type\":null,\"file\":null,\"line\":null,\"line_type\":\"old\"},{\"id\":58909,\"discussion_id\":\"bdb8c435a2c896ce3cb18afafce4124358021529\",\"author\":\"adrien\",\"created_at\":\"2025-09-26T08:45:49.682-07:00\",\"updated_at\":\"2025-09-26T08:45:49.686-07:00\",\"body\":\"requested review from @david\",\"resolved\":false,\"resolvable\":false,\"type\":null,\"file\":null,\"line\":null,\"line_type\":\"old\"},{\"id\":59008,\"discussion_id\":\"4efa936b068a2bcaf8e6f683c4178b68b44a6d1b\",\"author\":\"adrien\",\"created_at\":\"2025-10-01T11:27:06.572-07:00\",\"updated_at\":\"2025-10-01T11:27:06.582-07:00\",\"body\":\"added 3 commits\\n\\n\\u003cul\\u003e\\u003cli\\u003eac98213d - tmp: fix record creation with letter\\u003c/li\\u003e\\u003cli\\u003eaedf059e - build: update rubocop config\\u003c/li\\u003e\\u003cli\\u003e06df1158 - tmp: improv record engagement letter\\u003c/li\\u003e\\u003c/ul\\u003e\\n\\n[Compare with previous version](/ILL/lawlabplatform/-/merge_requests/1527/diffs?diff_id=22919\\u0026start_sha=592cd82c669365e98e0c3a7dae6fd7d6c5a6ba61)\",\"resolved\":false,\"resolvable\":false,\"type\":null,\"file\":null,\"line\":null,\"line_type\":\"old\"},{\"id\":59109,\"discussion_id\":\"50c1e9ca1073934a0ba78e8e65e28a641f660869\",\"author\":\"david\",\"created_at\":\"2025-10-10T21:55:12.325-07:00\",\"updated_at\":\"2025-10-10T21:55:12.325-07:00\",\"body\":\"be aware that the actions should always get the \\n- consumer user\\n- request params\\n\\nI placed as a rule the params require/permit to be in the actions, \\nsince they behave as a middle point between a controller method and the service\\n\\ncontroller method =\\u003e action =\\u003e service\\n\\nalways open minded about different ideas\",\"resolved\":false,\"resolvable\":true,\"type\":\"DiffNote\",\"file\":\"app/actions/engagement_letter_template/create.rb\",\"line\":43,\"line_type\":\"new\"},{\"id\":59110,\"discussion_id\":\"ab43ef9fdac886b7a60ff8ddc91979b4174ca624\",\"author\":\"david\",\"created_at\":\"2025-10-10T22:05:35.317-07:00\",\"updated_at\":\"2025-10-10T22:05:35.317-07:00\",\"body\":\"we use category to group actions, please make it more user friendly\",\"resolved\":false,\"resolvable\":true,\"type\":\"DiffNote\",\"file\":\"app/actions/engagement_letter_template/base.rb\",\"line\":9,\"line_type\":\"new\"},{\"id\":59111,\"discussion_id\":\"e4cd79a9e0f8e8b092d230127d437abc722933d7\",\"author\":\"david\",\"created_at\":\"2025-10-10T22:05:35.550-07:00\",\"updated_at\":\"2025-10-10T22:05:35.550-07:00\",\"body\":\"no need true, since destroy! explodes or returns true\",\"resolved\":false,\"resolvable\":true,\"type\":\"DiffNote\",\"file\":\"app/actions/engagement_letter_template/destroy.rb\",\"line\":53,\"line_type\":\"new\"},{\"id\":59112,\"discussion_id\":\"a903b1987ecf6480d42d46157da026d23aa28f1d\",\"author\":\"david\",\"created_at\":\"2025-10-10T22:05:35.710-07:00\",\"updated_at\":\"2025-10-10T22:05:35.710-07:00\",\"body\":\"since we have almost all the catches for Active record errors, we should `update!`\",\"resolved\":false,\"resolvable\":true,\"type\":\"DiffNote\",\"file\":\"app/actions/engagement_letter_template/update.rb\",\"line\":49,\"line_type\":\"new\"},{\"id\":59113,\"discussion_id\":\"6ac05f8c966f356f9296fe5dfd9c3b3e037ed832\",\"author\":\"david\",\"created_at\":\"2025-10-10T22:05:35.868-07:00\",\"updated_at\":\"2025-10-10T22:05:35.868-07:00\",\"body\":\"no need since base already does this\",\"resolved\":false,\"resolvable\":true,\"type\":\"DiffNote\",\"file\":\"app/actions/public/engagement_letter/base.rb\",\"line\":36,\"line_type\":\"new\"},{\"id\":59114,\"discussion_id\":\"8baf150e1bf1171f174fcd473d1d69bd8532d9db\",\"author\":\"david\",\"created_at\":\"2025-10-10T22:05:35.993-07:00\",\"updated_at\":\"2025-10-10T22:05:35.993-07:00\",\"body\":\"if default value is `true` no need to implement this function\",\"resolved\":false,\"resolvable\":true,\"type\":\"DiffNote\",\"file\":\"app/actions/public/engagement_letter/base.rb\",\"line\":12,\"line_type\":\"new\"},{\"id\":59115,\"discussion_id\":\"e58bdd28fd7f0f7ab39ef614d4ea227a1746d7c7\",\"author\":\"david\",\"created_at\":\"2025-10-10T22:05:36.115-07:00\",\"updated_at\":\"2025-10-10T22:05:36.115-07:00\",\"body\":\"question!\\n\\nsince is independent from any team, should we make it a platform permission, or we create a new namespace called `public` where we place all the publicly available actions?\",\"resolved\":false,\"resolvable\":true,\"type\":\"DiffNote\",\"file\":\"app/actions/public/engagement_letter/base.rb\",\"line\":28,\"line_type\":\"new\"},{\"id\":59116,\"discussion_id\":\"33f4d2308db76d3a946981bdf742c6bd03e5d9bc\",\"author\":\"david\",\"created_at\":\"2025-10-10T22:05:36.269-07:00\",\"updated_at\":\"2025-10-10T22:05:36.269-07:00\",\"body\":\"base already does this\",\"resolved\":false,\"resolvable\":true,\"type\":\"DiffNote\",\"file\":\"app/actions/public/engagement_letter/session.rb\",\"line\":16,\"line_type\":\"new\"},{\"id\":59117,\"discussion_id\":\"0a639d5901c8ebf1ad791de036494170a68a95f8\",\"author\":\"david\",\"created_at\":\"2025-10-10T22:05:36.426-07:00\",\"updated_at\":\"2025-10-10T22:05:36.426-07:00\",\"body\":\"base does this\",\"resolved\":false,\"resolvable\":true,\"type\":\"DiffNote\",\"file\":\"app/actions/public/engagement_letter/update.rb\",\"line\":16,\"line_type\":\"new\"}]}"], ["created_at", "2025-11-06 10:44:46.058444"], ["updated_at", "2025-11-06 10:44:46.058444"]]
  ↳ app/controllers/exports_controller.rb:24:in `create'
  [1m[36mTRANSACTION (1.6ms)[0m  [1m[35mCOMMIT[0m
  ↳ app/controllers/exports_controller.rb:24:in `create'
Redirected to http://localhost:3000/exports/1
Completed 302 Found in 2371ms (ActiveRecord: 10.7ms | Allocations: 24978)


Started GET "/exports/1" for 172.21.0.1 at 2025-11-06 10:44:46 +0000
Processing by ExportsController#show as HTML
  Parameters: {"id"=>"1"}
  [1m[36mExport Load (0.5ms)[0m  [1m[34mSELECT "exports".* FROM "exports" WHERE "exports"."id" = $1 LIMIT $2[0m  [["id", 1], ["LIMIT", 1]]
  ↳ app/controllers/exports_controller.rb:7:in `show'
  Rendering layout layouts/application.html.erb
  Rendering exports/show.html.erb within layouts/application
  Rendered exports/show.html.erb within layouts/application (Duration: 2.2ms | Allocations: 1955)
  Rendered layout layouts/application.html.erb (Duration: 3.8ms | Allocations: 2849)
Completed 200 OK in 13ms (Views: 5.1ms | ActiveRecord: 0.7ms | Allocations: 6295)


Started GET "/stylesheets/application.css" for 172.21.0.1 at 2025-11-06 10:44:46 +0000
  
ActionController::RoutingError (No route matches [GET] "/stylesheets/application.css"):
  
Started POST "/exports" for 172.21.0.1 at 2025-11-06 10:46:09 +0000
Processing by ExportsController#create as HTML
  Parameters: {"authenticity_token"=>"[FILTERED]", "mr_url"=>"https://gitlab.innovationlawlab.org/ILL/lawlabplatform/-/merge_requests/1527", "button"=>""}
GitlabService using token: ZLZQKBfREcp... (length: 45)
  [1m[36mTRANSACTION (0.1ms)[0m  [1m[35mBEGIN[0m
  ↳ app/controllers/exports_controller.rb:24:in `create'
  [1m[36mExport Create (1.2ms)[0m  [1m[32mINSERT INTO "exports" ("mr_url", "mr_iid", "project_path", "mr_title", "mr_author", "mr_state", "data", "created_at", "updated_at") VALUES ($1, $2, $3, $4, $5, $6, $7, $8, $9) RETURNING "id"[0m  [["mr_url", "https://gitlab.innovationlawlab.org/ILL/lawlabplatform/-/merge_requests/1527"], ["mr_iid", 1527], ["project_path", "ILL/lawlabplatform"], ["mr_title", "Draft: feat: engagement letters templates and translations"], ["mr_author", "adrien"], ["mr_state", "opened"], ["data", "{\"project_path\":\"ILL/lawlabplatform\",\"mr_iid\":1527,\"merge_request\":{\"id\":1527,\"title\":\"Draft: feat: engagement letters templates and translations\",\"author\":\"adrien\",\"source_branch\":\"1485-categorize-engagement-letter\",\"target_branch\":\"alpha\",\"state\":\"opened\",\"web_url\":\"https://gitlab.innovationlawlab.org/ILL/lawlabplatform/-/merge_requests/1527\"},\"feedback\":[{\"author\":\"david\",\"body\":\"be aware that the actions should always get the \\n- consumer user\\n- request params\\n\\nI placed as a rule the params require/permit to be in the actions, \\nsince they behave as a middle point between a controller method and the service\\n\\ncontroller method =\\u003e action =\\u003e service\\n\\nalways open minded about different ideas\",\"file\":\"app/actions/engagement_letter_template/create.rb\",\"line\":43},{\"author\":\"david\",\"body\":\"we use category to group actions, please make it more user friendly\",\"file\":\"app/actions/engagement_letter_template/base.rb\",\"line\":9},{\"author\":\"david\",\"body\":\"no need true, since destroy! explodes or returns true\",\"file\":\"app/actions/engagement_letter_template/destroy.rb\",\"line\":53},{\"author\":\"david\",\"body\":\"since we have almost all the catches for Active record errors, we should `update!`\",\"file\":\"app/actions/engagement_letter_template/update.rb\",\"line\":49},{\"author\":\"david\",\"body\":\"no need since base already does this\",\"file\":\"app/actions/public/engagement_letter/base.rb\",\"line\":36},{\"author\":\"david\",\"body\":\"if default value is `true` no need to implement this function\",\"file\":\"app/actions/public/engagement_letter/base.rb\",\"line\":12},{\"author\":\"david\",\"body\":\"question!\\n\\nsince is independent from any team, should we make it a platform permission, or we create a new namespace called `public` where we place all the publicly available actions?\",\"file\":\"app/actions/public/engagement_letter/base.rb\",\"line\":28},{\"author\":\"david\",\"body\":\"base already does this\",\"file\":\"app/actions/public/engagement_letter/session.rb\",\"line\":16},{\"author\":\"david\",\"body\":\"base does this\",\"file\":\"app/actions/public/engagement_letter/update.rb\",\"line\":16}]}"], ["created_at", "2025-11-06 10:46:11.721873"], ["updated_at", "2025-11-06 10:46:11.721873"]]
  ↳ app/controllers/exports_controller.rb:24:in `create'
  [1m[36mTRANSACTION (8.8ms)[0m  [1m[35mCOMMIT[0m
  ↳ app/controllers/exports_controller.rb:24:in `create'
Redirected to http://localhost:3000/exports/2
Completed 302 Found in 2084ms (ActiveRecord: 13.0ms | Allocations: 11978)


Started GET "/exports/2" for 172.21.0.1 at 2025-11-06 10:46:11 +0000
Processing by ExportsController#show as HTML
  Parameters: {"id"=>"2"}
  [1m[36mExport Load (0.4ms)[0m  [1m[34mSELECT "exports".* FROM "exports" WHERE "exports"."id" = $1 LIMIT $2[0m  [["id", 2], ["LIMIT", 1]]
  ↳ app/controllers/exports_controller.rb:7:in `show'
  Rendering layout layouts/application.html.erb
  Rendering exports/show.html.erb within layouts/application
  Rendered exports/show.html.erb within layouts/application (Duration: 1.2ms | Allocations: 732)
  Rendered layout layouts/application.html.erb (Duration: 1.3ms | Allocations: 820)
Completed 500 Internal Server Error in 5ms (ActiveRecord: 0.4ms | Allocations: 2214)


  
ActionView::Template::Error (no implicit conversion of nil into String):
    14:     <div class="feedback-item">
    15:       <div class="feedback-meta">
    16:         <strong><%= item['author'] %></strong> •
    17:         <%= Time.parse(item['created_at']).strftime('%Y-%m-%d %H:%M') %>
    18:         <% if item['resolvable'] %>
    19:           <span class="badge <%= item['resolved'] ? 'resolved' : 'unresolved' %>">
    20:             <%= item['resolved'] ? 'Resolved' : 'Unresolved' %>
  
app/views/exports/show.html.erb:17
app/views/exports/show.html.erb:13:in `each'
app/views/exports/show.html.erb:13
Started GET "/exports/2" for 172.21.0.1 at 2025-11-06 10:47:38 +0000
Processing by ExportsController#show as HTML
  Parameters: {"id"=>"2"}
  [1m[36mExport Load (0.2ms)[0m  [1m[34mSELECT "exports".* FROM "exports" WHERE "exports"."id" = $1 LIMIT $2[0m  [["id", 2], ["LIMIT", 1]]
  ↳ app/controllers/exports_controller.rb:7:in `show'
  Rendering layout layouts/application.html.erb
  Rendering exports/show.html.erb within layouts/application
  Rendered exports/show.html.erb within layouts/application (Duration: 0.6ms | Allocations: 559)
  Rendered layout layouts/application.html.erb (Duration: 1.3ms | Allocations: 1465)
Completed 200 OK in 7ms (Views: 1.9ms | ActiveRecord: 1.7ms | Allocations: 7550)


Started GET "/stylesheets/application.css" for 172.21.0.1 at 2025-11-06 10:47:38 +0000
  
ActionController::RoutingError (No route matches [GET] "/stylesheets/application.css"):
  
Started GET "/exports/2" for 172.21.0.1 at 2025-11-06 10:50:15 +0000
Processing by ExportsController#show as HTML
  Parameters: {"id"=>"2"}
  [1m[36mExport Load (0.1ms)[0m  [1m[34mSELECT "exports".* FROM "exports" WHERE "exports"."id" = $1 LIMIT $2[0m  [["id", 2], ["LIMIT", 1]]
  ↳ app/controllers/exports_controller.rb:7:in `show'
  Rendering layout layouts/application.html.erb
  Rendering exports/show.html.erb within layouts/application
  Rendered exports/show.html.erb within layouts/application (Duration: 0.4ms | Allocations: 621)
  Rendered layout layouts/application.html.erb (Duration: 0.9ms | Allocations: 1492)
Completed 200 OK in 6ms (Views: 1.3ms | ActiveRecord: 1.5ms | Allocations: 7577)


Started GET "/exports" for 172.21.0.1 at 2025-11-06 10:50:20 +0000
Processing by ExportsController#index as HTML
  Rendering layout layouts/application.html.erb
  Rendering exports/index.html.erb within layouts/application
  [1m[36mExport Exists? (0.2ms)[0m  [1m[34mSELECT 1 AS one FROM "exports" LIMIT $1[0m  [["LIMIT", 1]]
  ↳ app/views/exports/index.html.erb:6
  [1m[36mExport Load (0.6ms)[0m  [1m[34mSELECT "exports".* FROM "exports" ORDER BY "exports"."created_at" DESC[0m
  ↳ app/views/exports/index.html.erb:21
  Rendered exports/index.html.erb within layouts/application (Duration: 3.2ms | Allocations: 1706)
  Rendered layout layouts/application.html.erb (Duration: 4.0ms | Allocations: 2281)
Completed 200 OK in 5ms (Views: 3.5ms | ActiveRecord: 0.8ms | Allocations: 2664)


Started GET "/exports/new" for 172.21.0.1 at 2025-11-06 10:55:48 +0000
Processing by ExportsController#new as HTML
  Rendering layout layouts/application.html.erb
  Rendering exports/new.html.erb within layouts/application
  Rendered exports/new.html.erb within layouts/application (Duration: 0.7ms | Allocations: 896)
  Rendered layout layouts/application.html.erb (Duration: 1.2ms | Allocations: 1323)
Completed 200 OK in 2ms (Views: 1.7ms | ActiveRecord: 0.0ms | Allocations: 2152)


Started POST "/exports" for 172.21.0.1 at 2025-11-06 10:55:50 +0000
Processing by ExportsController#create as HTML
  Parameters: {"authenticity_token"=>"[FILTERED]", "mr_url"=>"https://gitlab.innovationlawlab.org/ILL/lawlabplatform/-/merge_requests/1527", "button"=>""}
GitlabService using token: ZLZQKBfREcp... (length: 45)
  [1m[36mTRANSACTION (0.3ms)[0m  [1m[35mBEGIN[0m
  ↳ app/controllers/exports_controller.rb:24:in `create'
  [1m[36mExport Create (1.9ms)[0m  [1m[32mINSERT INTO "exports" ("mr_url", "mr_iid", "project_path", "mr_title", "mr_author", "mr_state", "data", "created_at", "updated_at") VALUES ($1, $2, $3, $4, $5, $6, $7, $8, $9) RETURNING "id"[0m  [["mr_url", "https://gitlab.innovationlawlab.org/ILL/lawlabplatform/-/merge_requests/1527"], ["mr_iid", 1527], ["project_path", "ILL/lawlabplatform"], ["mr_title", "Draft: feat: engagement letters templates and translations"], ["mr_author", "adrien"], ["mr_state", "opened"], ["data", "{\"project_path\":\"ILL/lawlabplatform\",\"mr_iid\":1527,\"merge_request\":{\"id\":1527,\"title\":\"Draft: feat: engagement letters templates and translations\",\"author\":\"adrien\",\"source_branch\":\"1485-categorize-engagement-letter\",\"target_branch\":\"alpha\",\"state\":\"opened\",\"web_url\":\"https://gitlab.innovationlawlab.org/ILL/lawlabplatform/-/merge_requests/1527\"},\"feedback\":[{\"author\":\"david\",\"body\":\"be aware that the actions should always get the \\n- consumer user\\n- request params\\n\\nI placed as a rule the params require/permit to be in the actions, \\nsince they behave as a middle point between a controller method and the service\\n\\ncontroller method =\\u003e action =\\u003e service\\n\\nalways open minded about different ideas\",\"file\":\"app/actions/engagement_letter_template/create.rb\",\"line\":43},{\"author\":\"david\",\"body\":\"we use category to group actions, please make it more user friendly\",\"file\":\"app/actions/engagement_letter_template/base.rb\",\"line\":9},{\"author\":\"david\",\"body\":\"no need true, since destroy! explodes or returns true\",\"file\":\"app/actions/engagement_letter_template/destroy.rb\",\"line\":53},{\"author\":\"david\",\"body\":\"since we have almost all the catches for Active record errors, we should `update!`\",\"file\":\"app/actions/engagement_letter_template/update.rb\",\"line\":49},{\"author\":\"david\",\"body\":\"no need since base already does this\",\"file\":\"app/actions/public/engagement_letter/base.rb\",\"line\":36},{\"author\":\"david\",\"body\":\"if default value is `true` no need to implement this function\",\"file\":\"app/actions/public/engagement_letter/base.rb\",\"line\":12},{\"author\":\"david\",\"body\":\"question!\\n\\nsince is independent from any team, should we make it a platform permission, or we create a new namespace called `public` where we place all the publicly available actions?\",\"file\":\"app/actions/public/engagement_letter/base.rb\",\"line\":28},{\"author\":\"david\",\"body\":\"base already does this\",\"file\":\"app/actions/public/engagement_letter/session.rb\",\"line\":16},{\"author\":\"david\",\"body\":\"base does this\",\"file\":\"app/actions/public/engagement_letter/update.rb\",\"line\":16}]}"], ["created_at", "2025-11-06 10:55:52.544597"], ["updated_at", "2025-11-06 10:55:52.544597"]]
  ↳ app/controllers/exports_controller.rb:24:in `create'
  [1m[36mTRANSACTION (10.3ms)[0m  [1m[35mCOMMIT[0m
  ↳ app/controllers/exports_controller.rb:24:in `create'
Redirected to http://localhost:3000/exports/3
Completed 302 Found in 2163ms (ActiveRecord: 16.8ms | Allocations: 14866)


Started GET "/exports/3" for 172.21.0.1 at 2025-11-06 10:55:52 +0000
Processing by ExportsController#show as HTML
  Parameters: {"id"=>"3"}
  [1m[36mExport Load (0.5ms)[0m  [1m[34mSELECT "exports".* FROM "exports" WHERE "exports"."id" = $1 LIMIT $2[0m  [["id", 3], ["LIMIT", 1]]
  ↳ app/controllers/exports_controller.rb:7:in `show'
  Rendering layout layouts/application.html.erb
  Rendering exports/show.html.erb within layouts/application
  Rendered exports/show.html.erb within layouts/application (Duration: 1.2ms | Allocations: 658)
  Rendered layout layouts/application.html.erb (Duration: 2.2ms | Allocations: 1233)
Completed 200 OK in 6ms (Views: 2.6ms | ActiveRecord: 0.9ms | Allocations: 2190)


Started POST "/exports" for 172.21.0.1 at 2025-11-06 11:00:00 +0000
Processing by ExportsController#create as HTML
  Parameters: {"authenticity_token"=>"[FILTERED]", "mr_url"=>"https://gitlab.innovationlawlab.org/ILL/lawlabplatform/-/merge_requests/1527", "button"=>""}
GitlabService using token: ZLZQKBfREcp... (length: 45)
Redirected to http://localhost:3000/exports/new
Completed 302 Found in 958ms (ActiveRecord: 0.0ms | Allocations: 2403)


Started GET "/exports/new" for 172.21.0.1 at 2025-11-06 11:00:01 +0000
Processing by ExportsController#new as HTML
  Rendering layout layouts/application.html.erb
  Rendering exports/new.html.erb within layouts/application
  Rendered exports/new.html.erb within layouts/application (Duration: 1.1ms | Allocations: 907)
  Rendered layout layouts/application.html.erb (Duration: 1.7ms | Allocations: 1340)
Completed 200 OK in 3ms (Views: 2.6ms | ActiveRecord: 0.0ms | Allocations: 2136)


Started POST "/exports" for 172.21.0.1 at 2025-11-06 11:00:04 +0000
Processing by ExportsController#create as HTML
  Parameters: {"authenticity_token"=>"[FILTERED]", "mr_url"=>"https://gitlab.innovationlawlab.org/ILL/lawlabplatform/-/merge_requests/1527", "button"=>""}
GitlabService using token: ZLZQKBfREcp... (length: 45)
Redirected to http://localhost:3000/exports/new
Completed 302 Found in 1152ms (ActiveRecord: 0.0ms | Allocations: 1948)


Started GET "/exports/new" for 172.21.0.1 at 2025-11-06 11:00:05 +0000
Processing by ExportsController#new as HTML
  Rendering layout layouts/application.html.erb
  Rendering exports/new.html.erb within layouts/application
  Rendered exports/new.html.erb within layouts/application (Duration: 0.4ms | Allocations: 677)
  Rendered layout layouts/application.html.erb (Duration: 0.5ms | Allocations: 838)
Completed 200 OK in 1ms (Views: 0.7ms | ActiveRecord: 0.0ms | Allocations: 1044)


Started GET "/exports/new" for 172.21.0.1 at 2025-11-06 11:01:21 +0000
Processing by ExportsController#new as HTML
  Rendering layout layouts/application.html.erb
  Rendering exports/new.html.erb within layouts/application
  Rendered exports/new.html.erb within layouts/application (Duration: 0.7ms | Allocations: 918)
  Rendered layout layouts/application.html.erb (Duration: 1.0ms | Allocations: 1345)
Completed 200 OK in 2ms (Views: 1.6ms | ActiveRecord: 0.0ms | Allocations: 2177)


Started POST "/exports" for 172.21.0.1 at 2025-11-06 11:01:25 +0000
Processing by ExportsController#create as HTML
  Parameters: {"authenticity_token"=>"[FILTERED]", "mr_url"=>"https://gitlab.innovationlawlab.org/ILL/lawlabplatform/-/merge_requests/1527", "button"=>""}
GitlabService using token: ZLZQKBfREcp... (length: 45)
Completed 500 Internal Server Error in 4047ms (ActiveRecord: 0.0ms | Allocations: 11295)


  
NoMethodError (undefined method `new_line' for an instance of Gitlab::ObjectifiedHash):
  
app/services/gitlab_service.rb:61:in `block (2 levels) in format_discussions'
app/services/gitlab_service.rb:55:in `each'
app/services/gitlab_service.rb:55:in `block in format_discussions'
app/services/gitlab_service.rb:54:in `each'
app/services/gitlab_service.rb:54:in `format_discussions'
app/services/gitlab_service.rb:23:in `export_merge_request_feedback'
app/controllers/exports_controller.rb:22:in `create'
Started POST "/exports" for 172.21.0.1 at 2025-11-06 11:01:59 +0000
Processing by ExportsController#create as HTML
  Parameters: {"authenticity_token"=>"[FILTERED]", "mr_url"=>"https://gitlab.innovationlawlab.org/ILL/lawlabplatform/-/merge_requests/1527", "button"=>""}
GitlabService using token: ZLZQKBfREcp... (length: 45)
  [1m[36mTRANSACTION (0.3ms)[0m  [1m[35mBEGIN[0m
  ↳ app/controllers/exports_controller.rb:24:in `create'
  [1m[36mExport Create (2.0ms)[0m  [1m[32mINSERT INTO "exports" ("mr_url", "mr_iid", "project_path", "mr_title", "mr_author", "mr_state", "data", "created_at", "updated_at") VALUES ($1, $2, $3, $4, $5, $6, $7, $8, $9) RETURNING "id"[0m  [["mr_url", "https://gitlab.innovationlawlab.org/ILL/lawlabplatform/-/merge_requests/1527"], ["mr_iid", 1527], ["project_path", "ILL/lawlabplatform"], ["mr_title", "Draft: feat: engagement letters templates and translations"], ["mr_author", "adrien"], ["mr_state", "opened"], ["data", "{\"project_path\":\"ILL/lawlabplatform\",\"mr_iid\":1527,\"merge_request\":{\"id\":1527,\"title\":\"Draft: feat: engagement letters templates and translations\",\"author\":\"adrien\",\"source_branch\":\"1485-categorize-engagement-letter\",\"target_branch\":\"alpha\",\"state\":\"opened\",\"web_url\":\"https://gitlab.innovationlawlab.org/ILL/lawlabplatform/-/merge_requests/1527\"},\"feedback\":[{\"author\":\"david\",\"body\":\"be aware that the actions should always get the \\n- consumer user\\n- request params\\n\\nI placed as a rule the params require/permit to be in the actions, \\nsince they behave as a middle point between a controller method and the service\\n\\ncontroller method =\\u003e action =\\u003e service\\n\\nalways open minded about different ideas\",\"file\":\"app/actions/engagement_letter_template/create.rb\",\"line\":43},{\"author\":\"david\",\"body\":\"we use category to group actions, please make it more user friendly\",\"file\":\"app/actions/engagement_letter_template/base.rb\",\"line\":9},{\"author\":\"david\",\"body\":\"no need true, since destroy! explodes or returns true\",\"file\":\"app/actions/engagement_letter_template/destroy.rb\",\"line\":53},{\"author\":\"david\",\"body\":\"since we have almost all the catches for Active record errors, we should `update!`\",\"file\":\"app/actions/engagement_letter_template/update.rb\",\"line\":49},{\"author\":\"david\",\"body\":\"no need since base already does this\",\"file\":\"app/actions/public/engagement_letter/base.rb\",\"line\":36},{\"author\":\"david\",\"body\":\"if default value is `true` no need to implement this function\",\"file\":\"app/actions/public/engagement_letter/base.rb\",\"line\":12},{\"author\":\"david\",\"body\":\"question!\\n\\nsince is independent from any team, should we make it a platform permission, or we create a new namespace called `public` where we place all the publicly available actions?\",\"file\":\"app/actions/public/engagement_letter/base.rb\",\"line\":28},{\"author\":\"david\",\"body\":\"base already does this\",\"file\":\"app/actions/public/engagement_letter/session.rb\",\"line\":16},{\"author\":\"david\",\"body\":\"base does this\",\"file\":\"app/actions/public/engagement_letter/update.rb\",\"line\":16},{\"author\":\"david\",\"body\":\"why not instead of using an extra proc to assign a variable we do \\n\\n```suggestion:-5+0\\n  def send_letter\\n    render status: :ok, json: ActionDispatcher.\\n      with_user(current_user).\\n      dispatch(Action::LegalCase::EngagementLetter::Send, [params])\\n```\",\"file\":\"app/controllers/legal_cases/engagement_letters_controller.rb\",\"line\":9},{\"author\":\"david\",\"body\":\"when we do API based endpoints, we should use `with_api_key`\\n\\n```suggestion:-7+0\\nclass Public::EngagementLettersController \\u003c ActionController::API\\n  def session\\n    result = ActionDispatcher.\\n      with_api_key('\\u003cwhatever_you_think_you_need___or_nil\\u003e').\\n      dispatch(Action::Public::EngagementLetter::Session, [params])\\n\\n    render status: :ok, json: result\\n  end\\n```\",\"file\":\"app/controllers/public/engagement_letters_controller.rb\",\"line\":10},{\"author\":\"david\",\"body\":\"so far, but important changes that are needed while I finish the rest of the CR\",\"file\":null,\"line\":null},{\"author\":\"david\",\"body\":\"this controller is bypassing the permissions system.\",\"file\":\"app/controllers/engagement_letter_template_translations_controller.rb\",\"line\":null},{\"author\":\"david\",\"body\":\"this controller is bypassing the permissions system.\",\"file\":\"app/controllers/engagement_letter_templates_controller.rb\",\"line\":null},{\"author\":\"david\",\"body\":\"any reason for this? can't we make a conversion task/migration that would take care of old definitions on feature deploy?\",\"file\":\"app/controllers/legal_cases_controller.rb\",\"line\":146},{\"author\":\"david\",\"body\":\"wouldn't be more readable if it was a computed like\\n`showOrganizationWarning` ? just an opinion, no action needed.\",\"file\":\"app/javascript/packs/components/LegalCase/Editor/LegalCaseEditorEngagementLetter.vue\",\"line\":44},{\"author\":\"david\",\"body\":\"grouping order is \\n\\n```\\nvendor\\n\\nlocal\\n\\nnamespaces\\n\\ncomponents\\n```\",\"file\":\"app/javascript/packs/components/LegalCase/Editor/LegalCaseEditorEngagementLetter.vue\",\"line\":206},{\"author\":\"david\",\"body\":\"grouping order is \\n\\n```\\nvendor\\n\\nlocal\\n\\nnamespaces\\n\\ncomponents\\n```\\n\\nhttps://gitlab.innovationlawlab.org/ILL/lawlabplatform/-/wikis/Code-Guidelines#how-to-group-imports\",\"file\":\"app/javascript/packs/components/Settings/Tools/EngagementLetters/Templates/DeleteEngagementLetterTemplateDialog.vue\",\"line\":48},{\"author\":\"david\",\"body\":\"instead of this, why don't we use the error catch we have in the ApplicationController, and use the utility method `parseErrorResponseMessage` ?\",\"file\":\"app/javascript/packs/components/Settings/Tools/EngagementLetters/Templates/DeleteEngagementLetterTemplateDialog.vue\",\"line\":115},{\"author\":\"david\",\"body\":\"grouping order is \\n\\n```\\nvendor\\n\\nlocal\\n\\nnamespaces\\n\\ncomponents\\n```\",\"file\":\"app/javascript/packs/components/Settings/Tools/EngagementLetters/Templates/DeleteEngagementLetterTemplateTranslationDialog.vue\",\"line\":49},{\"author\":\"david\",\"body\":\"grouping order is \\n\\n```\\nvendor\\n\\nlocal\\n\\nnamespaces\\n\\ncomponents\\n```\\n\\nhttps://gitlab.innovationlawlab.org/ILL/lawlabplatform/-/wikis/Code-Guidelines#how-to-group-imports\",\"file\":\"app/javascript/packs/components/Settings/Tools/EngagementLetters/Templates/EngagementLetterTemplateDialog.vue\",\"line\":70},{\"author\":\"david\",\"body\":\"the way refs work, we should always verify if the ref was successful.\",\"file\":\"app/javascript/packs/components/Settings/Tools/EngagementLetters/Templates/EngagementLetterTemplateEditor.vue\",\"line\":91},{\"author\":\"david\",\"body\":\"grouping order is \\n\\n```\\nvendor\\n\\nlocal\\n\\nnamespaces\\n\\ncomponents\\n```\\n\\nhttps://gitlab.innovationlawlab.org/ILL/lawlabplatform/-/wikis/Code-Guidelines#how-to-group-imports\",\"file\":\"app/javascript/packs/components/Settings/Tools/EngagementLetters/Templates/EngagementLetterTemplateTranslationDialog.vue\",\"line\":76},{\"author\":\"david\",\"body\":\"since we're adopting vuelidade, any personal motif for it not to be used here?\",\"file\":\"app/javascript/packs/components/Settings/Tools/EngagementLetters/Templates/EngagementLetterTemplateTranslationDialog.vue\",\"line\":215},{\"author\":\"david\",\"body\":\"another wave of reviews :hugging:\",\"file\":null,\"line\":null},{\"author\":\"david\",\"body\":\"vuelidate instead?\",\"file\":\"app/javascript/packs/components/Shared/Templates/TemplateDialog.vue\",\"line\":258},{\"author\":\"david\",\"body\":\"we should always be aware that $refs[prop] might be null\",\"file\":\"app/javascript/packs/components/Shared/Templates/TemplateDialog.vue\",\"line\":282},{\"author\":\"david\",\"body\":\"I think there is an utility for this\",\"file\":\"app/javascript/packs/components/Shared/Templates/TemplateVariableHelper.vue\",\"line\":197},{\"author\":\"david\",\"body\":\"is this the one used in settings? if so, should be in settings namespace right?\",\"file\":\"app/javascript/packs/store/engagement-letter-template/index.js\",\"line\":null},{\"author\":\"david\",\"body\":\"no action needed, why not using same strategy on both? :grin:\",\"file\":\"app/javascript/packs/store/engagement-letter-template/index.js\",\"line\":30},{\"author\":\"david\",\"body\":\"no action needed.\\n\\nIsn't more readable if \\n\\n```suggestion:-9+0\\n  return axiosRequest.get('/engagement_letter_templates', { params }).\\n    then(({ data }) =\\u003e {\\n      commit('setEngagementLetterTemplates', data)\\n      return data\\n    }).\\n    catch(error =\\u003e handleError(error)).\\n    finally(() =\\u003e commit('setLoading', false))\\n}\\n```\\n\\nI don't think you need to throw error, since if you subscribe to this action, you can catch it in the component still.\",\"file\":\"app/javascript/packs/store/engagement-letter-template/index.js\",\"line\":77},{\"author\":\"david\",\"body\":\"please try to keep the namespace definitions at the top after imports as most of the store modules, for easier reading by finding it already in the expected spot.\",\"file\":\"app/javascript/packs/store/shared-templates/index.js\",\"line\":14},{\"author\":\"david\",\"body\":\"since we're safe guarding against undefined, should we check also if it is an array?\",\"file\":\"app/javascript/packs/store/shared-templates/mutations.js\",\"line\":11},{\"author\":\"david\",\"body\":\"that's why we don't export default the store and make it two objects, so we can have all the module imports as \\n\\n`import { \\u003cNAMESPACE\\u003e, module } from ...`\",\"file\":\"app/javascript/packs/store/index.js\",\"line\":22},{\"author\":\"david\",\"body\":\"that's why we don't export default the store and make it two objects, so we can have all the module imports as \\n\\n`import { \\u003cNAMESPACE\\u003e, module } from ...`\",\"file\":\"app/javascript/packs/store/index.js\",\"line\":40},{\"author\":\"david\",\"body\":\"grouping order is \\n\\n```\\nvendor\\n\\nlocal\\n\\nnamespaces\\n\\ncomponents\\n```\\n\\nhttps://gitlab.innovationlawlab.org/ILL/lawlabplatform/-/wikis/Code-Guidelines#how-to-group-imports\",\"file\":\"app/javascript/packs/views/settings/EngagementLetterTemplateDataList.vue\",\"line\":188},{\"author\":\"david\",\"body\":\"grouping order is \\n\\n```\\nvendor\\n\\nlocal\\n\\nnamespaces\\n\\ncomponents\\n```\\n\\nhttps://gitlab.innovationlawlab.org/ILL/lawlabplatform/-/wikis/Code-Guidelines#how-to-group-imports\",\"file\":\"app/javascript/packs/views/settings/EngagementLetterTemplateDataListWorking.vue\",\"line\":154},{\"author\":\"david\",\"body\":\"shouldn't this import be made in the `setup()` ?\",\"file\":\"app/javascript/packs/views/settings/EngagementLetterTemplateDataListWorking.vue\",\"line\":255},{\"author\":\"david\",\"body\":\"can we guarantee that in all the instances, the foreign_key has this name? `fk_rails_1eab6264fb`\",\"file\":\"db/migrate/20250918140933_fix_engagement_letter_template_foreign_key.rb\",\"line\":4},{\"author\":\"david\",\"body\":\"I think this is the last wave :grin:\",\"file\":null,\"line\":null}]}"], ["created_at", "2025-11-06 11:02:03.358785"], ["updated_at", "2025-11-06 11:02:03.358785"]]
  ↳ app/controllers/exports_controller.rb:24:in `create'
  [1m[36mTRANSACTION (10.0ms)[0m  [1m[35mCOMMIT[0m
  ↳ app/controllers/exports_controller.rb:24:in `create'
Redirected to http://localhost:3000/exports/4
Completed 302 Found in 4094ms (ActiveRecord: 17.3ms | Allocations: 19296)


Started GET "/exports/4" for 172.21.0.1 at 2025-11-06 11:02:03 +0000
Processing by ExportsController#show as HTML
  Parameters: {"id"=>"4"}
  [1m[36mExport Load (0.3ms)[0m  [1m[34mSELECT "exports".* FROM "exports" WHERE "exports"."id" = $1 LIMIT $2[0m  [["id", 4], ["LIMIT", 1]]
  ↳ app/controllers/exports_controller.rb:7:in `show'
  Rendering layout layouts/application.html.erb
  Rendering exports/show.html.erb within layouts/application
  Rendered exports/show.html.erb within layouts/application (Duration: 0.5ms | Allocations: 916)
  Rendered layout layouts/application.html.erb (Duration: 1.2ms | Allocations: 1788)
Completed 200 OK in 3ms (Views: 2.1ms | ActiveRecord: 0.3ms | Allocations: 3186)


Started GET "/exports/4.json" for 172.21.0.1 at 2025-11-06 11:03:43 +0000
Processing by ExportsController#show as JSON
  Parameters: {"id"=>"4"}
  [1m[36mExport Load (0.2ms)[0m  [1m[34mSELECT "exports".* FROM "exports" WHERE "exports"."id" = $1 LIMIT $2[0m  [["id", 4], ["LIMIT", 1]]
  ↳ app/controllers/exports_controller.rb:11:in `show'
Completed 200 OK in 9ms (Views: 0.9ms | ActiveRecord: 1.7ms | Allocations: 5812)


Started GET "/exports/4.json" for 172.21.0.1 at 2025-11-06 11:04:19 +0000
Processing by ExportsController#show as JSON
  Parameters: {"id"=>"4"}
  [1m[36mExport Load (0.6ms)[0m  [1m[34mSELECT "exports".* FROM "exports" WHERE "exports"."id" = $1 LIMIT $2[0m  [["id", 4], ["LIMIT", 1]]
  ↳ app/controllers/exports_controller.rb:11:in `show'
Completed 200 OK in 4ms (Views: 1.3ms | ActiveRecord: 0.6ms | Allocations: 824)


Started GET "/exports/4.json" for 172.21.0.1 at 2025-11-06 11:08:17 +0000
Processing by ExportsController#show as JSON
  Parameters: {"id"=>"4"}
  [1m[36mExport Load (0.3ms)[0m  [1m[34mSELECT "exports".* FROM "exports" WHERE "exports"."id" = $1 LIMIT $2[0m  [["id", 4], ["LIMIT", 1]]
  ↳ app/controllers/exports_controller.rb:11:in `show'
Completed 200 OK in 6ms (Views: 3.5ms | ActiveRecord: 0.3ms | Allocations: 828)


Started GET "/exports/4.json" for 172.21.0.1 at 2025-11-06 11:09:16 +0000
Processing by ExportsController#show as JSON
  Parameters: {"id"=>"4"}
  [1m[36mExport Load (0.2ms)[0m  [1m[34mSELECT "exports".* FROM "exports" WHERE "exports"."id" = $1 LIMIT $2[0m  [["id", 4], ["LIMIT", 1]]
  ↳ app/controllers/exports_controller.rb:11:in `show'
Completed 200 OK in 5ms (Views: 2.6ms | ActiveRecord: 0.2ms | Allocations: 823)


Started GET "/exports/4.json" for 172.21.0.1 at 2025-11-06 11:09:22 +0000
Processing by ExportsController#show as JSON
  Parameters: {"id"=>"4"}
  [1m[36mExport Load (0.3ms)[0m  [1m[34mSELECT "exports".* FROM "exports" WHERE "exports"."id" = $1 LIMIT $2[0m  [["id", 4], ["LIMIT", 1]]
  ↳ app/controllers/exports_controller.rb:11:in `show'
Completed 200 OK in 2ms (Views: 0.4ms | ActiveRecord: 0.3ms | Allocations: 828)


Started GET "/exports/4.json" for 172.21.0.1 at 2025-11-06 11:09:29 +0000
Processing by ExportsController#show as JSON
  Parameters: {"id"=>"4"}
  [1m[36mExport Load (0.2ms)[0m  [1m[34mSELECT "exports".* FROM "exports" WHERE "exports"."id" = $1 LIMIT $2[0m  [["id", 4], ["LIMIT", 1]]
  ↳ app/controllers/exports_controller.rb:11:in `show'
Completed 200 OK in 2ms (Views: 0.5ms | ActiveRecord: 0.2ms | Allocations: 823)


Started GET "/exports/4.json" for 172.21.0.1 at 2025-11-06 11:09:39 +0000
Processing by ExportsController#show as JSON
  Parameters: {"id"=>"4"}
  [1m[36mExport Load (0.3ms)[0m  [1m[34mSELECT "exports".* FROM "exports" WHERE "exports"."id" = $1 LIMIT $2[0m  [["id", 4], ["LIMIT", 1]]
  ↳ app/controllers/exports_controller.rb:11:in `show'
Completed 200 OK in 2ms (Views: 0.6ms | ActiveRecord: 0.3ms | Allocations: 823)


Started GET "/exports/4.json" for 172.21.0.1 at 2025-11-06 11:09:46 +0000
Processing by ExportsController#show as JSON
  Parameters: {"id"=>"4"}
  [1m[36mExport Load (0.3ms)[0m  [1m[34mSELECT "exports".* FROM "exports" WHERE "exports"."id" = $1 LIMIT $2[0m  [["id", 4], ["LIMIT", 1]]
  ↳ app/controllers/exports_controller.rb:11:in `show'
Completed 200 OK in 2ms (Views: 0.4ms | ActiveRecord: 0.3ms | Allocations: 823)


Started GET "/exports/4.json" for 172.21.0.1 at 2025-11-06 11:09:52 +0000
Processing by ExportsController#show as JSON
  Parameters: {"id"=>"4"}
  [1m[36mExport Load (0.5ms)[0m  [1m[34mSELECT "exports".* FROM "exports" WHERE "exports"."id" = $1 LIMIT $2[0m  [["id", 4], ["LIMIT", 1]]
  ↳ app/controllers/exports_controller.rb:11:in `show'
Completed 200 OK in 3ms (Views: 0.7ms | ActiveRecord: 0.5ms | Allocations: 823)


Started GET "/exports/4.json" for 172.21.0.1 at 2025-11-06 11:10:00 +0000
Processing by ExportsController#show as JSON
  Parameters: {"id"=>"4"}
  [1m[36mExport Load (0.4ms)[0m  [1m[34mSELECT "exports".* FROM "exports" WHERE "exports"."id" = $1 LIMIT $2[0m  [["id", 4], ["LIMIT", 1]]
  ↳ app/controllers/exports_controller.rb:11:in `show'
Completed 200 OK in 2ms (Views: 0.6ms | ActiveRecord: 0.3ms | Allocations: 823)


Started GET "/exports/4.json" for 172.21.0.1 at 2025-11-06 11:10:08 +0000
Processing by ExportsController#show as JSON
  Parameters: {"id"=>"4"}
  [1m[36mExport Load (0.5ms)[0m  [1m[34mSELECT "exports".* FROM "exports" WHERE "exports"."id" = $1 LIMIT $2[0m  [["id", 4], ["LIMIT", 1]]
  ↳ app/controllers/exports_controller.rb:11:in `show'
Completed 200 OK in 3ms (Views: 0.6ms | ActiveRecord: 0.5ms | Allocations: 823)


[dotenv] Set [36mGITLAB_TOKEN[0m and [36mGITLAB_ENDPOINT[0m
[dotenv] Loaded [33m.env[0m
[dotenv] Loaded [33m.env[0m
[dotenv] Set [36mGITLAB_TOKEN[0m and [36mGITLAB_ENDPOINT[0m
[dotenv] Loaded [33m.env[0m
[dotenv] Loaded [33m.env[0m
[dotenv] Set [36mGITLAB_TOKEN[0m and [36mGITLAB_ENDPOINT[0m
[dotenv] Loaded [33m.env[0m
[dotenv] Loaded [33m.env[0m
  [1m[35m (0.1ms)[0m  [1m[34mSELECT pg_try_advisory_lock(331611653162353620)[0m
  [1m[36mActiveRecord::SchemaMigration Load (0.4ms)[0m  [1m[34mSELECT "schema_migrations"."version" FROM "schema_migrations" ORDER BY "schema_migrations"."version" ASC[0m
  [1m[36mActiveRecord::InternalMetadata Load (0.4ms)[0m  [1m[34mSELECT * FROM "ar_internal_metadata" WHERE "ar_internal_metadata"."key" = $1 ORDER BY "ar_internal_metadata"."key" ASC LIMIT 1[0m  [[nil, "environment"]]
Migrating to AddReviewedToExports (20251106112156)
  [1m[36mTRANSACTION (0.1ms)[0m  [1m[35mBEGIN[0m
  [1m[35m (0.5ms)[0m  [1m[35mALTER TABLE "exports" ADD "reviewed" boolean DEFAULT FALSE NOT NULL[0m
  [1m[36mActiveRecord::SchemaMigration Create (0.1ms)[0m  [1m[32mINSERT INTO "schema_migrations" ("version") VALUES ('20251106112156') RETURNING "version"[0m
  [1m[36mTRANSACTION (8.5ms)[0m  [1m[35mCOMMIT[0m
Migrating to CreateFeedbacks (20251106112245)
  [1m[36mTRANSACTION (0.1ms)[0m  [1m[35mBEGIN[0m
  [1m[35m (2.7ms)[0m  [1m[35mCREATE TABLE "feedbacks" ("id" bigserial primary key, "export_id" bigint NOT NULL, "feedback_id" character varying NOT NULL, "reviewed" boolean DEFAULT FALSE NOT NULL, "created_at" timestamp(6) NOT NULL, "updated_at" timestamp(6) NOT NULL, CONSTRAINT "fk_rails_521b83003d"
FOREIGN KEY ("export_id")
  REFERENCES "exports" ("id")
)[0m
  [1m[35m (0.6ms)[0m  [1m[35mCREATE INDEX "index_feedbacks_on_export_id" ON "feedbacks" ("export_id")[0m
  [1m[35m (0.5ms)[0m  [1m[35mCREATE UNIQUE INDEX "index_feedbacks_on_export_id_and_feedback_id" ON "feedbacks" ("export_id", "feedback_id")[0m
  [1m[36mActiveRecord::SchemaMigration Create (0.2ms)[0m  [1m[32mINSERT INTO "schema_migrations" ("version") VALUES ('20251106112245') RETURNING "version"[0m
  [1m[36mTRANSACTION (1.8ms)[0m  [1m[35mCOMMIT[0m
  [1m[35m (0.4ms)[0m  [1m[34mSELECT pg_advisory_unlock(331611653162353620)[0m
  [1m[36mActiveRecord::SchemaMigration Load (0.1ms)[0m  [1m[34mSELECT "schema_migrations"."version" FROM "schema_migrations" ORDER BY "schema_migrations"."version" ASC[0m
Started GET "/exports/4" for 172.21.0.1 at 2025-11-06 11:25:33 +0000
  [1m[36mActiveRecord::SchemaMigration Load (0.2ms)[0m  [1m[34mSELECT "schema_migrations"."version" FROM "schema_migrations" ORDER BY "schema_migrations"."version" ASC[0m
Processing by ExportsController#show as HTML
  Parameters: {"id"=>"4"}
  [1m[36mExport Load (0.5ms)[0m  [1m[34mSELECT "exports".* FROM "exports" WHERE "exports"."id" = $1 LIMIT $2[0m  [["id", 4], ["LIMIT", 1]]
  ↳ app/controllers/exports_controller.rb:11:in `show'
  Rendering layout layouts/application.html.erb
  Rendering exports/show.html.erb within layouts/application
  Rendered exports/show.html.erb within layouts/application (Duration: 1.4ms | Allocations: 951)
  Rendered layout layouts/application.html.erb (Duration: 2.6ms | Allocations: 1813)
Completed 200 OK in 32ms (Views: 3.8ms | ActiveRecord: 3.6ms | Allocations: 11980)


Started GET "/exports/4" for 172.21.0.1 at 2025-11-06 11:25:34 +0000
Processing by ExportsController#show as HTML
  Parameters: {"id"=>"4"}
  [1m[36mExport Load (0.4ms)[0m  [1m[34mSELECT "exports".* FROM "exports" WHERE "exports"."id" = $1 LIMIT $2[0m  [["id", 4], ["LIMIT", 1]]
  ↳ app/controllers/exports_controller.rb:11:in `show'
  Rendering layout layouts/application.html.erb
  Rendering exports/show.html.erb within layouts/application
  Rendered exports/show.html.erb within layouts/application (Duration: 0.4ms | Allocations: 433)
  Rendered layout layouts/application.html.erb (Duration: 1.2ms | Allocations: 1014)
Completed 200 OK in 3ms (Views: 1.6ms | ActiveRecord: 0.3ms | Allocations: 1655)


Started GET "/exports" for 172.21.0.1 at 2025-11-06 11:25:37 +0000
Processing by ExportsController#index as HTML
  Rendering layout layouts/application.html.erb
  Rendering exports/index.html.erb within layouts/application
  [1m[36mExport Exists? (0.5ms)[0m  [1m[34mSELECT 1 AS one FROM "exports" LIMIT $1[0m  [["LIMIT", 1]]
  ↳ app/views/exports/index.html.erb:6
  [1m[36mExport Load (0.5ms)[0m  [1m[34mSELECT "exports".* FROM "exports" ORDER BY "exports"."created_at" DESC[0m
  ↳ app/views/exports/index.html.erb:21
  Rendered exports/index.html.erb within layouts/application (Duration: 3.0ms | Allocations: 1974)
  Rendered layout layouts/application.html.erb (Duration: 3.7ms | Allocations: 2549)
Completed 200 OK in 5ms (Views: 3.0ms | ActiveRecord: 1.0ms | Allocations: 2901)


Started GET "/" for 172.21.0.1 at 2025-11-06 11:25:38 +0000
Processing by ExportsController#index as HTML
  Rendering layout layouts/application.html.erb
  Rendering exports/index.html.erb within layouts/application
  [1m[36mExport Exists? (0.4ms)[0m  [1m[34mSELECT 1 AS one FROM "exports" LIMIT $1[0m  [["LIMIT", 1]]
  ↳ app/views/exports/index.html.erb:6
  [1m[36mExport Load (0.2ms)[0m  [1m[34mSELECT "exports".* FROM "exports" ORDER BY "exports"."created_at" DESC[0m
  ↳ app/views/exports/index.html.erb:21
  Rendered exports/index.html.erb within layouts/application (Duration: 1.5ms | Allocations: 1512)
  Rendered layout layouts/application.html.erb (Duration: 1.9ms | Allocations: 2078)
Completed 200 OK in 2ms (Views: 1.4ms | ActiveRecord: 0.6ms | Allocations: 2347)


Started GET "/" for 172.21.0.1 at 2025-11-06 11:25:39 +0000
Processing by ExportsController#index as HTML
  Rendering layout layouts/application.html.erb
  Rendering exports/index.html.erb within layouts/application
  [1m[36mExport Exists? (0.5ms)[0m  [1m[34mSELECT 1 AS one FROM "exports" LIMIT $1[0m  [["LIMIT", 1]]
  ↳ app/views/exports/index.html.erb:6
  [1m[36mExport Load (0.5ms)[0m  [1m[34mSELECT "exports".* FROM "exports" ORDER BY "exports"."created_at" DESC[0m
  ↳ app/views/exports/index.html.erb:21
  Rendered exports/index.html.erb within layouts/application (Duration: 4.1ms | Allocations: 1509)
  Rendered layout layouts/application.html.erb (Duration: 5.3ms | Allocations: 2081)
Completed 200 OK in 6ms (Views: 4.7ms | ActiveRecord: 1.0ms | Allocations: 2350)


Started GET "/exports/4" for 172.21.0.1 at 2025-11-06 11:25:42 +0000
Processing by ExportsController#show as HTML
  Parameters: {"id"=>"4"}
  [1m[36mExport Load (0.4ms)[0m  [1m[34mSELECT "exports".* FROM "exports" WHERE "exports"."id" = $1 LIMIT $2[0m  [["id", 4], ["LIMIT", 1]]
  ↳ app/controllers/exports_controller.rb:11:in `show'
  Rendering layout layouts/application.html.erb
  Rendering exports/show.html.erb within layouts/application
  Rendered exports/show.html.erb within layouts/application (Duration: 0.4ms | Allocations: 433)
  Rendered layout layouts/application.html.erb (Duration: 1.2ms | Allocations: 1005)
Completed 200 OK in 3ms (Views: 1.5ms | ActiveRecord: 0.4ms | Allocations: 1646)


Started GET "/exports/4" for 172.21.0.1 at 2025-11-06 11:34:57 +0000
Processing by ExportsController#show as HTML
  Parameters: {"id"=>"4"}
  [1m[36mExport Load (0.2ms)[0m  [1m[34mSELECT "exports".* FROM "exports" WHERE "exports"."id" = $1 LIMIT $2[0m  [["id", 4], ["LIMIT", 1]]
  ↳ app/controllers/exports_controller.rb:11:in `show'
  Rendering layout layouts/application.html.erb
  Rendering exports/show.html.erb within layouts/application
  [1m[36mFeedback Pluck (0.2ms)[0m  [1m[34mSELECT "feedbacks"."feedback_id" FROM "feedbacks" WHERE "feedbacks"."export_id" = $1 AND "feedbacks"."reviewed" = $2[0m  [["export_id", 4], ["reviewed", true]]
  ↳ app/views/exports/show.html.erb:15
  Rendered exports/show.html.erb within layouts/application (Duration: 13.6ms | Allocations: 8256)
  Rendered layout layouts/application.html.erb (Duration: 13.7ms | Allocations: 8344)
Completed 500 Internal Server Error in 30ms (ActiveRecord: 4.8ms | Allocations: 17915)


  
ActionView::Template::Error (No route matches {:action=>"mark_reviewed", :controller=>"feedbacks", :export_id=>"4", :id=>nil}, missing required keys: [:id]):
    30:             <% end %>
    31:           </div>
    32:           <% unless is_reviewed %>
    33:             <%= button_to 'Mark Reviewed', mark_reviewed_export_feedback_path(@export, item['id']), method: :patch, class: 'btn', style: 'padding: 6px 12px; font-size: 14px;' %>
    34:           <% end %>
    35:         </div>
    36:         <div style="white-space: pre-wrap; color: #374151;"><%= item['body'] %></div>
  
app/views/exports/show.html.erb:33
app/views/exports/show.html.erb:17:in `each'
app/views/exports/show.html.erb:17
Started GET "/exports/4" for 172.21.0.1 at 2025-11-06 11:41:55 +0000
Processing by ExportsController#show as HTML
  Parameters: {"id"=>"4"}
  [1m[36mExport Load (0.2ms)[0m  [1m[34mSELECT "exports".* FROM "exports" WHERE "exports"."id" = $1 LIMIT $2[0m  [["id", 4], ["LIMIT", 1]]
  ↳ app/controllers/exports_controller.rb:11:in `show'
  Rendering layout layouts/application.html.erb
  Rendering exports/show.html.erb within layouts/application
  [1m[36mFeedback Pluck (0.1ms)[0m  [1m[34mSELECT "feedbacks"."feedback_id" FROM "feedbacks" WHERE "feedbacks"."export_id" = $1 AND "feedbacks"."reviewed" = $2[0m  [["export_id", 4], ["reviewed", true]]
  ↳ app/views/exports/show.html.erb:15
  Rendered exports/show.html.erb within layouts/application (Duration: 7.9ms | Allocations: 2587)
  Rendered layout layouts/application.html.erb (Duration: 9.5ms | Allocations: 3459)
Completed 200 OK in 33ms (Views: 10.7ms | ActiveRecord: 2.0ms | Allocations: 13030)


[dotenv] Set [36mGITLAB_TOKEN[0m and [36mGITLAB_ENDPOINT[0m
[dotenv] Loaded [33m.env[0m
[dotenv] Loaded [33m.env[0m
  [1m[36mExport Load (0.2ms)[0m  [1m[34mSELECT "exports".* FROM "exports" ORDER BY "exports"."id" DESC LIMIT $1[0m  [["LIMIT", 1]]
[dotenv] Set [36mGITLAB_TOKEN[0m and [36mGITLAB_ENDPOINT[0m
[dotenv] Loaded [33m.env[0m
[dotenv] Loaded [33m.env[0m
  [1m[36mExport Load (0.2ms)[0m  [1m[34mSELECT "exports".* FROM "exports" ORDER BY "exports"."id" DESC LIMIT $1[0m  [["LIMIT", 1]]
[dotenv] Set [36mGITLAB_TOKEN[0m and [36mGITLAB_ENDPOINT[0m
[dotenv] Loaded [33m.env[0m
[dotenv] Loaded [33m.env[0m
GitlabService using token: ZLZQKBfREcp... (length: 45)
Started GET "/exports/4" for 172.21.0.1 at 2025-11-06 11:49:31 +0000
Processing by ExportsController#show as HTML
  Parameters: {"id"=>"4"}
  [1m[36mExport Load (0.7ms)[0m  [1m[34mSELECT "exports".* FROM "exports" WHERE "exports"."id" = $1 LIMIT $2[0m  [["id", 4], ["LIMIT", 1]]
  ↳ app/controllers/exports_controller.rb:11:in `show'
  Rendering layout layouts/application.html.erb
  Rendering exports/show.html.erb within layouts/application
  [1m[36mFeedback Pluck (0.4ms)[0m  [1m[34mSELECT "feedbacks"."feedback_id" FROM "feedbacks" WHERE "feedbacks"."export_id" = $1 AND "feedbacks"."reviewed" = $2[0m  [["export_id", 4], ["reviewed", true]]
  ↳ app/views/exports/show.html.erb:15
  Rendered exports/show.html.erb within layouts/application (Duration: 2.8ms | Allocations: 779)
  Rendered layout layouts/application.html.erb (Duration: 4.0ms | Allocations: 1357)
Completed 200 OK in 27ms (Views: 4.0ms | ActiveRecord: 5.7ms | Allocations: 5266)


Started GET "/exports/4" for 172.21.0.1 at 2025-11-06 11:49:32 +0000
Processing by ExportsController#show as HTML
  Parameters: {"id"=>"4"}
  [1m[36mExport Load (0.5ms)[0m  [1m[34mSELECT "exports".* FROM "exports" WHERE "exports"."id" = $1 LIMIT $2[0m  [["id", 4], ["LIMIT", 1]]
  ↳ app/controllers/exports_controller.rb:11:in `show'
  Rendering layout layouts/application.html.erb
  Rendering exports/show.html.erb within layouts/application
  [1m[36mFeedback Pluck (0.5ms)[0m  [1m[34mSELECT "feedbacks"."feedback_id" FROM "feedbacks" WHERE "feedbacks"."export_id" = $1 AND "feedbacks"."reviewed" = $2[0m  [["export_id", 4], ["reviewed", true]]
  ↳ app/views/exports/show.html.erb:15
  Rendered exports/show.html.erb within layouts/application (Duration: 1.9ms | Allocations: 777)
  Rendered layout layouts/application.html.erb (Duration: 2.7ms | Allocations: 1349)
Completed 200 OK in 5ms (Views: 2.7ms | ActiveRecord: 0.9ms | Allocations: 1990)


Started GET "/exports" for 172.21.0.1 at 2025-11-06 11:49:44 +0000
Processing by ExportsController#index as HTML
  Rendering layout layouts/application.html.erb
  Rendering exports/index.html.erb within layouts/application
  [1m[36mExport Exists? (0.8ms)[0m  [1m[34mSELECT 1 AS one FROM "exports" LIMIT $1[0m  [["LIMIT", 1]]
  ↳ app/views/exports/index.html.erb:6
  [1m[36mExport Load (0.9ms)[0m  [1m[34mSELECT "exports".* FROM "exports" ORDER BY "exports"."created_at" DESC[0m
  ↳ app/views/exports/index.html.erb:22
  Rendered exports/index.html.erb within layouts/application (Duration: 6.6ms | Allocations: 3069)
  Rendered layout layouts/application.html.erb (Duration: 6.9ms | Allocations: 3226)
Completed 200 OK in 8ms (Views: 5.6ms | ActiveRecord: 1.7ms | Allocations: 3578)


Started GET "/exports/new" for 172.21.0.1 at 2025-11-06 11:49:45 +0000
Processing by ExportsController#new as HTML
  Rendering layout layouts/application.html.erb
  Rendering exports/new.html.erb within layouts/application
  Rendered exports/new.html.erb within layouts/application (Duration: 1.8ms | Allocations: 870)
  Rendered layout layouts/application.html.erb (Duration: 2.0ms | Allocations: 1027)
Completed 200 OK in 3ms (Views: 2.3ms | ActiveRecord: 0.0ms | Allocations: 1296)


Started POST "/exports" for 172.21.0.1 at 2025-11-06 11:49:47 +0000
Processing by ExportsController#create as HTML
  Parameters: {"authenticity_token"=>"[FILTERED]", "mr_url"=>"https://gitlab.innovationlawlab.org/ILL/lawlabplatform/-/merge_requests/1527", "button"=>""}
GitlabService using token: ZLZQKBfREcp... (length: 45)
  [1m[36mTRANSACTION (0.3ms)[0m  [1m[35mBEGIN[0m
  ↳ app/controllers/exports_controller.rb:32:in `create'
  [1m[36mExport Create (2.7ms)[0m  [1m[32mINSERT INTO "exports" ("mr_url", "mr_iid", "project_path", "mr_title", "mr_author", "mr_state", "data", "created_at", "updated_at") VALUES ($1, $2, $3, $4, $5, $6, $7, $8, $9) RETURNING "id"[0m  [["mr_url", "https://gitlab.innovationlawlab.org/ILL/lawlabplatform/-/merge_requests/1527"], ["mr_iid", 1527], ["project_path", "ILL/lawlabplatform"], ["mr_title", "Draft: feat: engagement letters templates and translations"], ["mr_author", "adrien"], ["mr_state", "opened"], ["data", "{\"project_path\":\"ILL/lawlabplatform\",\"mr_iid\":1527,\"merge_request\":{\"id\":1527,\"title\":\"Draft: feat: engagement letters templates and translations\",\"author\":\"adrien\",\"source_branch\":\"1485-categorize-engagement-letter\",\"target_branch\":\"alpha\",\"state\":\"opened\",\"web_url\":\"https://gitlab.innovationlawlab.org/ILL/lawlabplatform/-/merge_requests/1527\"},\"feedback\":[{\"id\":59109,\"author\":\"david\",\"body\":\"be aware that the actions should always get the \\n- consumer user\\n- request params\\n\\nI placed as a rule the params require/permit to be in the actions, \\nsince they behave as a middle point between a controller method and the service\\n\\ncontroller method =\\u003e action =\\u003e service\\n\\nalways open minded about different ideas\",\"file\":\"app/actions/engagement_letter_template/create.rb\",\"line\":43},{\"id\":59110,\"author\":\"david\",\"body\":\"we use category to group actions, please make it more user friendly\",\"file\":\"app/actions/engagement_letter_template/base.rb\",\"line\":9},{\"id\":59111,\"author\":\"david\",\"body\":\"no need true, since destroy! explodes or returns true\",\"file\":\"app/actions/engagement_letter_template/destroy.rb\",\"line\":53},{\"id\":59112,\"author\":\"david\",\"body\":\"since we have almost all the catches for Active record errors, we should `update!`\",\"file\":\"app/actions/engagement_letter_template/update.rb\",\"line\":49},{\"id\":59113,\"author\":\"david\",\"body\":\"no need since base already does this\",\"file\":\"app/actions/public/engagement_letter/base.rb\",\"line\":36},{\"id\":59114,\"author\":\"david\",\"body\":\"if default value is `true` no need to implement this function\",\"file\":\"app/actions/public/engagement_letter/base.rb\",\"line\":12},{\"id\":59115,\"author\":\"david\",\"body\":\"question!\\n\\nsince is independent from any team, should we make it a platform permission, or we create a new namespace called `public` where we place all the publicly available actions?\",\"file\":\"app/actions/public/engagement_letter/base.rb\",\"line\":28},{\"id\":59689,\"author\":\"adrien\",\"body\":\"huh... good question. I am more keen to go with a `Public` namespace as I feel like it would break the meaning of `Platform` actions since that's not an actual platform action. What do you think?\",\"file\":\"app/actions/public/engagement_letter/base.rb\",\"line\":28},{\"id\":59116,\"author\":\"david\",\"body\":\"base already does this\",\"file\":\"app/actions/public/engagement_letter/session.rb\",\"line\":16},{\"id\":59117,\"author\":\"david\",\"body\":\"base does this\",\"file\":\"app/actions/public/engagement_letter/update.rb\",\"line\":16},{\"id\":59118,\"author\":\"david\",\"body\":\"why not instead of using an extra proc to assign a variable we do \\n\\n```suggestion:-5+0\\n  def send_letter\\n    render status: :ok, json: ActionDispatcher.\\n      with_user(current_user).\\n      dispatch(Action::LegalCase::EngagementLetter::Send, [params])\\n```\",\"file\":\"app/controllers/legal_cases/engagement_letters_controller.rb\",\"line\":9},{\"id\":59119,\"author\":\"david\",\"body\":\"when we do API based endpoints, we should use `with_api_key`\\n\\n```suggestion:-7+0\\nclass Public::EngagementLettersController \\u003c ActionController::API\\n  def session\\n    result = ActionDispatcher.\\n      with_api_key('\\u003cwhatever_you_think_you_need___or_nil\\u003e').\\n      dispatch(Action::Public::EngagementLetter::Session, [params])\\n\\n    render status: :ok, json: result\\n  end\\n```\",\"file\":\"app/controllers/public/engagement_letters_controller.rb\",\"line\":10},{\"id\":59120,\"author\":\"david\",\"body\":\"so far, but important changes that are needed while I finish the rest of the CR\",\"file\":null,\"line\":null},{\"id\":59139,\"author\":\"david\",\"body\":\"this controller is bypassing the permissions system.\",\"file\":\"app/controllers/engagement_letter_template_translations_controller.rb\",\"line\":null},{\"id\":59140,\"author\":\"david\",\"body\":\"this controller is bypassing the permissions system.\",\"file\":\"app/controllers/engagement_letter_templates_controller.rb\",\"line\":null},{\"id\":59141,\"author\":\"david\",\"body\":\"any reason for this? can't we make a conversion task/migration that would take care of old definitions on feature deploy?\",\"file\":\"app/controllers/legal_cases_controller.rb\",\"line\":146},{\"id\":59142,\"author\":\"david\",\"body\":\"wouldn't be more readable if it was a computed like\\n`showOrganizationWarning` ? just an opinion, no action needed.\",\"file\":\"app/javascript/packs/components/LegalCase/Editor/LegalCaseEditorEngagementLetter.vue\",\"line\":44},{\"id\":59690,\"author\":\"adrien\",\"body\":\"prolly, i usually limit myself to up to 2 conditions before using computed properties. no hard opinion on this.\",\"file\":\"app/javascript/packs/components/LegalCase/Editor/LegalCaseEditorEngagementLetter.vue\",\"line\":44},{\"id\":59143,\"author\":\"david\",\"body\":\"grouping order is \\n\\n```\\nvendor\\n\\nlocal\\n\\nnamespaces\\n\\ncomponents\\n```\",\"file\":\"app/javascript/packs/components/LegalCase/Editor/LegalCaseEditorEngagementLetter.vue\",\"line\":206},{\"id\":59144,\"author\":\"david\",\"body\":\"grouping order is \\n\\n```\\nvendor\\n\\nlocal\\n\\nnamespaces\\n\\ncomponents\\n```\\n\\nhttps://gitlab.innovationlawlab.org/ILL/lawlabplatform/-/wikis/Code-Guidelines#how-to-group-imports\",\"file\":\"app/javascript/packs/components/Settings/Tools/EngagementLetters/Templates/DeleteEngagementLetterTemplateDialog.vue\",\"line\":48},{\"id\":59145,\"author\":\"david\",\"body\":\"instead of this, why don't we use the error catch we have in the ApplicationController, and use the utility method `parseErrorResponseMessage` ?\",\"file\":\"app/javascript/packs/components/Settings/Tools/EngagementLetters/Templates/DeleteEngagementLetterTemplateDialog.vue\",\"line\":115},{\"id\":59146,\"author\":\"david\",\"body\":\"grouping order is \\n\\n```\\nvendor\\n\\nlocal\\n\\nnamespaces\\n\\ncomponents\\n```\",\"file\":\"app/javascript/packs/components/Settings/Tools/EngagementLetters/Templates/DeleteEngagementLetterTemplateTranslationDialog.vue\",\"line\":49},{\"id\":59147,\"author\":\"david\",\"body\":\"grouping order is \\n\\n```\\nvendor\\n\\nlocal\\n\\nnamespaces\\n\\ncomponents\\n```\\n\\nhttps://gitlab.innovationlawlab.org/ILL/lawlabplatform/-/wikis/Code-Guidelines#how-to-group-imports\",\"file\":\"app/javascript/packs/components/Settings/Tools/EngagementLetters/Templates/EngagementLetterTemplateDialog.vue\",\"line\":70},{\"id\":59148,\"author\":\"david\",\"body\":\"the way refs work, we should always verify if the ref was successful.\",\"file\":\"app/javascript/packs/components/Settings/Tools/EngagementLetters/Templates/EngagementLetterTemplateEditor.vue\",\"line\":91},{\"id\":59149,\"author\":\"david\",\"body\":\"grouping order is \\n\\n```\\nvendor\\n\\nlocal\\n\\nnamespaces\\n\\ncomponents\\n```\\n\\nhttps://gitlab.innovationlawlab.org/ILL/lawlabplatform/-/wikis/Code-Guidelines#how-to-group-imports\",\"file\":\"app/javascript/packs/components/Settings/Tools/EngagementLetters/Templates/EngagementLetterTemplateTranslationDialog.vue\",\"line\":76},{\"id\":59150,\"author\":\"david\",\"body\":\"since we're adopting vuelidade, any personal motif for it not to be used here?\",\"file\":\"app/javascript/packs/components/Settings/Tools/EngagementLetters/Templates/EngagementLetterTemplateTranslationDialog.vue\",\"line\":215},{\"id\":59151,\"author\":\"david\",\"body\":\"another wave of reviews :hugging:\",\"file\":null,\"line\":null},{\"id\":59153,\"author\":\"david\",\"body\":\"vuelidate instead?\",\"file\":\"app/javascript/packs/components/Shared/Templates/TemplateDialog.vue\",\"line\":258},{\"id\":59154,\"author\":\"david\",\"body\":\"we should always be aware that $refs[prop] might be null\",\"file\":\"app/javascript/packs/components/Shared/Templates/TemplateDialog.vue\",\"line\":282},{\"id\":59155,\"author\":\"david\",\"body\":\"I think there is an utility for this\",\"file\":\"app/javascript/packs/components/Shared/Templates/TemplateVariableHelper.vue\",\"line\":197},{\"id\":59156,\"author\":\"david\",\"body\":\"is this the one used in settings? if so, should be in settings namespace right?\",\"file\":\"app/javascript/packs/store/engagement-letter-template/index.js\",\"line\":null},{\"id\":59157,\"author\":\"david\",\"body\":\"no action needed, why not using same strategy on both? :grin:\",\"file\":\"app/javascript/packs/store/engagement-letter-template/index.js\",\"line\":30},{\"id\":59158,\"author\":\"david\",\"body\":\"no action needed.\\n\\nIsn't more readable if \\n\\n```suggestion:-9+0\\n  return axiosRequest.get('/engagement_letter_templates', { params }).\\n    then(({ data }) =\\u003e {\\n      commit('setEngagementLetterTemplates', data)\\n      return data\\n    }).\\n    catch(error =\\u003e handleError(error)).\\n    finally(() =\\u003e commit('setLoading', false))\\n}\\n```\\n\\nI don't think you need to throw error, since if you subscribe to this action, you can catch it in the component still.\",\"file\":\"app/javascript/packs/store/engagement-letter-template/index.js\",\"line\":77},{\"id\":59159,\"author\":\"david\",\"body\":\"please try to keep the namespace definitions at the top after imports as most of the store modules, for easier reading by finding it already in the expected spot.\",\"file\":\"app/javascript/packs/store/shared-templates/index.js\",\"line\":14},{\"id\":59160,\"author\":\"david\",\"body\":\"since we're safe guarding against undefined, should we check also if it is an array?\",\"file\":\"app/javascript/packs/store/shared-templates/mutations.js\",\"line\":11},{\"id\":59161,\"author\":\"david\",\"body\":\"that's why we don't export default the store and make it two objects, so we can have all the module imports as \\n\\n`import { \\u003cNAMESPACE\\u003e, module } from ...`\",\"file\":\"app/javascript/packs/store/index.js\",\"line\":22},{\"id\":59162,\"author\":\"david\",\"body\":\"that's why we don't export default the store and make it two objects, so we can have all the module imports as \\n\\n`import { \\u003cNAMESPACE\\u003e, module } from ...`\",\"file\":\"app/javascript/packs/store/index.js\",\"line\":40},{\"id\":59163,\"author\":\"david\",\"body\":\"grouping order is \\n\\n```\\nvendor\\n\\nlocal\\n\\nnamespaces\\n\\ncomponents\\n```\\n\\nhttps://gitlab.innovationlawlab.org/ILL/lawlabplatform/-/wikis/Code-Guidelines#how-to-group-imports\",\"file\":\"app/javascript/packs/views/settings/EngagementLetterTemplateDataList.vue\",\"line\":188},{\"id\":59164,\"author\":\"david\",\"body\":\"grouping order is \\n\\n```\\nvendor\\n\\nlocal\\n\\nnamespaces\\n\\ncomponents\\n```\\n\\nhttps://gitlab.innovationlawlab.org/ILL/lawlabplatform/-/wikis/Code-Guidelines#how-to-group-imports\",\"file\":\"app/javascript/packs/views/settings/EngagementLetterTemplateDataListWorking.vue\",\"line\":154},{\"id\":59165,\"author\":\"david\",\"body\":\"shouldn't this import be made in the `setup()` ?\",\"file\":\"app/javascript/packs/views/settings/EngagementLetterTemplateDataListWorking.vue\",\"line\":255},{\"id\":59166,\"author\":\"david\",\"body\":\"can we guarantee that in all the instances, the foreign_key has this name? `fk_rails_1eab6264fb`\",\"file\":\"db/migrate/20250918140933_fix_engagement_letter_template_foreign_key.rb\",\"line\":4},{\"id\":59167,\"author\":\"david\",\"body\":\"I think this is the last wave :grin:\",\"file\":null,\"line\":null}]}"], ["created_at", "2025-11-06 11:49:51.115385"], ["updated_at", "2025-11-06 11:49:51.115385"]]
  ↳ app/controllers/exports_controller.rb:32:in `create'
  [1m[36mTRANSACTION (9.9ms)[0m  [1m[35mCOMMIT[0m
  ↳ app/controllers/exports_controller.rb:32:in `create'
Redirected to http://localhost:3000/exports/5
Completed 302 Found in 4030ms (ActiveRecord: 12.8ms | Allocations: 15811)


Started GET "/exports/5" for 172.21.0.1 at 2025-11-06 11:49:51 +0000
Processing by ExportsController#show as HTML
  Parameters: {"id"=>"5"}
  [1m[36mExport Load (0.5ms)[0m  [1m[34mSELECT "exports".* FROM "exports" WHERE "exports"."id" = $1 LIMIT $2[0m  [["id", 5], ["LIMIT", 1]]
  ↳ app/controllers/exports_controller.rb:11:in `show'
  Rendering layout layouts/application.html.erb
  Rendering exports/show.html.erb within layouts/application
  [1m[36mFeedback Pluck (0.3ms)[0m  [1m[34mSELECT "feedbacks"."feedback_id" FROM "feedbacks" WHERE "feedbacks"."export_id" = $1 AND "feedbacks"."reviewed" = $2[0m  [["export_id", 5], ["reviewed", true]]
  ↳ app/views/exports/show.html.erb:15
  Rendered exports/show.html.erb within layouts/application (Duration: 8.8ms | Allocations: 6413)
  Rendered layout layouts/application.html.erb (Duration: 9.0ms | Allocations: 6570)
Completed 200 OK in 11ms (Views: 9.0ms | ActiveRecord: 0.9ms | Allocations: 7211)


Started GET "/" for 172.21.0.1 at 2025-11-06 11:49:54 +0000
Processing by ExportsController#index as HTML
  Rendering layout layouts/application.html.erb
  Rendering exports/index.html.erb within layouts/application
  [1m[36mExport Exists? (0.6ms)[0m  [1m[34mSELECT 1 AS one FROM "exports" LIMIT $1[0m  [["LIMIT", 1]]
  ↳ app/views/exports/index.html.erb:6
  [1m[36mExport Load (0.7ms)[0m  [1m[34mSELECT "exports".* FROM "exports" ORDER BY "exports"."created_at" DESC[0m
  ↳ app/views/exports/index.html.erb:22
  Rendered exports/index.html.erb within layouts/application (Duration: 5.7ms | Allocations: 2879)
  Rendered layout layouts/application.html.erb (Duration: 6.0ms | Allocations: 3036)
Completed 200 OK in 7ms (Views: 5.1ms | ActiveRecord: 1.3ms | Allocations: 3307)


Started GET "/" for 172.21.0.1 at 2025-11-06 11:50:34 +0000
Processing by ExportsController#index as HTML
  Rendering layout layouts/application.html.erb
  Rendering exports/index.html.erb within layouts/application
  [1m[36mExport Exists? (0.2ms)[0m  [1m[34mSELECT 1 AS one FROM "exports" LIMIT $1[0m  [["LIMIT", 1]]
  ↳ app/views/exports/index.html.erb:6
  [1m[36mExport Load (0.3ms)[0m  [1m[34mSELECT "exports".* FROM "exports" ORDER BY "exports"."created_at" DESC[0m
  ↳ app/views/exports/index.html.erb:22
  Rendered exports/index.html.erb within layouts/application (Duration: 7.8ms | Allocations: 7800)
  Rendered layout layouts/application.html.erb (Duration: 8.4ms | Allocations: 8227)
Completed 200 OK in 12ms (Views: 7.3ms | ActiveRecord: 2.8ms | Allocations: 11012)


Started GET "/" for 172.21.0.1 at 2025-11-06 11:50:42 +0000
Processing by ExportsController#index as HTML
  Rendering layout layouts/application.html.erb
  Rendering exports/index.html.erb within layouts/application
  [1m[36mExport Exists? (0.5ms)[0m  [1m[34mSELECT 1 AS one FROM "exports" LIMIT $1[0m  [["LIMIT", 1]]
  ↳ app/views/exports/index.html.erb:6
  [1m[36mExport Load (0.4ms)[0m  [1m[34mSELECT "exports".* FROM "exports" ORDER BY "exports"."created_at" DESC[0m
  ↳ app/views/exports/index.html.erb:22
  Rendered exports/index.html.erb within layouts/application (Duration: 4.3ms | Allocations: 2717)
  Rendered layout layouts/application.html.erb (Duration: 4.5ms | Allocations: 2874)
Completed 200 OK in 5ms (Views: 3.7ms | ActiveRecord: 0.9ms | Allocations: 3143)


[dotenv] Set [36mGITLAB_TOKEN[0m and [36mGITLAB_ENDPOINT[0m
[dotenv] Loaded [33m.env[0m
[dotenv] Loaded [33m.env[0m
  [1m[36mExport Load (0.2ms)[0m  [1m[34mSELECT "exports".* FROM "exports" ORDER BY "exports"."id" DESC LIMIT $1[0m  [["LIMIT", 1]]
Started GET "/" for 172.21.0.1 at 2025-11-06 11:50:43 +0000
Processing by ExportsController#index as HTML
  Rendering layout layouts/application.html.erb
  Rendering exports/index.html.erb within layouts/application
  [1m[36mExport Exists? (0.8ms)[0m  [1m[34mSELECT 1 AS one FROM "exports" LIMIT $1[0m  [["LIMIT", 1]]
  ↳ app/views/exports/index.html.erb:6
  [1m[36mExport Load (0.6ms)[0m  [1m[34mSELECT "exports".* FROM "exports" ORDER BY "exports"."created_at" DESC[0m
  ↳ app/views/exports/index.html.erb:22
  Rendered exports/index.html.erb within layouts/application (Duration: 5.1ms | Allocations: 2756)
  Rendered layout layouts/application.html.erb (Duration: 5.3ms | Allocations: 2913)
Completed 200 OK in 6ms (Views: 4.2ms | ActiveRecord: 1.3ms | Allocations: 3185)


Started GET "/" for 172.21.0.1 at 2025-11-06 11:51:03 +0000
Processing by ExportsController#index as HTML
  Rendering layout layouts/application.html.erb
  Rendering exports/index.html.erb within layouts/application
  [1m[36mExport Exists? (0.6ms)[0m  [1m[34mSELECT 1 AS one FROM "exports" LIMIT $1[0m  [["LIMIT", 1]]
  ↳ app/views/exports/index.html.erb:6
  [1m[36mExport Load (0.6ms)[0m  [1m[34mSELECT "exports".* FROM "exports" ORDER BY "exports"."created_at" DESC[0m
  ↳ app/views/exports/index.html.erb:22
  Rendered exports/index.html.erb within layouts/application (Duration: 5.0ms | Allocations: 2726)
  Rendered layout layouts/application.html.erb (Duration: 5.3ms | Allocations: 2883)
Completed 200 OK in 6ms (Views: 4.4ms | ActiveRecord: 1.2ms | Allocations: 3152)


Started GET "/" for 172.21.0.1 at 2025-11-06 11:51:04 +0000
Processing by ExportsController#index as HTML
  Rendering layout layouts/application.html.erb
  Rendering exports/index.html.erb within layouts/application
  [1m[36mExport Exists? (0.6ms)[0m  [1m[34mSELECT 1 AS one FROM "exports" LIMIT $1[0m  [["LIMIT", 1]]
  ↳ app/views/exports/index.html.erb:6
  [1m[36mExport Load (0.5ms)[0m  [1m[34mSELECT "exports".* FROM "exports" ORDER BY "exports"."created_at" DESC[0m
  ↳ app/views/exports/index.html.erb:22
  Rendered exports/index.html.erb within layouts/application (Duration: 4.8ms | Allocations: 2732)
  Rendered layout layouts/application.html.erb (Duration: 5.0ms | Allocations: 2889)
Completed 200 OK in 6ms (Views: 4.2ms | ActiveRecord: 1.1ms | Allocations: 3158)


Started GET "/" for 172.21.0.1 at 2025-11-06 11:51:04 +0000
Processing by ExportsController#index as HTML
  Rendering layout layouts/application.html.erb
  Rendering exports/index.html.erb within layouts/application
  [1m[36mExport Exists? (0.7ms)[0m  [1m[34mSELECT 1 AS one FROM "exports" LIMIT $1[0m  [["LIMIT", 1]]
  ↳ app/views/exports/index.html.erb:6
  [1m[36mExport Load (0.7ms)[0m  [1m[34mSELECT "exports".* FROM "exports" ORDER BY "exports"."created_at" DESC[0m
  ↳ app/views/exports/index.html.erb:22
  Rendered exports/index.html.erb within layouts/application (Duration: 5.9ms | Allocations: 2729)
  Rendered layout layouts/application.html.erb (Duration: 6.2ms | Allocations: 2886)
Completed 200 OK in 7ms (Views: 5.1ms | ActiveRecord: 1.3ms | Allocations: 3155)


Started GET "/" for 172.21.0.1 at 2025-11-06 11:51:18 +0000
Processing by ExportsController#index as HTML
  Rendering layout layouts/application.html.erb
  Rendering exports/index.html.erb within layouts/application
  [1m[36mExport Exists? (0.1ms)[0m  [1m[34mSELECT 1 AS one FROM "exports" LIMIT $1[0m  [["LIMIT", 1]]
  ↳ app/views/exports/index.html.erb:6
  [1m[36mExport Load (0.2ms)[0m  [1m[34mSELECT "exports".* FROM "exports" ORDER BY "exports"."created_at" DESC[0m
  ↳ app/views/exports/index.html.erb:22
  Rendered exports/index.html.erb within layouts/application (Duration: 4.0ms | Allocations: 6914)
  Rendered layout layouts/application.html.erb (Duration: 4.3ms | Allocations: 7343)
Completed 200 OK in 7ms (Views: 3.9ms | ActiveRecord: 1.4ms | Allocations: 10025)


Started GET "/" for 172.21.0.1 at 2025-11-06 11:52:06 +0000
Processing by ExportsController#index as HTML
  Rendering layout layouts/application.html.erb
  Rendering exports/index.html.erb within layouts/application
  [1m[36mExport Exists? (0.2ms)[0m  [1m[34mSELECT 1 AS one FROM "exports" LIMIT $1[0m  [["LIMIT", 1]]
  ↳ app/views/exports/index.html.erb:6
  [1m[36mExport Load (0.4ms)[0m  [1m[34mSELECT "exports".* FROM "exports" ORDER BY "exports"."created_at" DESC[0m
  ↳ app/views/exports/index.html.erb:22
  Rendered exports/index.html.erb within layouts/application (Duration: 5.9ms | Allocations: 6884)
  Rendered layout layouts/application.html.erb (Duration: 6.6ms | Allocations: 7315)
Completed 200 OK in 10ms (Views: 5.8ms | ActiveRecord: 1.9ms | Allocations: 9982)


Started GET "/" for 172.21.0.1 at 2025-11-06 11:52:50 +0000
Processing by ExportsController#index as HTML
  Rendering layout layouts/application.html.erb
  Rendering exports/index.html.erb within layouts/application
  [1m[36mExport Exists? (0.2ms)[0m  [1m[34mSELECT 1 AS one FROM "exports" LIMIT $1[0m  [["LIMIT", 1]]
  ↳ app/views/exports/index.html.erb:6
  [1m[36mExport Load (0.2ms)[0m  [1m[34mSELECT "exports".* FROM "exports" ORDER BY "exports"."created_at" DESC[0m
  ↳ app/views/exports/index.html.erb:22
  Rendered exports/index.html.erb within layouts/application (Duration: 4.1ms | Allocations: 6868)
  Rendered layout layouts/application.html.erb (Duration: 4.4ms | Allocations: 7300)
Completed 200 OK in 8ms (Views: 3.9ms | ActiveRecord: 1.6ms | Allocations: 9980)


Started GET "/exports/5" for 172.21.0.1 at 2025-11-06 11:52:56 +0000
Processing by ExportsController#show as HTML
  Parameters: {"id"=>"5"}
  [1m[36mExport Load (0.3ms)[0m  [1m[34mSELECT "exports".* FROM "exports" WHERE "exports"."id" = $1 LIMIT $2[0m  [["id", 5], ["LIMIT", 1]]
  ↳ app/controllers/exports_controller.rb:11:in `show'
  Rendering layout layouts/application.html.erb
  Rendering exports/show.html.erb within layouts/application
  [1m[36mFeedback Pluck (0.4ms)[0m  [1m[34mSELECT "feedbacks"."feedback_id" FROM "feedbacks" WHERE "feedbacks"."export_id" = $1 AND "feedbacks"."reviewed" = $2[0m  [["export_id", 5], ["reviewed", true]]
  ↳ app/views/exports/show.html.erb:15
  Rendered exports/show.html.erb within layouts/application (Duration: 16.0ms | Allocations: 8407)
  Rendered layout layouts/application.html.erb (Duration: 16.2ms | Allocations: 8564)
Completed 200 OK in 18ms (Views: 13.6ms | ActiveRecord: 3.1ms | Allocations: 9384)


Started PATCH "/exports/5/feedbacks/59109/mark_reviewed" for 172.21.0.1 at 2025-11-06 11:53:13 +0000
Processing by FeedbacksController#mark_reviewed as HTML
  Parameters: {"authenticity_token"=>"[FILTERED]", "export_id"=>"5", "id"=>"59109"}
  [1m[36mExport Load (0.2ms)[0m  [1m[34mSELECT "exports".* FROM "exports" WHERE "exports"."id" = $1 LIMIT $2[0m  [["id", 5], ["LIMIT", 1]]
  ↳ app/controllers/feedbacks_controller.rb:3:in `mark_reviewed'
  [1m[36mFeedback Load (0.1ms)[0m  [1m[34mSELECT "feedbacks".* FROM "feedbacks" WHERE "feedbacks"."export_id" = $1 AND "feedbacks"."feedback_id" = $2 LIMIT $3[0m  [["export_id", 5], ["feedback_id", "59109"], ["LIMIT", 1]]
  ↳ app/controllers/feedbacks_controller.rb:13:in `mark_reviewed'
  [1m[36mTRANSACTION (0.2ms)[0m  [1m[35mBEGIN[0m
  ↳ app/controllers/feedbacks_controller.rb:13:in `mark_reviewed'
  [1m[36mFeedback Exists? (1.2ms)[0m  [1m[34mSELECT 1 AS one FROM "feedbacks" WHERE "feedbacks"."feedback_id" = $1 AND "feedbacks"."export_id" = $2 LIMIT $3[0m  [["feedback_id", "59109"], ["export_id", 5], ["LIMIT", 1]]
  ↳ app/controllers/feedbacks_controller.rb:13:in `mark_reviewed'
  [1m[36mFeedback Create (0.8ms)[0m  [1m[32mINSERT INTO "feedbacks" ("export_id", "feedback_id", "reviewed", "created_at", "updated_at") VALUES ($1, $2, $3, $4, $5) RETURNING "id"[0m  [["export_id", 5], ["feedback_id", "59109"], ["reviewed", false], ["created_at", "2025-11-06 11:53:13.863493"], ["updated_at", "2025-11-06 11:53:13.863493"]]
  ↳ app/controllers/feedbacks_controller.rb:13:in `mark_reviewed'
  [1m[36mTRANSACTION (11.1ms)[0m  [1m[35mCOMMIT[0m
  ↳ app/controllers/feedbacks_controller.rb:13:in `mark_reviewed'
  [1m[36mTRANSACTION (0.3ms)[0m  [1m[35mBEGIN[0m
  ↳ app/controllers/feedbacks_controller.rb:14:in `mark_reviewed'
  [1m[36mFeedback Update (0.7ms)[0m  [1m[33mUPDATE "feedbacks" SET "reviewed" = $1, "updated_at" = $2 WHERE "feedbacks"."id" = $3[0m  [["reviewed", true], ["updated_at", "2025-11-06 11:53:13.882563"], ["id", 1]]
  ↳ app/controllers/feedbacks_controller.rb:14:in `mark_reviewed'
  [1m[36mTRANSACTION (2.0ms)[0m  [1m[35mCOMMIT[0m
  ↳ app/controllers/feedbacks_controller.rb:14:in `mark_reviewed'
GitlabService using token: ZLZQKBfREcp... (length: 45)
Failed to add reaction: private method `add_reaction_to_note' called for an instance of GitlabService
Redirected to http://localhost:3000/exports/5
Completed 302 Found in 36ms (ActiveRecord: 21.0ms | Allocations: 11250)


Started GET "/exports/5" for 172.21.0.1 at 2025-11-06 11:53:13 +0000
Processing by ExportsController#show as HTML
  Parameters: {"id"=>"5"}
  [1m[36mExport Load (0.4ms)[0m  [1m[34mSELECT "exports".* FROM "exports" WHERE "exports"."id" = $1 LIMIT $2[0m  [["id", 5], ["LIMIT", 1]]
  ↳ app/controllers/exports_controller.rb:11:in `show'
  Rendering layout layouts/application.html.erb
  Rendering exports/show.html.erb within layouts/application
  [1m[36mFeedback Pluck (0.5ms)[0m  [1m[34mSELECT "feedbacks"."feedback_id" FROM "feedbacks" WHERE "feedbacks"."export_id" = $1 AND "feedbacks"."reviewed" = $2[0m  [["export_id", 5], ["reviewed", true]]
  ↳ app/views/exports/show.html.erb:15
  Rendered exports/show.html.erb within layouts/application (Duration: 9.0ms | Allocations: 6314)
  Rendered layout layouts/application.html.erb (Duration: 9.2ms | Allocations: 6475)
Completed 200 OK in 11ms (Views: 9.0ms | ActiveRecord: 0.9ms | Allocations: 7116)


Started PATCH "/exports/5/feedbacks/59110/mark_reviewed" for 172.21.0.1 at 2025-11-06 11:53:28 +0000
Processing by FeedbacksController#mark_reviewed as HTML
  Parameters: {"authenticity_token"=>"[FILTERED]", "export_id"=>"5", "id"=>"59110"}
  [1m[36mExport Load (0.5ms)[0m  [1m[34mSELECT "exports".* FROM "exports" WHERE "exports"."id" = $1 LIMIT $2[0m  [["id", 5], ["LIMIT", 1]]
  ↳ app/controllers/feedbacks_controller.rb:3:in `mark_reviewed'
  [1m[36mFeedback Load (0.4ms)[0m  [1m[34mSELECT "feedbacks".* FROM "feedbacks" WHERE "feedbacks"."export_id" = $1 AND "feedbacks"."feedback_id" = $2 LIMIT $3[0m  [["export_id", 5], ["feedback_id", "59110"], ["LIMIT", 1]]
  ↳ app/controllers/feedbacks_controller.rb:13:in `mark_reviewed'
  [1m[36mTRANSACTION (0.5ms)[0m  [1m[35mBEGIN[0m
  ↳ app/controllers/feedbacks_controller.rb:13:in `mark_reviewed'
  [1m[36mFeedback Exists? (2.1ms)[0m  [1m[34mSELECT 1 AS one FROM "feedbacks" WHERE "feedbacks"."feedback_id" = $1 AND "feedbacks"."export_id" = $2 LIMIT $3[0m  [["feedback_id", "59110"], ["export_id", 5], ["LIMIT", 1]]
  ↳ app/controllers/feedbacks_controller.rb:13:in `mark_reviewed'
  [1m[36mFeedback Create (0.8ms)[0m  [1m[32mINSERT INTO "feedbacks" ("export_id", "feedback_id", "reviewed", "created_at", "updated_at") VALUES ($1, $2, $3, $4, $5) RETURNING "id"[0m  [["export_id", 5], ["feedback_id", "59110"], ["reviewed", false], ["created_at", "2025-11-06 11:53:28.353864"], ["updated_at", "2025-11-06 11:53:28.353864"]]
  ↳ app/controllers/feedbacks_controller.rb:13:in `mark_reviewed'
  [1m[36mTRANSACTION (10.3ms)[0m  [1m[35mCOMMIT[0m
  ↳ app/controllers/feedbacks_controller.rb:13:in `mark_reviewed'
  [1m[36mTRANSACTION (0.4ms)[0m  [1m[35mBEGIN[0m
  ↳ app/controllers/feedbacks_controller.rb:14:in `mark_reviewed'
  [1m[36mFeedback Update (1.8ms)[0m  [1m[33mUPDATE "feedbacks" SET "reviewed" = $1, "updated_at" = $2 WHERE "feedbacks"."id" = $3[0m  [["reviewed", true], ["updated_at", "2025-11-06 11:53:28.367348"], ["id", 2]]
  ↳ app/controllers/feedbacks_controller.rb:14:in `mark_reviewed'
  [1m[36mTRANSACTION (1.8ms)[0m  [1m[35mCOMMIT[0m
  ↳ app/controllers/feedbacks_controller.rb:14:in `mark_reviewed'
GitlabService using token: ZLZQKBfREcp... (length: 45)
Failed to add reaction: private method `add_reaction_to_note' called for an instance of GitlabService
Redirected to http://localhost:3000/exports/5
Completed 302 Found in 34ms (ActiveRecord: 18.2ms | Allocations: 6000)


Started GET "/exports/5" for 172.21.0.1 at 2025-11-06 11:53:28 +0000
Processing by ExportsController#show as HTML
  Parameters: {"id"=>"5"}
  [1m[36mExport Load (0.5ms)[0m  [1m[34mSELECT "exports".* FROM "exports" WHERE "exports"."id" = $1 LIMIT $2[0m  [["id", 5], ["LIMIT", 1]]
  ↳ app/controllers/exports_controller.rb:11:in `show'
  Rendering layout layouts/application.html.erb
  Rendering exports/show.html.erb within layouts/application
  [1m[36mFeedback Pluck (0.3ms)[0m  [1m[34mSELECT "feedbacks"."feedback_id" FROM "feedbacks" WHERE "feedbacks"."export_id" = $1 AND "feedbacks"."reviewed" = $2[0m  [["export_id", 5], ["reviewed", true]]
  ↳ app/views/exports/show.html.erb:15
  Rendered exports/show.html.erb within layouts/application (Duration: 6.8ms | Allocations: 6184)
  Rendered layout layouts/application.html.erb (Duration: 7.0ms | Allocations: 6345)
Completed 200 OK in 9ms (Views: 7.1ms | ActiveRecord: 0.7ms | Allocations: 6986)


Started PATCH "/exports/5/feedbacks/59111/mark_reviewed" for 172.21.0.1 at 2025-11-06 11:53:32 +0000
Processing by FeedbacksController#mark_reviewed as HTML
  Parameters: {"authenticity_token"=>"[FILTERED]", "export_id"=>"5", "id"=>"59111"}
  [1m[36mExport Load (0.3ms)[0m  [1m[34mSELECT "exports".* FROM "exports" WHERE "exports"."id" = $1 LIMIT $2[0m  [["id", 5], ["LIMIT", 1]]
  ↳ app/controllers/feedbacks_controller.rb:3:in `mark_reviewed'
  [1m[36mFeedback Load (0.3ms)[0m  [1m[34mSELECT "feedbacks".* FROM "feedbacks" WHERE "feedbacks"."export_id" = $1 AND "feedbacks"."feedback_id" = $2 LIMIT $3[0m  [["export_id", 5], ["feedback_id", "59111"], ["LIMIT", 1]]
  ↳ app/controllers/feedbacks_controller.rb:13:in `mark_reviewed'
  [1m[36mTRANSACTION (0.1ms)[0m  [1m[35mBEGIN[0m
  ↳ app/controllers/feedbacks_controller.rb:13:in `mark_reviewed'
  [1m[36mFeedback Exists? (1.1ms)[0m  [1m[34mSELECT 1 AS one FROM "feedbacks" WHERE "feedbacks"."feedback_id" = $1 AND "feedbacks"."export_id" = $2 LIMIT $3[0m  [["feedback_id", "59111"], ["export_id", 5], ["LIMIT", 1]]
  ↳ app/controllers/feedbacks_controller.rb:13:in `mark_reviewed'
  [1m[36mFeedback Create (0.4ms)[0m  [1m[32mINSERT INTO "feedbacks" ("export_id", "feedback_id", "reviewed", "created_at", "updated_at") VALUES ($1, $2, $3, $4, $5) RETURNING "id"[0m  [["export_id", 5], ["feedback_id", "59111"], ["reviewed", false], ["created_at", "2025-11-06 11:53:33.003188"], ["updated_at", "2025-11-06 11:53:33.003188"]]
  ↳ app/controllers/feedbacks_controller.rb:13:in `mark_reviewed'
  [1m[36mTRANSACTION (1.6ms)[0m  [1m[35mCOMMIT[0m
  ↳ app/controllers/feedbacks_controller.rb:13:in `mark_reviewed'
  [1m[36mTRANSACTION (0.1ms)[0m  [1m[35mBEGIN[0m
  ↳ app/controllers/feedbacks_controller.rb:14:in `mark_reviewed'
  [1m[36mFeedback Update (0.6ms)[0m  [1m[33mUPDATE "feedbacks" SET "reviewed" = $1, "updated_at" = $2 WHERE "feedbacks"."id" = $3[0m  [["reviewed", true], ["updated_at", "2025-11-06 11:53:33.007255"], ["id", 3]]
  ↳ app/controllers/feedbacks_controller.rb:14:in `mark_reviewed'
  [1m[36mTRANSACTION (1.6ms)[0m  [1m[35mCOMMIT[0m
  ↳ app/controllers/feedbacks_controller.rb:14:in `mark_reviewed'
GitlabService using token: ZLZQKBfREcp... (length: 45)
Failed to add reaction: private method `add_reaction_to_note' called for an instance of GitlabService
Redirected to http://localhost:3000/exports/5
Completed 302 Found in 14ms (ActiveRecord: 5.9ms | Allocations: 5981)


Started GET "/exports/5" for 172.21.0.1 at 2025-11-06 11:53:33 +0000
Processing by ExportsController#show as HTML
  Parameters: {"id"=>"5"}
  [1m[36mExport Load (0.1ms)[0m  [1m[34mSELECT "exports".* FROM "exports" WHERE "exports"."id" = $1 LIMIT $2[0m  [["id", 5], ["LIMIT", 1]]
  ↳ app/controllers/exports_controller.rb:11:in `show'
  Rendering layout layouts/application.html.erb
  Rendering exports/show.html.erb within layouts/application
  [1m[36mFeedback Pluck (0.2ms)[0m  [1m[34mSELECT "feedbacks"."feedback_id" FROM "feedbacks" WHERE "feedbacks"."export_id" = $1 AND "feedbacks"."reviewed" = $2[0m  [["export_id", 5], ["reviewed", true]]
  ↳ app/views/exports/show.html.erb:15
  Rendered exports/show.html.erb within layouts/application (Duration: 4.7ms | Allocations: 6094)
  Rendered layout layouts/application.html.erb (Duration: 4.8ms | Allocations: 6255)
Completed 200 OK in 6ms (Views: 4.8ms | ActiveRecord: 0.3ms | Allocations: 6896)


Started PATCH "/exports/5/feedbacks/59112/mark_reviewed" for 172.21.0.1 at 2025-11-06 11:53:38 +0000
Processing by FeedbacksController#mark_reviewed as HTML
  Parameters: {"authenticity_token"=>"[FILTERED]", "export_id"=>"5", "id"=>"59112"}
  [1m[36mExport Load (0.3ms)[0m  [1m[34mSELECT "exports".* FROM "exports" WHERE "exports"."id" = $1 LIMIT $2[0m  [["id", 5], ["LIMIT", 1]]
  ↳ app/controllers/feedbacks_controller.rb:3:in `mark_reviewed'
  [1m[36mFeedback Load (0.1ms)[0m  [1m[34mSELECT "feedbacks".* FROM "feedbacks" WHERE "feedbacks"."export_id" = $1 AND "feedbacks"."feedback_id" = $2 LIMIT $3[0m  [["export_id", 5], ["feedback_id", "59112"], ["LIMIT", 1]]
  ↳ app/controllers/feedbacks_controller.rb:13:in `mark_reviewed'
  [1m[36mTRANSACTION (0.0ms)[0m  [1m[35mBEGIN[0m
  ↳ app/controllers/feedbacks_controller.rb:13:in `mark_reviewed'
  [1m[36mFeedback Exists? (0.4ms)[0m  [1m[34mSELECT 1 AS one FROM "feedbacks" WHERE "feedbacks"."feedback_id" = $1 AND "feedbacks"."export_id" = $2 LIMIT $3[0m  [["feedback_id", "59112"], ["export_id", 5], ["LIMIT", 1]]
  ↳ app/controllers/feedbacks_controller.rb:13:in `mark_reviewed'
  [1m[36mFeedback Create (0.2ms)[0m  [1m[32mINSERT INTO "feedbacks" ("export_id", "feedback_id", "reviewed", "created_at", "updated_at") VALUES ($1, $2, $3, $4, $5) RETURNING "id"[0m  [["export_id", 5], ["feedback_id", "59112"], ["reviewed", false], ["created_at", "2025-11-06 11:53:38.072828"], ["updated_at", "2025-11-06 11:53:38.072828"]]
  ↳ app/controllers/feedbacks_controller.rb:13:in `mark_reviewed'
  [1m[36mTRANSACTION (10.0ms)[0m  [1m[35mCOMMIT[0m
  ↳ app/controllers/feedbacks_controller.rb:13:in `mark_reviewed'
  [1m[36mTRANSACTION (0.2ms)[0m  [1m[35mBEGIN[0m
  ↳ app/controllers/feedbacks_controller.rb:14:in `mark_reviewed'
  [1m[36mFeedback Update (1.5ms)[0m  [1m[33mUPDATE "feedbacks" SET "reviewed" = $1, "updated_at" = $2 WHERE "feedbacks"."id" = $3[0m  [["reviewed", true], ["updated_at", "2025-11-06 11:53:38.084442"], ["id", 4]]
  ↳ app/controllers/feedbacks_controller.rb:14:in `mark_reviewed'
  [1m[36mTRANSACTION (1.8ms)[0m  [1m[35mCOMMIT[0m
  ↳ app/controllers/feedbacks_controller.rb:14:in `mark_reviewed'
GitlabService using token: ZLZQKBfREcp... (length: 45)
Failed to add reaction: private method `add_reaction_to_note' called for an instance of GitlabService
Redirected to http://localhost:3000/exports/5
Completed 302 Found in 21ms (ActiveRecord: 14.7ms | Allocations: 6014)


Started GET "/exports/5" for 172.21.0.1 at 2025-11-06 11:53:38 +0000
Processing by ExportsController#show as HTML
  Parameters: {"id"=>"5"}
  [1m[36mExport Load (0.5ms)[0m  [1m[34mSELECT "exports".* FROM "exports" WHERE "exports"."id" = $1 LIMIT $2[0m  [["id", 5], ["LIMIT", 1]]
  ↳ app/controllers/exports_controller.rb:11:in `show'
  Rendering layout layouts/application.html.erb
  Rendering exports/show.html.erb within layouts/application
  [1m[36mFeedback Pluck (0.4ms)[0m  [1m[34mSELECT "feedbacks"."feedback_id" FROM "feedbacks" WHERE "feedbacks"."export_id" = $1 AND "feedbacks"."reviewed" = $2[0m  [["export_id", 5], ["reviewed", true]]
  ↳ app/views/exports/show.html.erb:15
  Rendered exports/show.html.erb within layouts/application (Duration: 7.8ms | Allocations: 5977)
  Rendered layout layouts/application.html.erb (Duration: 8.1ms | Allocations: 6138)
Completed 200 OK in 10ms (Views: 8.1ms | ActiveRecord: 0.8ms | Allocations: 6779)


Started PATCH "/exports/5/feedbacks/59113/mark_reviewed" for 172.21.0.1 at 2025-11-06 11:53:42 +0000
Processing by FeedbacksController#mark_reviewed as HTML
  Parameters: {"authenticity_token"=>"[FILTERED]", "export_id"=>"5", "id"=>"59113"}
  [1m[36mExport Load (0.3ms)[0m  [1m[34mSELECT "exports".* FROM "exports" WHERE "exports"."id" = $1 LIMIT $2[0m  [["id", 5], ["LIMIT", 1]]
  ↳ app/controllers/feedbacks_controller.rb:3:in `mark_reviewed'
  [1m[36mFeedback Load (0.2ms)[0m  [1m[34mSELECT "feedbacks".* FROM "feedbacks" WHERE "feedbacks"."export_id" = $1 AND "feedbacks"."feedback_id" = $2 LIMIT $3[0m  [["export_id", 5], ["feedback_id", "59113"], ["LIMIT", 1]]
  ↳ app/controllers/feedbacks_controller.rb:13:in `mark_reviewed'
  [1m[36mTRANSACTION (0.1ms)[0m  [1m[35mBEGIN[0m
  ↳ app/controllers/feedbacks_controller.rb:13:in `mark_reviewed'
  [1m[36mFeedback Exists? (1.1ms)[0m  [1m[34mSELECT 1 AS one FROM "feedbacks" WHERE "feedbacks"."feedback_id" = $1 AND "feedbacks"."export_id" = $2 LIMIT $3[0m  [["feedback_id", "59113"], ["export_id", 5], ["LIMIT", 1]]
  ↳ app/controllers/feedbacks_controller.rb:13:in `mark_reviewed'
  [1m[36mFeedback Create (0.3ms)[0m  [1m[32mINSERT INTO "feedbacks" ("export_id", "feedback_id", "reviewed", "created_at", "updated_at") VALUES ($1, $2, $3, $4, $5) RETURNING "id"[0m  [["export_id", 5], ["feedback_id", "59113"], ["reviewed", false], ["created_at", "2025-11-06 11:53:43.004650"], ["updated_at", "2025-11-06 11:53:43.004650"]]
  ↳ app/controllers/feedbacks_controller.rb:13:in `mark_reviewed'
  [1m[36mTRANSACTION (2.2ms)[0m  [1m[35mCOMMIT[0m
  ↳ app/controllers/feedbacks_controller.rb:13:in `mark_reviewed'
  [1m[36mTRANSACTION (0.1ms)[0m  [1m[35mBEGIN[0m
  ↳ app/controllers/feedbacks_controller.rb:14:in `mark_reviewed'
  [1m[36mFeedback Update (1.1ms)[0m  [1m[33mUPDATE "feedbacks" SET "reviewed" = $1, "updated_at" = $2 WHERE "feedbacks"."id" = $3[0m  [["reviewed", true], ["updated_at", "2025-11-06 11:53:43.009007"], ["id", 5]]
  ↳ app/controllers/feedbacks_controller.rb:14:in `mark_reviewed'
  [1m[36mTRANSACTION (1.7ms)[0m  [1m[35mCOMMIT[0m
  ↳ app/controllers/feedbacks_controller.rb:14:in `mark_reviewed'
GitlabService using token: ZLZQKBfREcp... (length: 45)
Failed to add reaction: private method `add_reaction_to_note' called for an instance of GitlabService
Redirected to http://localhost:3000/exports/5
Completed 302 Found in 15ms (ActiveRecord: 7.0ms | Allocations: 5981)


Started GET "/exports/5" for 172.21.0.1 at 2025-11-06 11:53:43 +0000
Processing by ExportsController#show as HTML
  Parameters: {"id"=>"5"}
  [1m[36mExport Load (0.3ms)[0m  [1m[34mSELECT "exports".* FROM "exports" WHERE "exports"."id" = $1 LIMIT $2[0m  [["id", 5], ["LIMIT", 1]]
  ↳ app/controllers/exports_controller.rb:11:in `show'
  Rendering layout layouts/application.html.erb
  Rendering exports/show.html.erb within layouts/application
  [1m[36mFeedback Pluck (0.2ms)[0m  [1m[34mSELECT "feedbacks"."feedback_id" FROM "feedbacks" WHERE "feedbacks"."export_id" = $1 AND "feedbacks"."reviewed" = $2[0m  [["export_id", 5], ["reviewed", true]]
  ↳ app/views/exports/show.html.erb:15
  Rendered exports/show.html.erb within layouts/application (Duration: 5.9ms | Allocations: 5866)
  Rendered layout layouts/application.html.erb (Duration: 6.0ms | Allocations: 6027)
Completed 200 OK in 7ms (Views: 6.1ms | ActiveRecord: 0.4ms | Allocations: 6668)


Started PATCH "/exports/5/feedbacks/59114/mark_reviewed" for 172.21.0.1 at 2025-11-06 11:53:46 +0000
Processing by FeedbacksController#mark_reviewed as HTML
  Parameters: {"authenticity_token"=>"[FILTERED]", "export_id"=>"5", "id"=>"59114"}
  [1m[36mExport Load (0.1ms)[0m  [1m[34mSELECT "exports".* FROM "exports" WHERE "exports"."id" = $1 LIMIT $2[0m  [["id", 5], ["LIMIT", 1]]
  ↳ app/controllers/feedbacks_controller.rb:3:in `mark_reviewed'
  [1m[36mFeedback Load (0.2ms)[0m  [1m[34mSELECT "feedbacks".* FROM "feedbacks" WHERE "feedbacks"."export_id" = $1 AND "feedbacks"."feedback_id" = $2 LIMIT $3[0m  [["export_id", 5], ["feedback_id", "59114"], ["LIMIT", 1]]
  ↳ app/controllers/feedbacks_controller.rb:13:in `mark_reviewed'
  [1m[36mTRANSACTION (0.0ms)[0m  [1m[35mBEGIN[0m
  ↳ app/controllers/feedbacks_controller.rb:13:in `mark_reviewed'
  [1m[36mFeedback Exists? (0.5ms)[0m  [1m[34mSELECT 1 AS one FROM "feedbacks" WHERE "feedbacks"."feedback_id" = $1 AND "feedbacks"."export_id" = $2 LIMIT $3[0m  [["feedback_id", "59114"], ["export_id", 5], ["LIMIT", 1]]
  ↳ app/controllers/feedbacks_controller.rb:13:in `mark_reviewed'
  [1m[36mFeedback Create (0.5ms)[0m  [1m[32mINSERT INTO "feedbacks" ("export_id", "feedback_id", "reviewed", "created_at", "updated_at") VALUES ($1, $2, $3, $4, $5) RETURNING "id"[0m  [["export_id", 5], ["feedback_id", "59114"], ["reviewed", false], ["created_at", "2025-11-06 11:53:46.762263"], ["updated_at", "2025-11-06 11:53:46.762263"]]
  ↳ app/controllers/feedbacks_controller.rb:13:in `mark_reviewed'
  [1m[36mTRANSACTION (1.7ms)[0m  [1m[35mCOMMIT[0m
  ↳ app/controllers/feedbacks_controller.rb:13:in `mark_reviewed'
  [1m[36mTRANSACTION (0.2ms)[0m  [1m[35mBEGIN[0m
  ↳ app/controllers/feedbacks_controller.rb:14:in `mark_reviewed'
  [1m[36mFeedback Update (1.1ms)[0m  [1m[33mUPDATE "feedbacks" SET "reviewed" = $1, "updated_at" = $2 WHERE "feedbacks"."id" = $3[0m  [["reviewed", true], ["updated_at", "2025-11-06 11:53:46.766305"], ["id", 6]]
  ↳ app/controllers/feedbacks_controller.rb:14:in `mark_reviewed'
  [1m[36mTRANSACTION (1.7ms)[0m  [1m[35mCOMMIT[0m
  ↳ app/controllers/feedbacks_controller.rb:14:in `mark_reviewed'
GitlabService using token: ZLZQKBfREcp... (length: 45)
Failed to add reaction: private method `add_reaction_to_note' called for an instance of GitlabService
Redirected to http://localhost:3000/exports/5
Completed 302 Found in 12ms (ActiveRecord: 6.1ms | Allocations: 6002)


Started GET "/exports/5" for 172.21.0.1 at 2025-11-06 11:53:46 +0000
Processing by ExportsController#show as HTML
  Parameters: {"id"=>"5"}
  [1m[36mExport Load (0.4ms)[0m  [1m[34mSELECT "exports".* FROM "exports" WHERE "exports"."id" = $1 LIMIT $2[0m  [["id", 5], ["LIMIT", 1]]
  ↳ app/controllers/exports_controller.rb:11:in `show'
  Rendering layout layouts/application.html.erb
  Rendering exports/show.html.erb within layouts/application
  [1m[36mFeedback Pluck (0.3ms)[0m  [1m[34mSELECT "feedbacks"."feedback_id" FROM "feedbacks" WHERE "feedbacks"."export_id" = $1 AND "feedbacks"."reviewed" = $2[0m  [["export_id", 5], ["reviewed", true]]
  ↳ app/views/exports/show.html.erb:15
  Rendered exports/show.html.erb within layouts/application (Duration: 7.4ms | Allocations: 5755)
  Rendered layout layouts/application.html.erb (Duration: 7.7ms | Allocations: 5916)
Completed 200 OK in 10ms (Views: 7.8ms | ActiveRecord: 0.7ms | Allocations: 6557)


Started PATCH "/exports/5/feedbacks/59115/mark_reviewed" for 172.21.0.1 at 2025-11-06 11:53:52 +0000
Processing by FeedbacksController#mark_reviewed as HTML
  Parameters: {"authenticity_token"=>"[FILTERED]", "export_id"=>"5", "id"=>"59115"}
  [1m[36mExport Load (0.3ms)[0m  [1m[34mSELECT "exports".* FROM "exports" WHERE "exports"."id" = $1 LIMIT $2[0m  [["id", 5], ["LIMIT", 1]]
  ↳ app/controllers/feedbacks_controller.rb:3:in `mark_reviewed'
  [1m[36mFeedback Load (0.2ms)[0m  [1m[34mSELECT "feedbacks".* FROM "feedbacks" WHERE "feedbacks"."export_id" = $1 AND "feedbacks"."feedback_id" = $2 LIMIT $3[0m  [["export_id", 5], ["feedback_id", "59115"], ["LIMIT", 1]]
  ↳ app/controllers/feedbacks_controller.rb:13:in `mark_reviewed'
  [1m[36mTRANSACTION (0.3ms)[0m  [1m[35mBEGIN[0m
  ↳ app/controllers/feedbacks_controller.rb:13:in `mark_reviewed'
  [1m[36mFeedback Exists? (1.7ms)[0m  [1m[34mSELECT 1 AS one FROM "feedbacks" WHERE "feedbacks"."feedback_id" = $1 AND "feedbacks"."export_id" = $2 LIMIT $3[0m  [["feedback_id", "59115"], ["export_id", 5], ["LIMIT", 1]]
  ↳ app/controllers/feedbacks_controller.rb:13:in `mark_reviewed'
  [1m[36mFeedback Create (0.5ms)[0m  [1m[32mINSERT INTO "feedbacks" ("export_id", "feedback_id", "reviewed", "created_at", "updated_at") VALUES ($1, $2, $3, $4, $5) RETURNING "id"[0m  [["export_id", 5], ["feedback_id", "59115"], ["reviewed", false], ["created_at", "2025-11-06 11:53:52.031648"], ["updated_at", "2025-11-06 11:53:52.031648"]]
  ↳ app/controllers/feedbacks_controller.rb:13:in `mark_reviewed'
  [1m[36mTRANSACTION (2.5ms)[0m  [1m[35mCOMMIT[0m
  ↳ app/controllers/feedbacks_controller.rb:13:in `mark_reviewed'
  [1m[36mTRANSACTION (0.4ms)[0m  [1m[35mBEGIN[0m
  ↳ app/controllers/feedbacks_controller.rb:14:in `mark_reviewed'
  [1m[36mFeedback Update (1.7ms)[0m  [1m[33mUPDATE "feedbacks" SET "reviewed" = $1, "updated_at" = $2 WHERE "feedbacks"."id" = $3[0m  [["reviewed", true], ["updated_at", "2025-11-06 11:53:52.039168"], ["id", 7]]
  ↳ app/controllers/feedbacks_controller.rb:14:in `mark_reviewed'
  [1m[36mTRANSACTION (1.7ms)[0m  [1m[35mCOMMIT[0m
  ↳ app/controllers/feedbacks_controller.rb:14:in `mark_reviewed'
GitlabService using token: ZLZQKBfREcp... (length: 45)
Failed to add reaction: private method `add_reaction_to_note' called for an instance of GitlabService
Redirected to http://localhost:3000/exports/5
Completed 302 Found in 18ms (ActiveRecord: 9.1ms | Allocations: 5995)


Started GET "/exports/5" for 172.21.0.1 at 2025-11-06 11:53:52 +0000
Processing by ExportsController#show as HTML
  Parameters: {"id"=>"5"}
  [1m[36mExport Load (0.2ms)[0m  [1m[34mSELECT "exports".* FROM "exports" WHERE "exports"."id" = $1 LIMIT $2[0m  [["id", 5], ["LIMIT", 1]]
  ↳ app/controllers/exports_controller.rb:11:in `show'
  Rendering layout layouts/application.html.erb
  Rendering exports/show.html.erb within layouts/application
  [1m[36mFeedback Pluck (0.2ms)[0m  [1m[34mSELECT "feedbacks"."feedback_id" FROM "feedbacks" WHERE "feedbacks"."export_id" = $1 AND "feedbacks"."reviewed" = $2[0m  [["export_id", 5], ["reviewed", true]]
  ↳ app/views/exports/show.html.erb:15
  Rendered exports/show.html.erb within layouts/application (Duration: 9.0ms | Allocations: 5638)
  Rendered layout layouts/application.html.erb (Duration: 9.3ms | Allocations: 5799)
Completed 200 OK in 11ms (Views: 9.7ms | ActiveRecord: 0.4ms | Allocations: 6440)


Started PATCH "/exports/5/feedbacks/59689/mark_reviewed" for 172.21.0.1 at 2025-11-06 11:53:57 +0000
Processing by FeedbacksController#mark_reviewed as HTML
  Parameters: {"authenticity_token"=>"[FILTERED]", "export_id"=>"5", "id"=>"59689"}
  [1m[36mExport Load (0.3ms)[0m  [1m[34mSELECT "exports".* FROM "exports" WHERE "exports"."id" = $1 LIMIT $2[0m  [["id", 5], ["LIMIT", 1]]
  ↳ app/controllers/feedbacks_controller.rb:3:in `mark_reviewed'
  [1m[36mFeedback Load (0.1ms)[0m  [1m[34mSELECT "feedbacks".* FROM "feedbacks" WHERE "feedbacks"."export_id" = $1 AND "feedbacks"."feedback_id" = $2 LIMIT $3[0m  [["export_id", 5], ["feedback_id", "59689"], ["LIMIT", 1]]
  ↳ app/controllers/feedbacks_controller.rb:13:in `mark_reviewed'
  [1m[36mTRANSACTION (0.1ms)[0m  [1m[35mBEGIN[0m
  ↳ app/controllers/feedbacks_controller.rb:13:in `mark_reviewed'
  [1m[36mFeedback Exists? (1.2ms)[0m  [1m[34mSELECT 1 AS one FROM "feedbacks" WHERE "feedbacks"."feedback_id" = $1 AND "feedbacks"."export_id" = $2 LIMIT $3[0m  [["feedback_id", "59689"], ["export_id", 5], ["LIMIT", 1]]
  ↳ app/controllers/feedbacks_controller.rb:13:in `mark_reviewed'
  [1m[36mFeedback Create (0.3ms)[0m  [1m[32mINSERT INTO "feedbacks" ("export_id", "feedback_id", "reviewed", "created_at", "updated_at") VALUES ($1, $2, $3, $4, $5) RETURNING "id"[0m  [["export_id", 5], ["feedback_id", "59689"], ["reviewed", false], ["created_at", "2025-11-06 11:53:57.651544"], ["updated_at", "2025-11-06 11:53:57.651544"]]
  ↳ app/controllers/feedbacks_controller.rb:13:in `mark_reviewed'
  [1m[36mTRANSACTION (2.7ms)[0m  [1m[35mCOMMIT[0m
  ↳ app/controllers/feedbacks_controller.rb:13:in `mark_reviewed'
  [1m[36mTRANSACTION (0.1ms)[0m  [1m[35mBEGIN[0m
  ↳ app/controllers/feedbacks_controller.rb:14:in `mark_reviewed'
  [1m[36mFeedback Update (1.2ms)[0m  [1m[33mUPDATE "feedbacks" SET "reviewed" = $1, "updated_at" = $2 WHERE "feedbacks"."id" = $3[0m  [["reviewed", true], ["updated_at", "2025-11-06 11:53:57.656548"], ["id", 8]]
  ↳ app/controllers/feedbacks_controller.rb:14:in `mark_reviewed'
  [1m[36mTRANSACTION (1.5ms)[0m  [1m[35mCOMMIT[0m
  ↳ app/controllers/feedbacks_controller.rb:14:in `mark_reviewed'
GitlabService using token: ZLZQKBfREcp... (length: 45)
Failed to add reaction: private method `add_reaction_to_note' called for an instance of GitlabService
Redirected to http://localhost:3000/exports/5
Completed 302 Found in 16ms (ActiveRecord: 7.5ms | Allocations: 5988)


Started GET "/exports/5" for 172.21.0.1 at 2025-11-06 11:53:57 +0000
Processing by ExportsController#show as HTML
  Parameters: {"id"=>"5"}
  [1m[36mExport Load (0.1ms)[0m  [1m[34mSELECT "exports".* FROM "exports" WHERE "exports"."id" = $1 LIMIT $2[0m  [["id", 5], ["LIMIT", 1]]
  ↳ app/controllers/exports_controller.rb:11:in `show'
  Rendering layout layouts/application.html.erb
  Rendering exports/show.html.erb within layouts/application
  [1m[36mFeedback Pluck (0.1ms)[0m  [1m[34mSELECT "feedbacks"."feedback_id" FROM "feedbacks" WHERE "feedbacks"."export_id" = $1 AND "feedbacks"."reviewed" = $2[0m  [["export_id", 5], ["reviewed", true]]
  ↳ app/views/exports/show.html.erb:15
  Rendered exports/show.html.erb within layouts/application (Duration: 4.9ms | Allocations: 5521)
  Rendered layout layouts/application.html.erb (Duration: 5.2ms | Allocations: 5682)
Completed 200 OK in 6ms (Views: 5.3ms | ActiveRecord: 0.2ms | Allocations: 6323)


Started PATCH "/exports/5/feedbacks/59116/mark_reviewed" for 172.21.0.1 at 2025-11-06 11:54:12 +0000
Processing by FeedbacksController#mark_reviewed as HTML
  Parameters: {"authenticity_token"=>"[FILTERED]", "export_id"=>"5", "id"=>"59116"}
  [1m[36mExport Load (0.4ms)[0m  [1m[34mSELECT "exports".* FROM "exports" WHERE "exports"."id" = $1 LIMIT $2[0m  [["id", 5], ["LIMIT", 1]]
  ↳ app/controllers/feedbacks_controller.rb:3:in `mark_reviewed'
  [1m[36mFeedback Load (0.2ms)[0m  [1m[34mSELECT "feedbacks".* FROM "feedbacks" WHERE "feedbacks"."export_id" = $1 AND "feedbacks"."feedback_id" = $2 LIMIT $3[0m  [["export_id", 5], ["feedback_id", "59116"], ["LIMIT", 1]]
  ↳ app/controllers/feedbacks_controller.rb:13:in `mark_reviewed'
  [1m[36mTRANSACTION (0.2ms)[0m  [1m[35mBEGIN[0m
  ↳ app/controllers/feedbacks_controller.rb:13:in `mark_reviewed'
  [1m[36mFeedback Exists? (1.0ms)[0m  [1m[34mSELECT 1 AS one FROM "feedbacks" WHERE "feedbacks"."feedback_id" = $1 AND "feedbacks"."export_id" = $2 LIMIT $3[0m  [["feedback_id", "59116"], ["export_id", 5], ["LIMIT", 1]]
  ↳ app/controllers/feedbacks_controller.rb:13:in `mark_reviewed'
  [1m[36mFeedback Create (0.2ms)[0m  [1m[32mINSERT INTO "feedbacks" ("export_id", "feedback_id", "reviewed", "created_at", "updated_at") VALUES ($1, $2, $3, $4, $5) RETURNING "id"[0m  [["export_id", 5], ["feedback_id", "59116"], ["reviewed", false], ["created_at", "2025-11-06 11:54:12.043756"], ["updated_at", "2025-11-06 11:54:12.043756"]]
  ↳ app/controllers/feedbacks_controller.rb:13:in `mark_reviewed'
  [1m[36mTRANSACTION (10.0ms)[0m  [1m[35mCOMMIT[0m
  ↳ app/controllers/feedbacks_controller.rb:13:in `mark_reviewed'
  [1m[36mTRANSACTION (0.2ms)[0m  [1m[35mBEGIN[0m
  ↳ app/controllers/feedbacks_controller.rb:14:in `mark_reviewed'
  [1m[36mFeedback Update (2.0ms)[0m  [1m[33mUPDATE "feedbacks" SET "reviewed" = $1, "updated_at" = $2 WHERE "feedbacks"."id" = $3[0m  [["reviewed", true], ["updated_at", "2025-11-06 11:54:12.055812"], ["id", 9]]
  ↳ app/controllers/feedbacks_controller.rb:14:in `mark_reviewed'
  [1m[36mTRANSACTION (2.0ms)[0m  [1m[35mCOMMIT[0m
  ↳ app/controllers/feedbacks_controller.rb:14:in `mark_reviewed'
GitlabService using token: ZLZQKBfREcp... (length: 45)
Failed to add reaction: private method `add_reaction_to_note' called for an instance of GitlabService
Redirected to http://localhost:3000/exports/5
Completed 302 Found in 27ms (ActiveRecord: 16.1ms | Allocations: 6000)


Started GET "/exports/5" for 172.21.0.1 at 2025-11-06 11:54:12 +0000
Processing by ExportsController#show as HTML
  Parameters: {"id"=>"5"}
  [1m[36mExport Load (0.3ms)[0m  [1m[34mSELECT "exports".* FROM "exports" WHERE "exports"."id" = $1 LIMIT $2[0m  [["id", 5], ["LIMIT", 1]]
  ↳ app/controllers/exports_controller.rb:11:in `show'
  Rendering layout layouts/application.html.erb
  Rendering exports/show.html.erb within layouts/application
  [1m[36mFeedback Pluck (0.2ms)[0m  [1m[34mSELECT "feedbacks"."feedback_id" FROM "feedbacks" WHERE "feedbacks"."export_id" = $1 AND "feedbacks"."reviewed" = $2[0m  [["export_id", 5], ["reviewed", true]]
  ↳ app/views/exports/show.html.erb:15
  Rendered exports/show.html.erb within layouts/application (Duration: 7.2ms | Allocations: 5419)
  Rendered layout layouts/application.html.erb (Duration: 7.4ms | Allocations: 5580)
Completed 200 OK in 9ms (Views: 7.6ms | ActiveRecord: 0.4ms | Allocations: 6221)


Started GET "/exports/5" for 172.21.0.1 at 2025-11-06 11:55:00 +0000
Processing by ExportsController#show as HTML
  Parameters: {"id"=>"5"}
  [1m[36mExport Load (0.1ms)[0m  [1m[34mSELECT "exports".* FROM "exports" WHERE "exports"."id" = $1 LIMIT $2[0m  [["id", 5], ["LIMIT", 1]]
  ↳ app/controllers/exports_controller.rb:11:in `show'
  Rendering layout layouts/application.html.erb
  Rendering exports/show.html.erb within layouts/application
  [1m[36mFeedback Pluck (0.1ms)[0m  [1m[34mSELECT "feedbacks"."feedback_id" FROM "feedbacks" WHERE "feedbacks"."export_id" = $1 AND "feedbacks"."reviewed" = $2[0m  [["export_id", 5], ["reviewed", true]]
  ↳ app/views/exports/show.html.erb:15
  Rendered exports/show.html.erb within layouts/application (Duration: 5.7ms | Allocations: 7543)
  Rendered layout layouts/application.html.erb (Duration: 6.2ms | Allocations: 7972)
Completed 200 OK in 13ms (Views: 5.8ms | ActiveRecord: 2.3ms | Allocations: 14855)


Started GET "/exports/5" for 172.21.0.1 at 2025-11-06 12:00:58 +0000
Processing by ExportsController#show as HTML
  Parameters: {"id"=>"5"}
  [1m[36mExport Load (0.2ms)[0m  [1m[34mSELECT "exports".* FROM "exports" WHERE "exports"."id" = $1 LIMIT $2[0m  [["id", 5], ["LIMIT", 1]]
  ↳ app/controllers/exports_controller.rb:11:in `show'
  Rendering layout layouts/application.html.erb
  Rendering exports/show.html.erb within layouts/application
  [1m[36mFeedback Pluck (0.3ms)[0m  [1m[34mSELECT "feedbacks"."feedback_id" FROM "feedbacks" WHERE "feedbacks"."export_id" = $1 AND "feedbacks"."reviewed" = $2[0m  [["export_id", 5], ["reviewed", true]]
  ↳ app/views/exports/show.html.erb:15
  Rendered exports/show.html.erb within layouts/application (Duration: 3.3ms | Allocations: 3384)
  Rendered layout layouts/application.html.erb (Duration: 4.0ms | Allocations: 4258)
Completed 200 OK in 20ms (Views: 4.5ms | ActiveRecord: 2.6ms | Allocations: 14104)


Started PATCH "/exports/5/feedbacks/59117/mark_reviewed" for 172.21.0.1 at 2025-11-06 12:01:02 +0000
Processing by FeedbacksController#mark_reviewed as JSON
  Parameters: {"export_id"=>"5", "id"=>"59117", "feedback"=>{}}
  [1m[36mExport Load (0.4ms)[0m  [1m[34mSELECT "exports".* FROM "exports" WHERE "exports"."id" = $1 LIMIT $2[0m  [["id", 5], ["LIMIT", 1]]
  ↳ app/controllers/feedbacks_controller.rb:3:in `mark_reviewed'
  [1m[36mFeedback Load (0.2ms)[0m  [1m[34mSELECT "feedbacks".* FROM "feedbacks" WHERE "feedbacks"."export_id" = $1 AND "feedbacks"."feedback_id" = $2 LIMIT $3[0m  [["export_id", 5], ["feedback_id", "59117"], ["LIMIT", 1]]
  ↳ app/controllers/feedbacks_controller.rb:13:in `mark_reviewed'
  [1m[36mTRANSACTION (0.2ms)[0m  [1m[35mBEGIN[0m
  ↳ app/controllers/feedbacks_controller.rb:13:in `mark_reviewed'
  [1m[36mFeedback Exists? (2.0ms)[0m  [1m[34mSELECT 1 AS one FROM "feedbacks" WHERE "feedbacks"."feedback_id" = $1 AND "feedbacks"."export_id" = $2 LIMIT $3[0m  [["feedback_id", "59117"], ["export_id", 5], ["LIMIT", 1]]
  ↳ app/controllers/feedbacks_controller.rb:13:in `mark_reviewed'
  [1m[36mFeedback Create (0.6ms)[0m  [1m[32mINSERT INTO "feedbacks" ("export_id", "feedback_id", "reviewed", "created_at", "updated_at") VALUES ($1, $2, $3, $4, $5) RETURNING "id"[0m  [["export_id", 5], ["feedback_id", "59117"], ["reviewed", false], ["created_at", "2025-11-06 12:01:02.842021"], ["updated_at", "2025-11-06 12:01:02.842021"]]
  ↳ app/controllers/feedbacks_controller.rb:13:in `mark_reviewed'
  [1m[36mTRANSACTION (1.8ms)[0m  [1m[35mCOMMIT[0m
  ↳ app/controllers/feedbacks_controller.rb:13:in `mark_reviewed'
  [1m[36mTRANSACTION (0.3ms)[0m  [1m[35mBEGIN[0m
  ↳ app/controllers/feedbacks_controller.rb:14:in `mark_reviewed'
  [1m[36mFeedback Update (0.3ms)[0m  [1m[33mUPDATE "feedbacks" SET "reviewed" = $1, "updated_at" = $2 WHERE "feedbacks"."id" = $3[0m  [["reviewed", true], ["updated_at", "2025-11-06 12:01:02.851455"], ["id", 10]]
  ↳ app/controllers/feedbacks_controller.rb:14:in `mark_reviewed'
  [1m[36mTRANSACTION (1.5ms)[0m  [1m[35mCOMMIT[0m
  ↳ app/controllers/feedbacks_controller.rb:14:in `mark_reviewed'
GitlabService using token: ZLZQKBfREcp... (length: 45)
Failed to add reaction: private method `add_reaction_to_note' called for an instance of GitlabService
Completed 200 OK in 24ms (Views: 0.2ms | ActiveRecord: 12.3ms | Allocations: 9106)


Started GET "/.well-known/appspecific/com.chrome.devtools.json" for 172.21.0.1 at 2025-11-06 12:01:30 +0000
  
ActionController::RoutingError (No route matches [GET] "/.well-known/appspecific/com.chrome.devtools.json"):
  
Started PATCH "/exports/5/feedbacks/59117/mark_reviewed" for 172.21.0.1 at 2025-11-06 12:01:38 +0000
Processing by FeedbacksController#mark_reviewed as JSON
  Parameters: {"export_id"=>"5", "id"=>"59117", "feedback"=>{}}
  [1m[36mExport Load (0.1ms)[0m  [1m[34mSELECT "exports".* FROM "exports" WHERE "exports"."id" = $1 LIMIT $2[0m  [["id", 5], ["LIMIT", 1]]
  ↳ app/controllers/feedbacks_controller.rb:3:in `mark_reviewed'
  [1m[36mFeedback Load (0.1ms)[0m  [1m[34mSELECT "feedbacks".* FROM "feedbacks" WHERE "feedbacks"."export_id" = $1 AND "feedbacks"."feedback_id" = $2 LIMIT $3[0m  [["export_id", 5], ["feedback_id", "59117"], ["LIMIT", 1]]
  ↳ app/controllers/feedbacks_controller.rb:13:in `mark_reviewed'
  [1m[36mTRANSACTION (0.0ms)[0m  [1m[35mBEGIN[0m
  ↳ app/controllers/feedbacks_controller.rb:14:in `mark_reviewed'
  [1m[36mTRANSACTION (0.0ms)[0m  [1m[35mCOMMIT[0m
  ↳ app/controllers/feedbacks_controller.rb:14:in `mark_reviewed'
GitlabService using token: ZLZQKBfREcp... (length: 45)
Failed to add reaction: undefined method `create_merge_request_note_award_emoji' for an instance of Gitlab::Client
Completed 200 OK in 10ms (Views: 0.1ms | ActiveRecord: 4.7ms | Allocations: 11628)


Started GET "/exports/5" for 172.21.0.1 at 2025-11-06 12:02:56 +0000
Processing by ExportsController#show as HTML
  Parameters: {"id"=>"5"}
  [1m[36mExport Load (0.2ms)[0m  [1m[34mSELECT "exports".* FROM "exports" WHERE "exports"."id" = $1 LIMIT $2[0m  [["id", 5], ["LIMIT", 1]]
  ↳ app/controllers/exports_controller.rb:11:in `show'
  Rendering layout layouts/application.html.erb
  Rendering exports/show.html.erb within layouts/application
  [1m[36mFeedback Pluck (0.1ms)[0m  [1m[34mSELECT "feedbacks"."feedback_id" FROM "feedbacks" WHERE "feedbacks"."export_id" = $1 AND "feedbacks"."reviewed" = $2[0m  [["export_id", 5], ["reviewed", true]]
  ↳ app/views/exports/show.html.erb:15
  Rendered exports/show.html.erb within layouts/application (Duration: 3.2ms | Allocations: 3591)
  Rendered layout layouts/application.html.erb (Duration: 3.7ms | Allocations: 4450)
Completed 200 OK in 13ms (Views: 3.3ms | ActiveRecord: 3.1ms | Allocations: 11337)


Started GET "/.well-known/appspecific/com.chrome.devtools.json" for 172.21.0.1 at 2025-11-06 12:02:56 +0000
  
ActionController::RoutingError (No route matches [GET] "/.well-known/appspecific/com.chrome.devtools.json"):
  
Started PATCH "/exports/5/feedbacks/59118/mark_reviewed" for 172.21.0.1 at 2025-11-06 12:02:59 +0000
Processing by FeedbacksController#mark_reviewed as JSON
  Parameters: {"export_id"=>"5", "id"=>"59118", "feedback"=>{}}
  [1m[36mExport Load (0.6ms)[0m  [1m[34mSELECT "exports".* FROM "exports" WHERE "exports"."id" = $1 LIMIT $2[0m  [["id", 5], ["LIMIT", 1]]
  ↳ app/controllers/feedbacks_controller.rb:3:in `mark_reviewed'
  [1m[36mFeedback Load (0.4ms)[0m  [1m[34mSELECT "feedbacks".* FROM "feedbacks" WHERE "feedbacks"."export_id" = $1 AND "feedbacks"."feedback_id" = $2 LIMIT $3[0m  [["export_id", 5], ["feedback_id", "59118"], ["LIMIT", 1]]
  ↳ app/controllers/feedbacks_controller.rb:13:in `mark_reviewed'
  [1m[36mTRANSACTION (0.2ms)[0m  [1m[35mBEGIN[0m
  ↳ app/controllers/feedbacks_controller.rb:13:in `mark_reviewed'
  [1m[36mFeedback Exists? (1.2ms)[0m  [1m[34mSELECT 1 AS one FROM "feedbacks" WHERE "feedbacks"."feedback_id" = $1 AND "feedbacks"."export_id" = $2 LIMIT $3[0m  [["feedback_id", "59118"], ["export_id", 5], ["LIMIT", 1]]
  ↳ app/controllers/feedbacks_controller.rb:13:in `mark_reviewed'
  [1m[36mFeedback Create (0.5ms)[0m  [1m[32mINSERT INTO "feedbacks" ("export_id", "feedback_id", "reviewed", "created_at", "updated_at") VALUES ($1, $2, $3, $4, $5) RETURNING "id"[0m  [["export_id", 5], ["feedback_id", "59118"], ["reviewed", false], ["created_at", "2025-11-06 12:02:59.020665"], ["updated_at", "2025-11-06 12:02:59.020665"]]
  ↳ app/controllers/feedbacks_controller.rb:13:in `mark_reviewed'
  [1m[36mTRANSACTION (10.3ms)[0m  [1m[35mCOMMIT[0m
  ↳ app/controllers/feedbacks_controller.rb:13:in `mark_reviewed'
  [1m[36mTRANSACTION (0.2ms)[0m  [1m[35mBEGIN[0m
  ↳ app/controllers/feedbacks_controller.rb:14:in `mark_reviewed'
  [1m[36mFeedback Update (0.3ms)[0m  [1m[33mUPDATE "feedbacks" SET "reviewed" = $1, "updated_at" = $2 WHERE "feedbacks"."id" = $3[0m  [["reviewed", true], ["updated_at", "2025-11-06 12:02:59.037876"], ["id", 11]]
  ↳ app/controllers/feedbacks_controller.rb:14:in `mark_reviewed'
  [1m[36mTRANSACTION (1.8ms)[0m  [1m[35mCOMMIT[0m
  ↳ app/controllers/feedbacks_controller.rb:14:in `mark_reviewed'
GitlabService using token: ZLZQKBfREcp... (length: 45)
Failed to add reaction: undefined method `create_merge_request_note_award_emoji' for an instance of Gitlab::Client
Completed 200 OK in 33ms (Views: 0.2ms | ActiveRecord: 19.0ms | Allocations: 9124)


Started PATCH "/exports/5/feedbacks/59119/mark_reviewed" for 172.21.0.1 at 2025-11-06 12:03:11 +0000
Processing by FeedbacksController#mark_reviewed as JSON
  Parameters: {"export_id"=>"5", "id"=>"59119", "feedback"=>{}}
  [1m[36mExport Load (0.5ms)[0m  [1m[34mSELECT "exports".* FROM "exports" WHERE "exports"."id" = $1 LIMIT $2[0m  [["id", 5], ["LIMIT", 1]]
  ↳ app/controllers/feedbacks_controller.rb:3:in `mark_reviewed'
  [1m[36mFeedback Load (0.5ms)[0m  [1m[34mSELECT "feedbacks".* FROM "feedbacks" WHERE "feedbacks"."export_id" = $1 AND "feedbacks"."feedback_id" = $2 LIMIT $3[0m  [["export_id", 5], ["feedback_id", "59119"], ["LIMIT", 1]]
  ↳ app/controllers/feedbacks_controller.rb:13:in `mark_reviewed'
  [1m[36mTRANSACTION (0.3ms)[0m  [1m[35mBEGIN[0m
  ↳ app/controllers/feedbacks_controller.rb:13:in `mark_reviewed'
  [1m[36mFeedback Exists? (2.4ms)[0m  [1m[34mSELECT 1 AS one FROM "feedbacks" WHERE "feedbacks"."feedback_id" = $1 AND "feedbacks"."export_id" = $2 LIMIT $3[0m  [["feedback_id", "59119"], ["export_id", 5], ["LIMIT", 1]]
  ↳ app/controllers/feedbacks_controller.rb:13:in `mark_reviewed'
  [1m[36mFeedback Create (0.4ms)[0m  [1m[32mINSERT INTO "feedbacks" ("export_id", "feedback_id", "reviewed", "created_at", "updated_at") VALUES ($1, $2, $3, $4, $5) RETURNING "id"[0m  [["export_id", 5], ["feedback_id", "59119"], ["reviewed", false], ["created_at", "2025-11-06 12:03:11.333434"], ["updated_at", "2025-11-06 12:03:11.333434"]]
  ↳ app/controllers/feedbacks_controller.rb:13:in `mark_reviewed'
  [1m[36mTRANSACTION (10.2ms)[0m  [1m[35mCOMMIT[0m
  ↳ app/controllers/feedbacks_controller.rb:13:in `mark_reviewed'
  [1m[36mTRANSACTION (0.3ms)[0m  [1m[35mBEGIN[0m
  ↳ app/controllers/feedbacks_controller.rb:14:in `mark_reviewed'
  [1m[36mFeedback Update (1.9ms)[0m  [1m[33mUPDATE "feedbacks" SET "reviewed" = $1, "updated_at" = $2 WHERE "feedbacks"."id" = $3[0m  [["reviewed", true], ["updated_at", "2025-11-06 12:03:11.348795"], ["id", 12]]
  ↳ app/controllers/feedbacks_controller.rb:14:in `mark_reviewed'
  [1m[36mTRANSACTION (1.7ms)[0m  [1m[35mCOMMIT[0m
  ↳ app/controllers/feedbacks_controller.rb:14:in `mark_reviewed'
GitlabService using token: ZLZQKBfREcp... (length: 45)
Failed to add reaction: undefined method `create_merge_request_note_award_emoji' for an instance of Gitlab::Client
Completed 200 OK in 38ms (Views: 0.1ms | ActiveRecord: 18.3ms | Allocations: 5942)


Started PATCH "/exports/5/feedbacks/59120/mark_reviewed" for 172.21.0.1 at 2025-11-06 12:03:18 +0000
Processing by FeedbacksController#mark_reviewed as JSON
  Parameters: {"export_id"=>"5", "id"=>"59120", "feedback"=>{}}
  [1m[36mExport Load (0.2ms)[0m  [1m[34mSELECT "exports".* FROM "exports" WHERE "exports"."id" = $1 LIMIT $2[0m  [["id", 5], ["LIMIT", 1]]
  ↳ app/controllers/feedbacks_controller.rb:3:in `mark_reviewed'
  [1m[36mFeedback Load (0.2ms)[0m  [1m[34mSELECT "feedbacks".* FROM "feedbacks" WHERE "feedbacks"."export_id" = $1 AND "feedbacks"."feedback_id" = $2 LIMIT $3[0m  [["export_id", 5], ["feedback_id", "59120"], ["LIMIT", 1]]
  ↳ app/controllers/feedbacks_controller.rb:13:in `mark_reviewed'
  [1m[36mTRANSACTION (0.0ms)[0m  [1m[35mBEGIN[0m
  ↳ app/controllers/feedbacks_controller.rb:13:in `mark_reviewed'
  [1m[36mFeedback Exists? (0.6ms)[0m  [1m[34mSELECT 1 AS one FROM "feedbacks" WHERE "feedbacks"."feedback_id" = $1 AND "feedbacks"."export_id" = $2 LIMIT $3[0m  [["feedback_id", "59120"], ["export_id", 5], ["LIMIT", 1]]
  ↳ app/controllers/feedbacks_controller.rb:13:in `mark_reviewed'
  [1m[36mFeedback Create (0.5ms)[0m  [1m[32mINSERT INTO "feedbacks" ("export_id", "feedback_id", "reviewed", "created_at", "updated_at") VALUES ($1, $2, $3, $4, $5) RETURNING "id"[0m  [["export_id", 5], ["feedback_id", "59120"], ["reviewed", false], ["created_at", "2025-11-06 12:03:18.833022"], ["updated_at", "2025-11-06 12:03:18.833022"]]
  ↳ app/controllers/feedbacks_controller.rb:13:in `mark_reviewed'
  [1m[36mTRANSACTION (10.0ms)[0m  [1m[35mCOMMIT[0m
  ↳ app/controllers/feedbacks_controller.rb:13:in `mark_reviewed'
  [1m[36mTRANSACTION (0.2ms)[0m  [1m[35mBEGIN[0m
  ↳ app/controllers/feedbacks_controller.rb:14:in `mark_reviewed'
  [1m[36mFeedback Update (1.6ms)[0m  [1m[33mUPDATE "feedbacks" SET "reviewed" = $1, "updated_at" = $2 WHERE "feedbacks"."id" = $3[0m  [["reviewed", true], ["updated_at", "2025-11-06 12:03:18.845473"], ["id", 13]]
  ↳ app/controllers/feedbacks_controller.rb:14:in `mark_reviewed'
  [1m[36mTRANSACTION (1.5ms)[0m  [1m[35mCOMMIT[0m
  ↳ app/controllers/feedbacks_controller.rb:14:in `mark_reviewed'
GitlabService using token: ZLZQKBfREcp... (length: 45)
Failed to add reaction: undefined method `create_merge_request_note_award_emoji' for an instance of Gitlab::Client
Completed 200 OK in 21ms (Views: 0.1ms | ActiveRecord: 13.9ms | Allocations: 5964)


Started PATCH "/exports/5/feedbacks/59139/mark_reviewed" for 172.21.0.1 at 2025-11-06 12:03:33 +0000
Processing by FeedbacksController#mark_reviewed as JSON
  Parameters: {"export_id"=>"5", "id"=>"59139", "feedback"=>{}}
  [1m[36mExport Load (0.4ms)[0m  [1m[34mSELECT "exports".* FROM "exports" WHERE "exports"."id" = $1 LIMIT $2[0m  [["id", 5], ["LIMIT", 1]]
  ↳ app/controllers/feedbacks_controller.rb:3:in `mark_reviewed'
  [1m[36mFeedback Load (0.3ms)[0m  [1m[34mSELECT "feedbacks".* FROM "feedbacks" WHERE "feedbacks"."export_id" = $1 AND "feedbacks"."feedback_id" = $2 LIMIT $3[0m  [["export_id", 5], ["feedback_id", "59139"], ["LIMIT", 1]]
  ↳ app/controllers/feedbacks_controller.rb:13:in `mark_reviewed'
  [1m[36mTRANSACTION (0.3ms)[0m  [1m[35mBEGIN[0m
  ↳ app/controllers/feedbacks_controller.rb:13:in `mark_reviewed'
  [1m[36mFeedback Exists? (1.7ms)[0m  [1m[34mSELECT 1 AS one FROM "feedbacks" WHERE "feedbacks"."feedback_id" = $1 AND "feedbacks"."export_id" = $2 LIMIT $3[0m  [["feedback_id", "59139"], ["export_id", 5], ["LIMIT", 1]]
  ↳ app/controllers/feedbacks_controller.rb:13:in `mark_reviewed'
  [1m[36mFeedback Create (0.5ms)[0m  [1m[32mINSERT INTO "feedbacks" ("export_id", "feedback_id", "reviewed", "created_at", "updated_at") VALUES ($1, $2, $3, $4, $5) RETURNING "id"[0m  [["export_id", 5], ["feedback_id", "59139"], ["reviewed", false], ["created_at", "2025-11-06 12:03:33.508602"], ["updated_at", "2025-11-06 12:03:33.508602"]]
  ↳ app/controllers/feedbacks_controller.rb:13:in `mark_reviewed'
  [1m[36mTRANSACTION (10.2ms)[0m  [1m[35mCOMMIT[0m
  ↳ app/controllers/feedbacks_controller.rb:13:in `mark_reviewed'
  [1m[36mTRANSACTION (0.3ms)[0m  [1m[35mBEGIN[0m
  ↳ app/controllers/feedbacks_controller.rb:14:in `mark_reviewed'
  [1m[36mFeedback Update (1.6ms)[0m  [1m[33mUPDATE "feedbacks" SET "reviewed" = $1, "updated_at" = $2 WHERE "feedbacks"."id" = $3[0m  [["reviewed", true], ["updated_at", "2025-11-06 12:03:33.522878"], ["id", 14]]
  ↳ app/controllers/feedbacks_controller.rb:14:in `mark_reviewed'
  [1m[36mTRANSACTION (1.7ms)[0m  [1m[35mCOMMIT[0m
  ↳ app/controllers/feedbacks_controller.rb:14:in `mark_reviewed'
GitlabService using token: ZLZQKBfREcp... (length: 45)
Failed to add reaction: undefined method `create_merge_request_note_award_emoji' for an instance of Gitlab::Client
Completed 200 OK in 27ms (Views: 0.1ms | ActiveRecord: 16.8ms | Allocations: 5945)


Started PATCH "/exports/5/feedbacks/59140/mark_reviewed" for 172.21.0.1 at 2025-11-06 12:03:53 +0000
Processing by FeedbacksController#mark_reviewed as JSON
  Parameters: {"export_id"=>"5", "id"=>"59140", "feedback"=>{}}
  [1m[36mExport Load (0.4ms)[0m  [1m[34mSELECT "exports".* FROM "exports" WHERE "exports"."id" = $1 LIMIT $2[0m  [["id", 5], ["LIMIT", 1]]
  ↳ app/controllers/feedbacks_controller.rb:3:in `mark_reviewed'
  [1m[36mFeedback Load (0.2ms)[0m  [1m[34mSELECT "feedbacks".* FROM "feedbacks" WHERE "feedbacks"."export_id" = $1 AND "feedbacks"."feedback_id" = $2 LIMIT $3[0m  [["export_id", 5], ["feedback_id", "59140"], ["LIMIT", 1]]
  ↳ app/controllers/feedbacks_controller.rb:13:in `mark_reviewed'
  [1m[36mTRANSACTION (0.1ms)[0m  [1m[35mBEGIN[0m
  ↳ app/controllers/feedbacks_controller.rb:13:in `mark_reviewed'
  [1m[36mFeedback Exists? (1.3ms)[0m  [1m[34mSELECT 1 AS one FROM "feedbacks" WHERE "feedbacks"."feedback_id" = $1 AND "feedbacks"."export_id" = $2 LIMIT $3[0m  [["feedback_id", "59140"], ["export_id", 5], ["LIMIT", 1]]
  ↳ app/controllers/feedbacks_controller.rb:13:in `mark_reviewed'
  [1m[36mFeedback Create (0.4ms)[0m  [1m[32mINSERT INTO "feedbacks" ("export_id", "feedback_id", "reviewed", "created_at", "updated_at") VALUES ($1, $2, $3, $4, $5) RETURNING "id"[0m  [["export_id", 5], ["feedback_id", "59140"], ["reviewed", false], ["created_at", "2025-11-06 12:03:53.845383"], ["updated_at", "2025-11-06 12:03:53.845383"]]
  ↳ app/controllers/feedbacks_controller.rb:13:in `mark_reviewed'
  [1m[36mTRANSACTION (10.1ms)[0m  [1m[35mCOMMIT[0m
  ↳ app/controllers/feedbacks_controller.rb:13:in `mark_reviewed'
  [1m[36mTRANSACTION (0.1ms)[0m  [1m[35mBEGIN[0m
  ↳ app/controllers/feedbacks_controller.rb:14:in `mark_reviewed'
  [1m[36mFeedback Update (1.7ms)[0m  [1m[33mUPDATE "feedbacks" SET "reviewed" = $1, "updated_at" = $2 WHERE "feedbacks"."id" = $3[0m  [["reviewed", true], ["updated_at", "2025-11-06 12:03:53.858206"], ["id", 15]]
  ↳ app/controllers/feedbacks_controller.rb:14:in `mark_reviewed'
  [1m[36mTRANSACTION (2.1ms)[0m  [1m[35mCOMMIT[0m
  ↳ app/controllers/feedbacks_controller.rb:14:in `mark_reviewed'
GitlabService using token: ZLZQKBfREcp... (length: 45)
Failed to add reaction: undefined method `create_merge_request_note_award_emoji' for an instance of Gitlab::Client
Completed 200 OK in 26ms (Views: 0.2ms | ActiveRecord: 16.4ms | Allocations: 5961)


Started PATCH "/exports/5/feedbacks/59141/mark_reviewed" for 172.21.0.1 at 2025-11-06 12:03:56 +0000
Processing by FeedbacksController#mark_reviewed as JSON
  Parameters: {"export_id"=>"5", "id"=>"59141", "feedback"=>{}}
  [1m[36mExport Load (0.4ms)[0m  [1m[34mSELECT "exports".* FROM "exports" WHERE "exports"."id" = $1 LIMIT $2[0m  [["id", 5], ["LIMIT", 1]]
  ↳ app/controllers/feedbacks_controller.rb:3:in `mark_reviewed'
  [1m[36mFeedback Load (0.4ms)[0m  [1m[34mSELECT "feedbacks".* FROM "feedbacks" WHERE "feedbacks"."export_id" = $1 AND "feedbacks"."feedback_id" = $2 LIMIT $3[0m  [["export_id", 5], ["feedback_id", "59141"], ["LIMIT", 1]]
  ↳ app/controllers/feedbacks_controller.rb:13:in `mark_reviewed'
  [1m[36mTRANSACTION (0.3ms)[0m  [1m[35mBEGIN[0m
  ↳ app/controllers/feedbacks_controller.rb:13:in `mark_reviewed'
  [1m[36mFeedback Exists? (2.9ms)[0m  [1m[34mSELECT 1 AS one FROM "feedbacks" WHERE "feedbacks"."feedback_id" = $1 AND "feedbacks"."export_id" = $2 LIMIT $3[0m  [["feedback_id", "59141"], ["export_id", 5], ["LIMIT", 1]]
  ↳ app/controllers/feedbacks_controller.rb:13:in `mark_reviewed'
  [1m[36mFeedback Create (0.4ms)[0m  [1m[32mINSERT INTO "feedbacks" ("export_id", "feedback_id", "reviewed", "created_at", "updated_at") VALUES ($1, $2, $3, $4, $5) RETURNING "id"[0m  [["export_id", 5], ["feedback_id", "59141"], ["reviewed", false], ["created_at", "2025-11-06 12:03:56.873100"], ["updated_at", "2025-11-06 12:03:56.873100"]]
  ↳ app/controllers/feedbacks_controller.rb:13:in `mark_reviewed'
  [1m[36mTRANSACTION (10.2ms)[0m  [1m[35mCOMMIT[0m
  ↳ app/controllers/feedbacks_controller.rb:13:in `mark_reviewed'
  [1m[36mTRANSACTION (0.3ms)[0m  [1m[35mBEGIN[0m
  ↳ app/controllers/feedbacks_controller.rb:14:in `mark_reviewed'
  [1m[36mFeedback Update (1.2ms)[0m  [1m[33mUPDATE "feedbacks" SET "reviewed" = $1, "updated_at" = $2 WHERE "feedbacks"."id" = $3[0m  [["reviewed", true], ["updated_at", "2025-11-06 12:03:56.884517"], ["id", 16]]
  ↳ app/controllers/feedbacks_controller.rb:14:in `mark_reviewed'
  [1m[36mTRANSACTION (1.9ms)[0m  [1m[35mCOMMIT[0m
  ↳ app/controllers/feedbacks_controller.rb:14:in `mark_reviewed'
GitlabService using token: ZLZQKBfREcp... (length: 45)
Failed to add reaction: undefined method `create_merge_request_note_award_emoji' for an instance of Gitlab::Client
Completed 200 OK in 24ms (Views: 0.1ms | ActiveRecord: 17.8ms | Allocations: 5961)


Started PATCH "/exports/5/feedbacks/59142/mark_reviewed" for 172.21.0.1 at 2025-11-06 12:04:01 +0000
Processing by FeedbacksController#mark_reviewed as JSON
  Parameters: {"export_id"=>"5", "id"=>"59142", "feedback"=>{}}
  [1m[36mExport Load (0.4ms)[0m  [1m[34mSELECT "exports".* FROM "exports" WHERE "exports"."id" = $1 LIMIT $2[0m  [["id", 5], ["LIMIT", 1]]
  ↳ app/controllers/feedbacks_controller.rb:3:in `mark_reviewed'
  [1m[36mFeedback Load (0.1ms)[0m  [1m[34mSELECT "feedbacks".* FROM "feedbacks" WHERE "feedbacks"."export_id" = $1 AND "feedbacks"."feedback_id" = $2 LIMIT $3[0m  [["export_id", 5], ["feedback_id", "59142"], ["LIMIT", 1]]
  ↳ app/controllers/feedbacks_controller.rb:13:in `mark_reviewed'
  [1m[36mTRANSACTION (0.1ms)[0m  [1m[35mBEGIN[0m
  ↳ app/controllers/feedbacks_controller.rb:13:in `mark_reviewed'
  [1m[36mFeedback Exists? (1.7ms)[0m  [1m[34mSELECT 1 AS one FROM "feedbacks" WHERE "feedbacks"."feedback_id" = $1 AND "feedbacks"."export_id" = $2 LIMIT $3[0m  [["feedback_id", "59142"], ["export_id", 5], ["LIMIT", 1]]
  ↳ app/controllers/feedbacks_controller.rb:13:in `mark_reviewed'
  [1m[36mFeedback Create (0.2ms)[0m  [1m[32mINSERT INTO "feedbacks" ("export_id", "feedback_id", "reviewed", "created_at", "updated_at") VALUES ($1, $2, $3, $4, $5) RETURNING "id"[0m  [["export_id", 5], ["feedback_id", "59142"], ["reviewed", false], ["created_at", "2025-11-06 12:04:01.269859"], ["updated_at", "2025-11-06 12:04:01.269859"]]
  ↳ app/controllers/feedbacks_controller.rb:13:in `mark_reviewed'
  [1m[36mTRANSACTION (1.5ms)[0m  [1m[35mCOMMIT[0m
  ↳ app/controllers/feedbacks_controller.rb:13:in `mark_reviewed'
  [1m[36mTRANSACTION (0.1ms)[0m  [1m[35mBEGIN[0m
  ↳ app/controllers/feedbacks_controller.rb:14:in `mark_reviewed'
  [1m[36mFeedback Update (0.8ms)[0m  [1m[33mUPDATE "feedbacks" SET "reviewed" = $1, "updated_at" = $2 WHERE "feedbacks"."id" = $3[0m  [["reviewed", true], ["updated_at", "2025-11-06 12:04:01.272638"], ["id", 17]]
  ↳ app/controllers/feedbacks_controller.rb:14:in `mark_reviewed'
  [1m[36mTRANSACTION (1.6ms)[0m  [1m[35mCOMMIT[0m
  ↳ app/controllers/feedbacks_controller.rb:14:in `mark_reviewed'
GitlabService using token: ZLZQKBfREcp... (length: 45)
Failed to add reaction: undefined method `create_merge_request_note_award_emoji' for an instance of Gitlab::Client
Completed 200 OK in 14ms (Views: 0.2ms | ActiveRecord: 6.6ms | Allocations: 5965)


Started PATCH "/exports/5/feedbacks/59690/mark_reviewed" for 172.21.0.1 at 2025-11-06 12:04:04 +0000
Processing by FeedbacksController#mark_reviewed as JSON
  Parameters: {"export_id"=>"5", "id"=>"59690", "feedback"=>{}}
  [1m[36mExport Load (0.4ms)[0m  [1m[34mSELECT "exports".* FROM "exports" WHERE "exports"."id" = $1 LIMIT $2[0m  [["id", 5], ["LIMIT", 1]]
  ↳ app/controllers/feedbacks_controller.rb:3:in `mark_reviewed'
  [1m[36mFeedback Load (0.3ms)[0m  [1m[34mSELECT "feedbacks".* FROM "feedbacks" WHERE "feedbacks"."export_id" = $1 AND "feedbacks"."feedback_id" = $2 LIMIT $3[0m  [["export_id", 5], ["feedback_id", "59690"], ["LIMIT", 1]]
  ↳ app/controllers/feedbacks_controller.rb:13:in `mark_reviewed'
  [1m[36mTRANSACTION (0.2ms)[0m  [1m[35mBEGIN[0m
  ↳ app/controllers/feedbacks_controller.rb:13:in `mark_reviewed'
  [1m[36mFeedback Exists? (2.8ms)[0m  [1m[34mSELECT 1 AS one FROM "feedbacks" WHERE "feedbacks"."feedback_id" = $1 AND "feedbacks"."export_id" = $2 LIMIT $3[0m  [["feedback_id", "59690"], ["export_id", 5], ["LIMIT", 1]]
  ↳ app/controllers/feedbacks_controller.rb:13:in `mark_reviewed'
  [1m[36mFeedback Create (1.1ms)[0m  [1m[32mINSERT INTO "feedbacks" ("export_id", "feedback_id", "reviewed", "created_at", "updated_at") VALUES ($1, $2, $3, $4, $5) RETURNING "id"[0m  [["export_id", 5], ["feedback_id", "59690"], ["reviewed", false], ["created_at", "2025-11-06 12:04:04.830613"], ["updated_at", "2025-11-06 12:04:04.830613"]]
  ↳ app/controllers/feedbacks_controller.rb:13:in `mark_reviewed'
  [1m[36mTRANSACTION (10.0ms)[0m  [1m[35mCOMMIT[0m
  ↳ app/controllers/feedbacks_controller.rb:13:in `mark_reviewed'
  [1m[36mTRANSACTION (0.2ms)[0m  [1m[35mBEGIN[0m
  ↳ app/controllers/feedbacks_controller.rb:14:in `mark_reviewed'
  [1m[36mFeedback Update (0.6ms)[0m  [1m[33mUPDATE "feedbacks" SET "reviewed" = $1, "updated_at" = $2 WHERE "feedbacks"."id" = $3[0m  [["reviewed", true], ["updated_at", "2025-11-06 12:04:04.843444"], ["id", 18]]
  ↳ app/controllers/feedbacks_controller.rb:14:in `mark_reviewed'
  [1m[36mTRANSACTION (1.6ms)[0m  [1m[35mCOMMIT[0m
  ↳ app/controllers/feedbacks_controller.rb:14:in `mark_reviewed'
GitlabService using token: ZLZQKBfREcp... (length: 45)
Failed to add reaction: undefined method `create_merge_request_note_award_emoji' for an instance of Gitlab::Client
Completed 200 OK in 25ms (Views: 0.1ms | ActiveRecord: 17.0ms | Allocations: 5973)


Started PATCH "/exports/5/feedbacks/59143/mark_reviewed" for 172.21.0.1 at 2025-11-06 12:04:15 +0000
Processing by FeedbacksController#mark_reviewed as JSON
  Parameters: {"export_id"=>"5", "id"=>"59143", "feedback"=>{}}
  [1m[36mExport Load (0.3ms)[0m  [1m[34mSELECT "exports".* FROM "exports" WHERE "exports"."id" = $1 LIMIT $2[0m  [["id", 5], ["LIMIT", 1]]
  ↳ app/controllers/feedbacks_controller.rb:3:in `mark_reviewed'
  [1m[36mFeedback Load (0.1ms)[0m  [1m[34mSELECT "feedbacks".* FROM "feedbacks" WHERE "feedbacks"."export_id" = $1 AND "feedbacks"."feedback_id" = $2 LIMIT $3[0m  [["export_id", 5], ["feedback_id", "59143"], ["LIMIT", 1]]
  ↳ app/controllers/feedbacks_controller.rb:13:in `mark_reviewed'
  [1m[36mTRANSACTION (0.1ms)[0m  [1m[35mBEGIN[0m
  ↳ app/controllers/feedbacks_controller.rb:13:in `mark_reviewed'
  [1m[36mFeedback Exists? (1.4ms)[0m  [1m[34mSELECT 1 AS one FROM "feedbacks" WHERE "feedbacks"."feedback_id" = $1 AND "feedbacks"."export_id" = $2 LIMIT $3[0m  [["feedback_id", "59143"], ["export_id", 5], ["LIMIT", 1]]
  ↳ app/controllers/feedbacks_controller.rb:13:in `mark_reviewed'
  [1m[36mFeedback Create (0.3ms)[0m  [1m[32mINSERT INTO "feedbacks" ("export_id", "feedback_id", "reviewed", "created_at", "updated_at") VALUES ($1, $2, $3, $4, $5) RETURNING "id"[0m  [["export_id", 5], ["feedback_id", "59143"], ["reviewed", false], ["created_at", "2025-11-06 12:04:15.643414"], ["updated_at", "2025-11-06 12:04:15.643414"]]
  ↳ app/controllers/feedbacks_controller.rb:13:in `mark_reviewed'
  [1m[36mTRANSACTION (10.3ms)[0m  [1m[35mCOMMIT[0m
  ↳ app/controllers/feedbacks_controller.rb:13:in `mark_reviewed'
  [1m[36mTRANSACTION (0.5ms)[0m  [1m[35mBEGIN[0m
  ↳ app/controllers/feedbacks_controller.rb:14:in `mark_reviewed'
  [1m[36mFeedback Update (2.1ms)[0m  [1m[33mUPDATE "feedbacks" SET "reviewed" = $1, "updated_at" = $2 WHERE "feedbacks"."id" = $3[0m  [["reviewed", true], ["updated_at", "2025-11-06 12:04:15.656350"], ["id", 19]]
  ↳ app/controllers/feedbacks_controller.rb:14:in `mark_reviewed'
  [1m[36mTRANSACTION (2.0ms)[0m  [1m[35mCOMMIT[0m
  ↳ app/controllers/feedbacks_controller.rb:14:in `mark_reviewed'
GitlabService using token: ZLZQKBfREcp... (length: 45)
Failed to add reaction: undefined method `create_merge_request_note_award_emoji' for an instance of Gitlab::Client
Completed 200 OK in 29ms (Views: 0.2ms | ActiveRecord: 16.9ms | Allocations: 5963)


Started PATCH "/exports/5/feedbacks/59144/mark_reviewed" for 172.21.0.1 at 2025-11-06 12:04:33 +0000
Processing by FeedbacksController#mark_reviewed as JSON
  Parameters: {"export_id"=>"5", "id"=>"59144", "feedback"=>{}}
  [1m[36mExport Load (0.3ms)[0m  [1m[34mSELECT "exports".* FROM "exports" WHERE "exports"."id" = $1 LIMIT $2[0m  [["id", 5], ["LIMIT", 1]]
  ↳ app/controllers/feedbacks_controller.rb:3:in `mark_reviewed'
  [1m[36mFeedback Load (0.3ms)[0m  [1m[34mSELECT "feedbacks".* FROM "feedbacks" WHERE "feedbacks"."export_id" = $1 AND "feedbacks"."feedback_id" = $2 LIMIT $3[0m  [["export_id", 5], ["feedback_id", "59144"], ["LIMIT", 1]]
  ↳ app/controllers/feedbacks_controller.rb:13:in `mark_reviewed'
  [1m[36mTRANSACTION (0.1ms)[0m  [1m[35mBEGIN[0m
  ↳ app/controllers/feedbacks_controller.rb:13:in `mark_reviewed'
  [1m[36mFeedback Exists? (1.5ms)[0m  [1m[34mSELECT 1 AS one FROM "feedbacks" WHERE "feedbacks"."feedback_id" = $1 AND "feedbacks"."export_id" = $2 LIMIT $3[0m  [["feedback_id", "59144"], ["export_id", 5], ["LIMIT", 1]]
  ↳ app/controllers/feedbacks_controller.rb:13:in `mark_reviewed'
  [1m[36mFeedback Create (0.6ms)[0m  [1m[32mINSERT INTO "feedbacks" ("export_id", "feedback_id", "reviewed", "created_at", "updated_at") VALUES ($1, $2, $3, $4, $5) RETURNING "id"[0m  [["export_id", 5], ["feedback_id", "59144"], ["reviewed", false], ["created_at", "2025-11-06 12:04:33.686290"], ["updated_at", "2025-11-06 12:04:33.686290"]]
  ↳ app/controllers/feedbacks_controller.rb:13:in `mark_reviewed'
  [1m[36mTRANSACTION (10.3ms)[0m  [1m[35mCOMMIT[0m
  ↳ app/controllers/feedbacks_controller.rb:13:in `mark_reviewed'
  [1m[36mTRANSACTION (0.2ms)[0m  [1m[35mBEGIN[0m
  ↳ app/controllers/feedbacks_controller.rb:14:in `mark_reviewed'
  [1m[36mFeedback Update (1.5ms)[0m  [1m[33mUPDATE "feedbacks" SET "reviewed" = $1, "updated_at" = $2 WHERE "feedbacks"."id" = $3[0m  [["reviewed", true], ["updated_at", "2025-11-06 12:04:33.699965"], ["id", 20]]
  ↳ app/controllers/feedbacks_controller.rb:14:in `mark_reviewed'
  [1m[36mTRANSACTION (1.5ms)[0m  [1m[35mCOMMIT[0m
  ↳ app/controllers/feedbacks_controller.rb:14:in `mark_reviewed'
GitlabService using token: ZLZQKBfREcp... (length: 45)
Failed to add reaction: undefined method `create_merge_request_note_award_emoji' for an instance of Gitlab::Client
Completed 200 OK in 26ms (Views: 0.2ms | ActiveRecord: 16.2ms | Allocations: 5963)


Started PATCH "/exports/5/feedbacks/59145/mark_reviewed" for 172.21.0.1 at 2025-11-06 12:04:59 +0000
Processing by FeedbacksController#mark_reviewed as JSON
  Parameters: {"export_id"=>"5", "id"=>"59145", "feedback"=>{}}
  [1m[36mExport Load (0.5ms)[0m  [1m[34mSELECT "exports".* FROM "exports" WHERE "exports"."id" = $1 LIMIT $2[0m  [["id", 5], ["LIMIT", 1]]
  ↳ app/controllers/feedbacks_controller.rb:3:in `mark_reviewed'
  [1m[36mFeedback Load (0.2ms)[0m  [1m[34mSELECT "feedbacks".* FROM "feedbacks" WHERE "feedbacks"."export_id" = $1 AND "feedbacks"."feedback_id" = $2 LIMIT $3[0m  [["export_id", 5], ["feedback_id", "59145"], ["LIMIT", 1]]
  ↳ app/controllers/feedbacks_controller.rb:13:in `mark_reviewed'
  [1m[36mTRANSACTION (0.1ms)[0m  [1m[35mBEGIN[0m
  ↳ app/controllers/feedbacks_controller.rb:13:in `mark_reviewed'
  [1m[36mFeedback Exists? (2.0ms)[0m  [1m[34mSELECT 1 AS one FROM "feedbacks" WHERE "feedbacks"."feedback_id" = $1 AND "feedbacks"."export_id" = $2 LIMIT $3[0m  [["feedback_id", "59145"], ["export_id", 5], ["LIMIT", 1]]
  ↳ app/controllers/feedbacks_controller.rb:13:in `mark_reviewed'
  [1m[36mFeedback Create (0.5ms)[0m  [1m[32mINSERT INTO "feedbacks" ("export_id", "feedback_id", "reviewed", "created_at", "updated_at") VALUES ($1, $2, $3, $4, $5) RETURNING "id"[0m  [["export_id", 5], ["feedback_id", "59145"], ["reviewed", false], ["created_at", "2025-11-06 12:04:59.959980"], ["updated_at", "2025-11-06 12:04:59.959980"]]
  ↳ app/controllers/feedbacks_controller.rb:13:in `mark_reviewed'
  [1m[36mTRANSACTION (10.2ms)[0m  [1m[35mCOMMIT[0m
  ↳ app/controllers/feedbacks_controller.rb:13:in `mark_reviewed'
  [1m[36mTRANSACTION (1.0ms)[0m  [1m[35mBEGIN[0m
  ↳ app/controllers/feedbacks_controller.rb:14:in `mark_reviewed'
  [1m[36mFeedback Update (2.5ms)[0m  [1m[33mUPDATE "feedbacks" SET "reviewed" = $1, "updated_at" = $2 WHERE "feedbacks"."id" = $3[0m  [["reviewed", true], ["updated_at", "2025-11-06 12:04:59.972520"], ["id", 21]]
  ↳ app/controllers/feedbacks_controller.rb:14:in `mark_reviewed'
  [1m[36mTRANSACTION (1.9ms)[0m  [1m[35mCOMMIT[0m
  ↳ app/controllers/feedbacks_controller.rb:14:in `mark_reviewed'
GitlabService using token: ZLZQKBfREcp... (length: 45)
Failed to add reaction: undefined method `create_merge_request_note_award_emoji' for an instance of Gitlab::Client
Completed 200 OK in 30ms (Views: 0.3ms | ActiveRecord: 18.2ms | Allocations: 5955)


Started PATCH "/exports/5/feedbacks/59146/mark_reviewed" for 172.21.0.1 at 2025-11-06 12:05:07 +0000
Processing by FeedbacksController#mark_reviewed as JSON
  Parameters: {"export_id"=>"5", "id"=>"59146", "feedback"=>{}}
  [1m[36mExport Load (0.6ms)[0m  [1m[34mSELECT "exports".* FROM "exports" WHERE "exports"."id" = $1 LIMIT $2[0m  [["id", 5], ["LIMIT", 1]]
  ↳ app/controllers/feedbacks_controller.rb:3:in `mark_reviewed'
  [1m[36mFeedback Load (0.4ms)[0m  [1m[34mSELECT "feedbacks".* FROM "feedbacks" WHERE "feedbacks"."export_id" = $1 AND "feedbacks"."feedback_id" = $2 LIMIT $3[0m  [["export_id", 5], ["feedback_id", "59146"], ["LIMIT", 1]]
  ↳ app/controllers/feedbacks_controller.rb:13:in `mark_reviewed'
  [1m[36mTRANSACTION (0.3ms)[0m  [1m[35mBEGIN[0m
  ↳ app/controllers/feedbacks_controller.rb:13:in `mark_reviewed'
  [1m[36mFeedback Exists? (2.0ms)[0m  [1m[34mSELECT 1 AS one FROM "feedbacks" WHERE "feedbacks"."feedback_id" = $1 AND "feedbacks"."export_id" = $2 LIMIT $3[0m  [["feedback_id", "59146"], ["export_id", 5], ["LIMIT", 1]]
  ↳ app/controllers/feedbacks_controller.rb:13:in `mark_reviewed'
  [1m[36mFeedback Create (0.7ms)[0m  [1m[32mINSERT INTO "feedbacks" ("export_id", "feedback_id", "reviewed", "created_at", "updated_at") VALUES ($1, $2, $3, $4, $5) RETURNING "id"[0m  [["export_id", 5], ["feedback_id", "59146"], ["reviewed", false], ["created_at", "2025-11-06 12:05:07.535183"], ["updated_at", "2025-11-06 12:05:07.535183"]]
  ↳ app/controllers/feedbacks_controller.rb:13:in `mark_reviewed'
  [1m[36mTRANSACTION (10.4ms)[0m  [1m[35mCOMMIT[0m
  ↳ app/controllers/feedbacks_controller.rb:13:in `mark_reviewed'
  [1m[36mTRANSACTION (0.4ms)[0m  [1m[35mBEGIN[0m
  ↳ app/controllers/feedbacks_controller.rb:14:in `mark_reviewed'
  [1m[36mFeedback Update (2.5ms)[0m  [1m[33mUPDATE "feedbacks" SET "reviewed" = $1, "updated_at" = $2 WHERE "feedbacks"."id" = $3[0m  [["reviewed", true], ["updated_at", "2025-11-06 12:05:07.548601"], ["id", 22]]
  ↳ app/controllers/feedbacks_controller.rb:14:in `mark_reviewed'
  [1m[36mTRANSACTION (2.2ms)[0m  [1m[35mCOMMIT[0m
  ↳ app/controllers/feedbacks_controller.rb:14:in `mark_reviewed'
GitlabService using token: ZLZQKBfREcp... (length: 45)
Failed to add reaction: undefined method `create_merge_request_note_award_emoji' for an instance of Gitlab::Client
Completed 200 OK in 29ms (Views: 0.2ms | ActiveRecord: 19.2ms | Allocations: 5959)


Started PATCH "/exports/5/feedbacks/59147/mark_reviewed" for 172.21.0.1 at 2025-11-06 12:05:13 +0000
Processing by FeedbacksController#mark_reviewed as JSON
  Parameters: {"export_id"=>"5", "id"=>"59147", "feedback"=>{}}
  [1m[36mExport Load (0.4ms)[0m  [1m[34mSELECT "exports".* FROM "exports" WHERE "exports"."id" = $1 LIMIT $2[0m  [["id", 5], ["LIMIT", 1]]
  ↳ app/controllers/feedbacks_controller.rb:3:in `mark_reviewed'
  [1m[36mFeedback Load (0.2ms)[0m  [1m[34mSELECT "feedbacks".* FROM "feedbacks" WHERE "feedbacks"."export_id" = $1 AND "feedbacks"."feedback_id" = $2 LIMIT $3[0m  [["export_id", 5], ["feedback_id", "59147"], ["LIMIT", 1]]
  ↳ app/controllers/feedbacks_controller.rb:13:in `mark_reviewed'
  [1m[36mTRANSACTION (0.1ms)[0m  [1m[35mBEGIN[0m
  ↳ app/controllers/feedbacks_controller.rb:13:in `mark_reviewed'
  [1m[36mFeedback Exists? (1.3ms)[0m  [1m[34mSELECT 1 AS one FROM "feedbacks" WHERE "feedbacks"."feedback_id" = $1 AND "feedbacks"."export_id" = $2 LIMIT $3[0m  [["feedback_id", "59147"], ["export_id", 5], ["LIMIT", 1]]
  ↳ app/controllers/feedbacks_controller.rb:13:in `mark_reviewed'
  [1m[36mFeedback Create (0.4ms)[0m  [1m[32mINSERT INTO "feedbacks" ("export_id", "feedback_id", "reviewed", "created_at", "updated_at") VALUES ($1, $2, $3, $4, $5) RETURNING "id"[0m  [["export_id", 5], ["feedback_id", "59147"], ["reviewed", false], ["created_at", "2025-11-06 12:05:14.008736"], ["updated_at", "2025-11-06 12:05:14.008736"]]
  ↳ app/controllers/feedbacks_controller.rb:13:in `mark_reviewed'
  [1m[36mTRANSACTION (10.0ms)[0m  [1m[35mCOMMIT[0m
  ↳ app/controllers/feedbacks_controller.rb:13:in `mark_reviewed'
  [1m[36mTRANSACTION (0.3ms)[0m  [1m[35mBEGIN[0m
  ↳ app/controllers/feedbacks_controller.rb:14:in `mark_reviewed'
  [1m[36mFeedback Update (1.8ms)[0m  [1m[33mUPDATE "feedbacks" SET "reviewed" = $1, "updated_at" = $2 WHERE "feedbacks"."id" = $3[0m  [["reviewed", true], ["updated_at", "2025-11-06 12:05:14.021664"], ["id", 23]]
  ↳ app/controllers/feedbacks_controller.rb:14:in `mark_reviewed'
  [1m[36mTRANSACTION (1.7ms)[0m  [1m[35mCOMMIT[0m
  ↳ app/controllers/feedbacks_controller.rb:14:in `mark_reviewed'
GitlabService using token: ZLZQKBfREcp... (length: 45)
Failed to add reaction: undefined method `create_merge_request_note_award_emoji' for an instance of Gitlab::Client
Completed 200 OK in 28ms (Views: 0.2ms | ActiveRecord: 16.1ms | Allocations: 5973)


Started PATCH "/exports/5/feedbacks/59148/mark_reviewed" for 172.21.0.1 at 2025-11-06 12:05:22 +0000
Processing by FeedbacksController#mark_reviewed as JSON
  Parameters: {"export_id"=>"5", "id"=>"59148", "feedback"=>{}}
  [1m[36mExport Load (0.4ms)[0m  [1m[34mSELECT "exports".* FROM "exports" WHERE "exports"."id" = $1 LIMIT $2[0m  [["id", 5], ["LIMIT", 1]]
  ↳ app/controllers/feedbacks_controller.rb:3:in `mark_reviewed'
  [1m[36mFeedback Load (0.1ms)[0m  [1m[34mSELECT "feedbacks".* FROM "feedbacks" WHERE "feedbacks"."export_id" = $1 AND "feedbacks"."feedback_id" = $2 LIMIT $3[0m  [["export_id", 5], ["feedback_id", "59148"], ["LIMIT", 1]]
  ↳ app/controllers/feedbacks_controller.rb:13:in `mark_reviewed'
  [1m[36mTRANSACTION (0.1ms)[0m  [1m[35mBEGIN[0m
  ↳ app/controllers/feedbacks_controller.rb:13:in `mark_reviewed'
  [1m[36mFeedback Exists? (1.4ms)[0m  [1m[34mSELECT 1 AS one FROM "feedbacks" WHERE "feedbacks"."feedback_id" = $1 AND "feedbacks"."export_id" = $2 LIMIT $3[0m  [["feedback_id", "59148"], ["export_id", 5], ["LIMIT", 1]]
  ↳ app/controllers/feedbacks_controller.rb:13:in `mark_reviewed'
  [1m[36mFeedback Create (0.4ms)[0m  [1m[32mINSERT INTO "feedbacks" ("export_id", "feedback_id", "reviewed", "created_at", "updated_at") VALUES ($1, $2, $3, $4, $5) RETURNING "id"[0m  [["export_id", 5], ["feedback_id", "59148"], ["reviewed", false], ["created_at", "2025-11-06 12:05:23.001323"], ["updated_at", "2025-11-06 12:05:23.001323"]]
  ↳ app/controllers/feedbacks_controller.rb:13:in `mark_reviewed'
  [1m[36mTRANSACTION (10.2ms)[0m  [1m[35mCOMMIT[0m
  ↳ app/controllers/feedbacks_controller.rb:13:in `mark_reviewed'
  [1m[36mTRANSACTION (0.3ms)[0m  [1m[35mBEGIN[0m
  ↳ app/controllers/feedbacks_controller.rb:14:in `mark_reviewed'
  [1m[36mFeedback Update (1.8ms)[0m  [1m[33mUPDATE "feedbacks" SET "reviewed" = $1, "updated_at" = $2 WHERE "feedbacks"."id" = $3[0m  [["reviewed", true], ["updated_at", "2025-11-06 12:05:23.014999"], ["id", 24]]
  ↳ app/controllers/feedbacks_controller.rb:14:in `mark_reviewed'
  [1m[36mTRANSACTION (1.8ms)[0m  [1m[35mCOMMIT[0m
  ↳ app/controllers/feedbacks_controller.rb:14:in `mark_reviewed'
GitlabService using token: ZLZQKBfREcp... (length: 45)
Failed to add reaction: undefined method `create_merge_request_note_award_emoji' for an instance of Gitlab::Client
Completed 200 OK in 28ms (Views: 0.2ms | ActiveRecord: 16.5ms | Allocations: 5949)


Started PATCH "/exports/5/feedbacks/59149/mark_reviewed" for 172.21.0.1 at 2025-11-06 12:05:34 +0000
Processing by FeedbacksController#mark_reviewed as JSON
  Parameters: {"export_id"=>"5", "id"=>"59149", "feedback"=>{}}
  [1m[36mExport Load (0.7ms)[0m  [1m[34mSELECT "exports".* FROM "exports" WHERE "exports"."id" = $1 LIMIT $2[0m  [["id", 5], ["LIMIT", 1]]
  ↳ app/controllers/feedbacks_controller.rb:3:in `mark_reviewed'
  [1m[36mFeedback Load (0.3ms)[0m  [1m[34mSELECT "feedbacks".* FROM "feedbacks" WHERE "feedbacks"."export_id" = $1 AND "feedbacks"."feedback_id" = $2 LIMIT $3[0m  [["export_id", 5], ["feedback_id", "59149"], ["LIMIT", 1]]
  ↳ app/controllers/feedbacks_controller.rb:13:in `mark_reviewed'
  [1m[36mTRANSACTION (0.4ms)[0m  [1m[35mBEGIN[0m
  ↳ app/controllers/feedbacks_controller.rb:13:in `mark_reviewed'
  [1m[36mFeedback Exists? (2.2ms)[0m  [1m[34mSELECT 1 AS one FROM "feedbacks" WHERE "feedbacks"."feedback_id" = $1 AND "feedbacks"."export_id" = $2 LIMIT $3[0m  [["feedback_id", "59149"], ["export_id", 5], ["LIMIT", 1]]
  ↳ app/controllers/feedbacks_controller.rb:13:in `mark_reviewed'
  [1m[36mFeedback Create (0.2ms)[0m  [1m[32mINSERT INTO "feedbacks" ("export_id", "feedback_id", "reviewed", "created_at", "updated_at") VALUES ($1, $2, $3, $4, $5) RETURNING "id"[0m  [["export_id", 5], ["feedback_id", "59149"], ["reviewed", false], ["created_at", "2025-11-06 12:05:34.434351"], ["updated_at", "2025-11-06 12:05:34.434351"]]
  ↳ app/controllers/feedbacks_controller.rb:13:in `mark_reviewed'
  [1m[36mTRANSACTION (2.0ms)[0m  [1m[35mCOMMIT[0m
  ↳ app/controllers/feedbacks_controller.rb:13:in `mark_reviewed'
  [1m[36mTRANSACTION (0.2ms)[0m  [1m[35mBEGIN[0m
  ↳ app/controllers/feedbacks_controller.rb:14:in `mark_reviewed'
  [1m[36mFeedback Update (1.3ms)[0m  [1m[33mUPDATE "feedbacks" SET "reviewed" = $1, "updated_at" = $2 WHERE "feedbacks"."id" = $3[0m  [["reviewed", true], ["updated_at", "2025-11-06 12:05:34.437803"], ["id", 25]]
  ↳ app/controllers/feedbacks_controller.rb:14:in `mark_reviewed'
  [1m[36mTRANSACTION (1.8ms)[0m  [1m[35mCOMMIT[0m
  ↳ app/controllers/feedbacks_controller.rb:14:in `mark_reviewed'
GitlabService using token: ZLZQKBfREcp... (length: 45)
Failed to add reaction: undefined method `create_merge_request_note_award_emoji' for an instance of Gitlab::Client
Completed 200 OK in 18ms (Views: 0.2ms | ActiveRecord: 9.1ms | Allocations: 5963)


Started PATCH "/exports/5/feedbacks/59151/mark_reviewed" for 172.21.0.1 at 2025-11-06 12:05:57 +0000
Processing by FeedbacksController#mark_reviewed as JSON
  Parameters: {"export_id"=>"5", "id"=>"59151", "feedback"=>{}}
  [1m[36mExport Load (0.5ms)[0m  [1m[34mSELECT "exports".* FROM "exports" WHERE "exports"."id" = $1 LIMIT $2[0m  [["id", 5], ["LIMIT", 1]]
  ↳ app/controllers/feedbacks_controller.rb:3:in `mark_reviewed'
  [1m[36mFeedback Load (0.4ms)[0m  [1m[34mSELECT "feedbacks".* FROM "feedbacks" WHERE "feedbacks"."export_id" = $1 AND "feedbacks"."feedback_id" = $2 LIMIT $3[0m  [["export_id", 5], ["feedback_id", "59151"], ["LIMIT", 1]]
  ↳ app/controllers/feedbacks_controller.rb:13:in `mark_reviewed'
  [1m[36mTRANSACTION (0.3ms)[0m  [1m[35mBEGIN[0m
  ↳ app/controllers/feedbacks_controller.rb:13:in `mark_reviewed'
  [1m[36mFeedback Exists? (1.7ms)[0m  [1m[34mSELECT 1 AS one FROM "feedbacks" WHERE "feedbacks"."feedback_id" = $1 AND "feedbacks"."export_id" = $2 LIMIT $3[0m  [["feedback_id", "59151"], ["export_id", 5], ["LIMIT", 1]]
  ↳ app/controllers/feedbacks_controller.rb:13:in `mark_reviewed'
  [1m[36mFeedback Create (0.5ms)[0m  [1m[32mINSERT INTO "feedbacks" ("export_id", "feedback_id", "reviewed", "created_at", "updated_at") VALUES ($1, $2, $3, $4, $5) RETURNING "id"[0m  [["export_id", 5], ["feedback_id", "59151"], ["reviewed", false], ["created_at", "2025-11-06 12:05:57.067522"], ["updated_at", "2025-11-06 12:05:57.067522"]]
  ↳ app/controllers/feedbacks_controller.rb:13:in `mark_reviewed'
  [1m[36mTRANSACTION (1.9ms)[0m  [1m[35mCOMMIT[0m
  ↳ app/controllers/feedbacks_controller.rb:13:in `mark_reviewed'
  [1m[36mTRANSACTION (0.2ms)[0m  [1m[35mBEGIN[0m
  ↳ app/controllers/feedbacks_controller.rb:14:in `mark_reviewed'
  [1m[36mFeedback Update (3.8ms)[0m  [1m[33mUPDATE "feedbacks" SET "reviewed" = $1, "updated_at" = $2 WHERE "feedbacks"."id" = $3[0m  [["reviewed", true], ["updated_at", "2025-11-06 12:05:57.072228"], ["id", 26]]
  ↳ app/controllers/feedbacks_controller.rb:14:in `mark_reviewed'
  [1m[36mTRANSACTION (1.8ms)[0m  [1m[35mCOMMIT[0m
  ↳ app/controllers/feedbacks_controller.rb:14:in `mark_reviewed'
GitlabService using token: ZLZQKBfREcp... (length: 45)
Failed to add reaction: undefined method `create_merge_request_note_award_emoji' for an instance of Gitlab::Client
Completed 200 OK in 21ms (Views: 0.2ms | ActiveRecord: 11.1ms | Allocations: 5986)


[dotenv] Set [36mGITLAB_TOKEN[0m and [36mGITLAB_ENDPOINT[0m
[dotenv] Loaded [33m.env[0m
[dotenv] Loaded [33m.env[0m
Started GET "/exports/5" for 172.21.0.1 at 2025-11-06 12:08:15 +0000
  [1m[36mActiveRecord::SchemaMigration Load (0.2ms)[0m  [1m[34mSELECT "schema_migrations"."version" FROM "schema_migrations" ORDER BY "schema_migrations"."version" ASC[0m
Processing by ExportsController#show as HTML
  Parameters: {"id"=>"5"}
  [1m[36mExport Load (0.4ms)[0m  [1m[34mSELECT "exports".* FROM "exports" WHERE "exports"."id" = $1 LIMIT $2[0m  [["id", 5], ["LIMIT", 1]]
  ↳ app/controllers/exports_controller.rb:11:in `show'
  Rendering layout layouts/application.html.erb
  Rendering exports/show.html.erb within layouts/application
  [1m[36mFeedback Pluck (0.2ms)[0m  [1m[34mSELECT "feedbacks"."feedback_id" FROM "feedbacks" WHERE "feedbacks"."export_id" = $1 AND "feedbacks"."reviewed" = $2[0m  [["export_id", 5], ["reviewed", true]]
  ↳ app/views/exports/show.html.erb:15
  Rendered exports/show.html.erb within layouts/application (Duration: 8.3ms | Allocations: 5665)
  Rendered layout layouts/application.html.erb (Duration: 10.7ms | Allocations: 7793)
Completed 200 OK in 45ms (Views: 11.6ms | ActiveRecord: 6.8ms | Allocations: 30800)


Started GET "/.well-known/appspecific/com.chrome.devtools.json" for 172.21.0.1 at 2025-11-06 12:08:15 +0000
  
ActionController::RoutingError (No route matches [GET] "/.well-known/appspecific/com.chrome.devtools.json"):
  
Started PATCH "/exports/5/feedbacks/59167/mark_reviewed" for 172.21.0.1 at 2025-11-06 12:09:01 +0000
Processing by FeedbacksController#mark_reviewed as JSON
  Parameters: {"export_id"=>"5", "id"=>"59167", "feedback"=>{}}
  [1m[36mExport Load (0.5ms)[0m  [1m[34mSELECT "exports".* FROM "exports" WHERE "exports"."id" = $1 LIMIT $2[0m  [["id", 5], ["LIMIT", 1]]
  ↳ app/controllers/feedbacks_controller.rb:3:in `mark_reviewed'
  [1m[36mFeedback Load (0.3ms)[0m  [1m[34mSELECT "feedbacks".* FROM "feedbacks" WHERE "feedbacks"."export_id" = $1 AND "feedbacks"."feedback_id" = $2 LIMIT $3[0m  [["export_id", 5], ["feedback_id", "59167"], ["LIMIT", 1]]
  ↳ app/controllers/feedbacks_controller.rb:13:in `mark_reviewed'
  [1m[36mTRANSACTION (0.1ms)[0m  [1m[35mBEGIN[0m
  ↳ app/controllers/feedbacks_controller.rb:13:in `mark_reviewed'
  [1m[36mFeedback Exists? (1.1ms)[0m  [1m[34mSELECT 1 AS one FROM "feedbacks" WHERE "feedbacks"."feedback_id" = $1 AND "feedbacks"."export_id" = $2 LIMIT $3[0m  [["feedback_id", "59167"], ["export_id", 5], ["LIMIT", 1]]
  ↳ app/controllers/feedbacks_controller.rb:13:in `mark_reviewed'
  [1m[36mFeedback Create (0.5ms)[0m  [1m[32mINSERT INTO "feedbacks" ("export_id", "feedback_id", "reviewed", "created_at", "updated_at") VALUES ($1, $2, $3, $4, $5) RETURNING "id"[0m  [["export_id", 5], ["feedback_id", "59167"], ["reviewed", false], ["created_at", "2025-11-06 12:09:01.549371"], ["updated_at", "2025-11-06 12:09:01.549371"]]
  ↳ app/controllers/feedbacks_controller.rb:13:in `mark_reviewed'
  [1m[36mTRANSACTION (10.0ms)[0m  [1m[35mCOMMIT[0m
  ↳ app/controllers/feedbacks_controller.rb:13:in `mark_reviewed'
  [1m[36mTRANSACTION (0.1ms)[0m  [1m[35mBEGIN[0m
  ↳ app/controllers/feedbacks_controller.rb:14:in `mark_reviewed'
  [1m[36mFeedback Update (0.3ms)[0m  [1m[33mUPDATE "feedbacks" SET "reviewed" = $1, "updated_at" = $2 WHERE "feedbacks"."id" = $3[0m  [["reviewed", true], ["updated_at", "2025-11-06 12:09:01.566661"], ["id", 27]]
  ↳ app/controllers/feedbacks_controller.rb:14:in `mark_reviewed'
  [1m[36mTRANSACTION (1.6ms)[0m  [1m[35mCOMMIT[0m
  ↳ app/controllers/feedbacks_controller.rb:14:in `mark_reviewed'
GitlabService using token: UKj9EimdVbQ... (length: 45)
Failed to add reaction: undefined method `create_merge_request_note_award_emoji' for an instance of Gitlab::Client
Completed 200 OK in 51ms (Views: 0.2ms | ActiveRecord: 18.3ms | Allocations: 11428)


[dotenv] Set [36mGITLAB_TOKEN[0m and [36mGITLAB_ENDPOINT[0m
[dotenv] Loaded [33m.env[0m
[dotenv] Loaded [33m.env[0m
Started PATCH "/exports/5/feedbacks/59165/mark_reviewed" for 172.21.0.1 at 2025-11-06 12:10:12 +0000
Processing by FeedbacksController#mark_reviewed as JSON
  Parameters: {"export_id"=>"5", "id"=>"59165", "feedback"=>{}}
  [1m[36mExport Load (0.2ms)[0m  [1m[34mSELECT "exports".* FROM "exports" WHERE "exports"."id" = $1 LIMIT $2[0m  [["id", 5], ["LIMIT", 1]]
  ↳ app/controllers/feedbacks_controller.rb:3:in `mark_reviewed'
  [1m[36mFeedback Load (0.1ms)[0m  [1m[34mSELECT "feedbacks".* FROM "feedbacks" WHERE "feedbacks"."export_id" = $1 AND "feedbacks"."feedback_id" = $2 LIMIT $3[0m  [["export_id", 5], ["feedback_id", "59165"], ["LIMIT", 1]]
  ↳ app/controllers/feedbacks_controller.rb:13:in `mark_reviewed'
  [1m[36mTRANSACTION (0.0ms)[0m  [1m[35mBEGIN[0m
  ↳ app/controllers/feedbacks_controller.rb:13:in `mark_reviewed'
  [1m[36mFeedback Exists? (0.5ms)[0m  [1m[34mSELECT 1 AS one FROM "feedbacks" WHERE "feedbacks"."feedback_id" = $1 AND "feedbacks"."export_id" = $2 LIMIT $3[0m  [["feedback_id", "59165"], ["export_id", 5], ["LIMIT", 1]]
  ↳ app/controllers/feedbacks_controller.rb:13:in `mark_reviewed'
  [1m[36mFeedback Create (0.3ms)[0m  [1m[32mINSERT INTO "feedbacks" ("export_id", "feedback_id", "reviewed", "created_at", "updated_at") VALUES ($1, $2, $3, $4, $5) RETURNING "id"[0m  [["export_id", 5], ["feedback_id", "59165"], ["reviewed", false], ["created_at", "2025-11-06 12:10:12.388033"], ["updated_at", "2025-11-06 12:10:12.388033"]]
  ↳ app/controllers/feedbacks_controller.rb:13:in `mark_reviewed'
  [1m[36mTRANSACTION (1.4ms)[0m  [1m[35mCOMMIT[0m
  ↳ app/controllers/feedbacks_controller.rb:13:in `mark_reviewed'
  [1m[36mTRANSACTION (0.0ms)[0m  [1m[35mBEGIN[0m
  ↳ app/controllers/feedbacks_controller.rb:14:in `mark_reviewed'
  [1m[36mFeedback Update (0.1ms)[0m  [1m[33mUPDATE "feedbacks" SET "reviewed" = $1, "updated_at" = $2 WHERE "feedbacks"."id" = $3[0m  [["reviewed", true], ["updated_at", "2025-11-06 12:10:12.391626"], ["id", 28]]
  ↳ app/controllers/feedbacks_controller.rb:14:in `mark_reviewed'
  [1m[36mTRANSACTION (1.5ms)[0m  [1m[35mCOMMIT[0m
  ↳ app/controllers/feedbacks_controller.rb:14:in `mark_reviewed'
GitlabService using token: UKj9EimdVbQ... (length: 45)
Failed to add reaction: Server responded with code 404, message: 404 Not Found. Request URI: https://gitlab.innovationlawlab.org/api/v4/projects/merge_requests/1527s/ILL/lawlabplatform/notes/59165/award_emoji
Completed 200 OK in 905ms (Views: 0.4ms | ActiveRecord: 7.9ms | Allocations: 16369)


[dotenv] Set [36mGITLAB_TOKEN[0m and [36mGITLAB_ENDPOINT[0m
[dotenv] Loaded [33m.env[0m
[dotenv] Loaded [33m.env[0m
Started GET "/exports/5" for 172.21.0.1 at 2025-11-06 12:10:58 +0000
Processing by ExportsController#show as HTML
  Parameters: {"id"=>"5"}
  [1m[36mExport Load (0.1ms)[0m  [1m[34mSELECT "exports".* FROM "exports" WHERE "exports"."id" = $1 LIMIT $2[0m  [["id", 5], ["LIMIT", 1]]
  ↳ app/controllers/exports_controller.rb:11:in `show'
  Rendering layout layouts/application.html.erb
  Rendering exports/show.html.erb within layouts/application
  [1m[36mFeedback Pluck (0.1ms)[0m  [1m[34mSELECT "feedbacks"."feedback_id" FROM "feedbacks" WHERE "feedbacks"."export_id" = $1 AND "feedbacks"."reviewed" = $2[0m  [["export_id", 5], ["reviewed", true]]
  ↳ app/views/exports/show.html.erb:15
  Rendered exports/show.html.erb within layouts/application (Duration: 3.2ms | Allocations: 3609)
  Rendered layout layouts/application.html.erb (Duration: 3.9ms | Allocations: 4471)
Completed 200 OK in 9ms (Views: 3.4ms | ActiveRecord: 2.5ms | Allocations: 11365)


Started GET "/.well-known/appspecific/com.chrome.devtools.json" for 172.21.0.1 at 2025-11-06 12:10:58 +0000
  
ActionController::RoutingError (No route matches [GET] "/.well-known/appspecific/com.chrome.devtools.json"):
  
Started PATCH "/exports/5/feedbacks/59163/mark_reviewed" for 172.21.0.1 at 2025-11-06 12:11:10 +0000
Processing by FeedbacksController#mark_reviewed as JSON
  Parameters: {"export_id"=>"5", "id"=>"59163", "feedback"=>{}}
  [1m[36mExport Load (0.5ms)[0m  [1m[34mSELECT "exports".* FROM "exports" WHERE "exports"."id" = $1 LIMIT $2[0m  [["id", 5], ["LIMIT", 1]]
  ↳ app/controllers/feedbacks_controller.rb:3:in `mark_reviewed'
  [1m[36mFeedback Load (0.3ms)[0m  [1m[34mSELECT "feedbacks".* FROM "feedbacks" WHERE "feedbacks"."export_id" = $1 AND "feedbacks"."feedback_id" = $2 LIMIT $3[0m  [["export_id", 5], ["feedback_id", "59163"], ["LIMIT", 1]]
  ↳ app/controllers/feedbacks_controller.rb:13:in `mark_reviewed'
  [1m[36mTRANSACTION (0.1ms)[0m  [1m[35mBEGIN[0m
  ↳ app/controllers/feedbacks_controller.rb:13:in `mark_reviewed'
  [1m[36mFeedback Exists? (1.5ms)[0m  [1m[34mSELECT 1 AS one FROM "feedbacks" WHERE "feedbacks"."feedback_id" = $1 AND "feedbacks"."export_id" = $2 LIMIT $3[0m  [["feedback_id", "59163"], ["export_id", 5], ["LIMIT", 1]]
  ↳ app/controllers/feedbacks_controller.rb:13:in `mark_reviewed'
  [1m[36mFeedback Create (0.3ms)[0m  [1m[32mINSERT INTO "feedbacks" ("export_id", "feedback_id", "reviewed", "created_at", "updated_at") VALUES ($1, $2, $3, $4, $5) RETURNING "id"[0m  [["export_id", 5], ["feedback_id", "59163"], ["reviewed", false], ["created_at", "2025-11-06 12:11:10.790598"], ["updated_at", "2025-11-06 12:11:10.790598"]]
  ↳ app/controllers/feedbacks_controller.rb:13:in `mark_reviewed'
  [1m[36mTRANSACTION (10.1ms)[0m  [1m[35mCOMMIT[0m
  ↳ app/controllers/feedbacks_controller.rb:13:in `mark_reviewed'
  [1m[36mTRANSACTION (0.4ms)[0m  [1m[35mBEGIN[0m
  ↳ app/controllers/feedbacks_controller.rb:14:in `mark_reviewed'
  [1m[36mFeedback Update (0.5ms)[0m  [1m[33mUPDATE "feedbacks" SET "reviewed" = $1, "updated_at" = $2 WHERE "feedbacks"."id" = $3[0m  [["reviewed", true], ["updated_at", "2025-11-06 12:11:10.808340"], ["id", 29]]
  ↳ app/controllers/feedbacks_controller.rb:14:in `mark_reviewed'
  [1m[36mTRANSACTION (1.7ms)[0m  [1m[35mCOMMIT[0m
  ↳ app/controllers/feedbacks_controller.rb:14:in `mark_reviewed'
GitlabService using token: UKj9EimdVbQ... (length: 45)
Failed to add reaction: Server responded with code 404, message: 404 Not Found. Request URI: https://gitlab.innovationlawlab.org/api/v4/projects/ILL%2Flawlabplatform/MergeRequests/1527/notes/59163/award_emoji
Completed 200 OK in 825ms (Views: 0.4ms | ActiveRecord: 20.1ms | Allocations: 10213)


Started GET "/exports/5" for 172.21.0.1 at 2025-11-06 12:11:47 +0000
Processing by ExportsController#show as HTML
  Parameters: {"id"=>"5"}
  [1m[36mExport Load (0.2ms)[0m  [1m[34mSELECT "exports".* FROM "exports" WHERE "exports"."id" = $1 LIMIT $2[0m  [["id", 5], ["LIMIT", 1]]
  ↳ app/controllers/exports_controller.rb:11:in `show'
  Rendering layout layouts/application.html.erb
  Rendering exports/show.html.erb within layouts/application
  [1m[36mFeedback Pluck (0.1ms)[0m  [1m[34mSELECT "feedbacks"."feedback_id" FROM "feedbacks" WHERE "feedbacks"."export_id" = $1 AND "feedbacks"."reviewed" = $2[0m  [["export_id", 5], ["reviewed", true]]
  ↳ app/views/exports/show.html.erb:15
  Rendered exports/show.html.erb within layouts/application (Duration: 3.0ms | Allocations: 3609)
  Rendered layout layouts/application.html.erb (Duration: 7.3ms | Allocations: 4468)
Completed 200 OK in 13ms (Views: 7.0ms | ActiveRecord: 2.2ms | Allocations: 11310)


Started GET "/.well-known/appspecific/com.chrome.devtools.json" for 172.21.0.1 at 2025-11-06 12:11:47 +0000
  
ActionController::RoutingError (No route matches [GET] "/.well-known/appspecific/com.chrome.devtools.json"):
  
Started PATCH "/exports/5/feedbacks/59164/mark_reviewed" for 172.21.0.1 at 2025-11-06 12:11:58 +0000
Processing by FeedbacksController#mark_reviewed as JSON
  Parameters: {"export_id"=>"5", "id"=>"59164", "feedback"=>{}}
  [1m[36mExport Load (0.5ms)[0m  [1m[34mSELECT "exports".* FROM "exports" WHERE "exports"."id" = $1 LIMIT $2[0m  [["id", 5], ["LIMIT", 1]]
  ↳ app/controllers/feedbacks_controller.rb:3:in `mark_reviewed'
  [1m[36mFeedback Load (0.3ms)[0m  [1m[34mSELECT "feedbacks".* FROM "feedbacks" WHERE "feedbacks"."export_id" = $1 AND "feedbacks"."feedback_id" = $2 LIMIT $3[0m  [["export_id", 5], ["feedback_id", "59164"], ["LIMIT", 1]]
  ↳ app/controllers/feedbacks_controller.rb:13:in `mark_reviewed'
  [1m[36mTRANSACTION (0.1ms)[0m  [1m[35mBEGIN[0m
  ↳ app/controllers/feedbacks_controller.rb:13:in `mark_reviewed'
  [1m[36mFeedback Exists? (2.2ms)[0m  [1m[34mSELECT 1 AS one FROM "feedbacks" WHERE "feedbacks"."feedback_id" = $1 AND "feedbacks"."export_id" = $2 LIMIT $3[0m  [["feedback_id", "59164"], ["export_id", 5], ["LIMIT", 1]]
  ↳ app/controllers/feedbacks_controller.rb:13:in `mark_reviewed'
  [1m[36mFeedback Create (0.4ms)[0m  [1m[32mINSERT INTO "feedbacks" ("export_id", "feedback_id", "reviewed", "created_at", "updated_at") VALUES ($1, $2, $3, $4, $5) RETURNING "id"[0m  [["export_id", 5], ["feedback_id", "59164"], ["reviewed", false], ["created_at", "2025-11-06 12:11:58.834409"], ["updated_at", "2025-11-06 12:11:58.834409"]]
  ↳ app/controllers/feedbacks_controller.rb:13:in `mark_reviewed'
  [1m[36mTRANSACTION (10.2ms)[0m  [1m[35mCOMMIT[0m
  ↳ app/controllers/feedbacks_controller.rb:13:in `mark_reviewed'
  [1m[36mTRANSACTION (0.3ms)[0m  [1m[35mBEGIN[0m
  ↳ app/controllers/feedbacks_controller.rb:14:in `mark_reviewed'
  [1m[36mFeedback Update (0.2ms)[0m  [1m[33mUPDATE "feedbacks" SET "reviewed" = $1, "updated_at" = $2 WHERE "feedbacks"."id" = $3[0m  [["reviewed", true], ["updated_at", "2025-11-06 12:11:58.851580"], ["id", 30]]
  ↳ app/controllers/feedbacks_controller.rb:14:in `mark_reviewed'
  [1m[36mTRANSACTION (1.6ms)[0m  [1m[35mCOMMIT[0m
  ↳ app/controllers/feedbacks_controller.rb:14:in `mark_reviewed'
GitlabService using token: UKj9EimdVbQ... (length: 45)
Completed 200 OK in 984ms (Views: 0.3ms | ActiveRecord: 19.6ms | Allocations: 10343)


Started PATCH "/exports/5/feedbacks/59160/mark_reviewed" for 172.21.0.1 at 2025-11-06 12:14:09 +0000
Processing by FeedbacksController#mark_reviewed as JSON
  Parameters: {"export_id"=>"5", "id"=>"59160", "feedback"=>{}}
  [1m[36mExport Load (0.4ms)[0m  [1m[34mSELECT "exports".* FROM "exports" WHERE "exports"."id" = $1 LIMIT $2[0m  [["id", 5], ["LIMIT", 1]]
  ↳ app/controllers/feedbacks_controller.rb:3:in `mark_reviewed'
  [1m[36mFeedback Load (0.4ms)[0m  [1m[34mSELECT "feedbacks".* FROM "feedbacks" WHERE "feedbacks"."export_id" = $1 AND "feedbacks"."feedback_id" = $2 LIMIT $3[0m  [["export_id", 5], ["feedback_id", "59160"], ["LIMIT", 1]]
  ↳ app/controllers/feedbacks_controller.rb:13:in `mark_reviewed'
  [1m[36mTRANSACTION (0.2ms)[0m  [1m[35mBEGIN[0m
  ↳ app/controllers/feedbacks_controller.rb:13:in `mark_reviewed'
  [1m[36mFeedback Exists? (2.0ms)[0m  [1m[34mSELECT 1 AS one FROM "feedbacks" WHERE "feedbacks"."feedback_id" = $1 AND "feedbacks"."export_id" = $2 LIMIT $3[0m  [["feedback_id", "59160"], ["export_id", 5], ["LIMIT", 1]]
  ↳ app/controllers/feedbacks_controller.rb:13:in `mark_reviewed'
  [1m[36mFeedback Create (0.5ms)[0m  [1m[32mINSERT INTO "feedbacks" ("export_id", "feedback_id", "reviewed", "created_at", "updated_at") VALUES ($1, $2, $3, $4, $5) RETURNING "id"[0m  [["export_id", 5], ["feedback_id", "59160"], ["reviewed", false], ["created_at", "2025-11-06 12:14:09.310310"], ["updated_at", "2025-11-06 12:14:09.310310"]]
  ↳ app/controllers/feedbacks_controller.rb:13:in `mark_reviewed'
  [1m[36mTRANSACTION (1.9ms)[0m  [1m[35mCOMMIT[0m
  ↳ app/controllers/feedbacks_controller.rb:13:in `mark_reviewed'
  [1m[36mTRANSACTION (0.2ms)[0m  [1m[35mBEGIN[0m
  ↳ app/controllers/feedbacks_controller.rb:14:in `mark_reviewed'
  [1m[36mFeedback Update (1.5ms)[0m  [1m[33mUPDATE "feedbacks" SET "reviewed" = $1, "updated_at" = $2 WHERE "feedbacks"."id" = $3[0m  [["reviewed", true], ["updated_at", "2025-11-06 12:14:09.320864"], ["id", 31]]
  ↳ app/controllers/feedbacks_controller.rb:14:in `mark_reviewed'
  [1m[36mTRANSACTION (1.9ms)[0m  [1m[35mCOMMIT[0m
  ↳ app/controllers/feedbacks_controller.rb:14:in `mark_reviewed'
GitlabService using token: UKj9EimdVbQ... (length: 45)
Completed 200 OK in 967ms (Views: 0.3ms | ActiveRecord: 8.9ms | Allocations: 6940)


Started PATCH "/exports/5/feedbacks/59159/mark_reviewed" for 172.21.0.1 at 2025-11-06 12:15:10 +0000
Processing by FeedbacksController#mark_reviewed as JSON
  Parameters: {"export_id"=>"5", "id"=>"59159", "feedback"=>{}}
  [1m[36mExport Load (0.3ms)[0m  [1m[34mSELECT "exports".* FROM "exports" WHERE "exports"."id" = $1 LIMIT $2[0m  [["id", 5], ["LIMIT", 1]]
  ↳ app/controllers/feedbacks_controller.rb:3:in `mark_reviewed'
  [1m[36mFeedback Load (0.3ms)[0m  [1m[34mSELECT "feedbacks".* FROM "feedbacks" WHERE "feedbacks"."export_id" = $1 AND "feedbacks"."feedback_id" = $2 LIMIT $3[0m  [["export_id", 5], ["feedback_id", "59159"], ["LIMIT", 1]]
  ↳ app/controllers/feedbacks_controller.rb:13:in `mark_reviewed'
  [1m[36mTRANSACTION (0.1ms)[0m  [1m[35mBEGIN[0m
  ↳ app/controllers/feedbacks_controller.rb:13:in `mark_reviewed'
  [1m[36mFeedback Exists? (1.1ms)[0m  [1m[34mSELECT 1 AS one FROM "feedbacks" WHERE "feedbacks"."feedback_id" = $1 AND "feedbacks"."export_id" = $2 LIMIT $3[0m  [["feedback_id", "59159"], ["export_id", 5], ["LIMIT", 1]]
  ↳ app/controllers/feedbacks_controller.rb:13:in `mark_reviewed'
  [1m[36mFeedback Create (0.3ms)[0m  [1m[32mINSERT INTO "feedbacks" ("export_id", "feedback_id", "reviewed", "created_at", "updated_at") VALUES ($1, $2, $3, $4, $5) RETURNING "id"[0m  [["export_id", 5], ["feedback_id", "59159"], ["reviewed", false], ["created_at", "2025-11-06 12:15:10.217224"], ["updated_at", "2025-11-06 12:15:10.217224"]]
  ↳ app/controllers/feedbacks_controller.rb:13:in `mark_reviewed'
  [1m[36mTRANSACTION (1.7ms)[0m  [1m[35mCOMMIT[0m
  ↳ app/controllers/feedbacks_controller.rb:13:in `mark_reviewed'
  [1m[36mTRANSACTION (0.1ms)[0m  [1m[35mBEGIN[0m
  ↳ app/controllers/feedbacks_controller.rb:14:in `mark_reviewed'
  [1m[36mFeedback Update (1.1ms)[0m  [1m[33mUPDATE "feedbacks" SET "reviewed" = $1, "updated_at" = $2 WHERE "feedbacks"."id" = $3[0m  [["reviewed", true], ["updated_at", "2025-11-06 12:15:10.221017"], ["id", 32]]
  ↳ app/controllers/feedbacks_controller.rb:14:in `mark_reviewed'
  [1m[36mTRANSACTION (1.6ms)[0m  [1m[35mCOMMIT[0m
  ↳ app/controllers/feedbacks_controller.rb:14:in `mark_reviewed'
GitlabService using token: UKj9EimdVbQ... (length: 45)
Completed 200 OK in 1104ms (Views: 0.3ms | ActiveRecord: 6.4ms | Allocations: 6872)


Started GET "/exports/5" for 172.21.0.1 at 2025-11-06 12:19:43 +0000
Processing by ExportsController#show as HTML
  Parameters: {"id"=>"5"}
  [1m[36mExport Load (0.3ms)[0m  [1m[34mSELECT "exports".* FROM "exports" WHERE "exports"."id" = $1 LIMIT $2[0m  [["id", 5], ["LIMIT", 1]]
  ↳ app/controllers/exports_controller.rb:11:in `show'
  Rendering layout layouts/application.html.erb
  Rendering exports/show.html.erb within layouts/application
  [1m[36mFeedback Pluck (0.3ms)[0m  [1m[34mSELECT "feedbacks"."feedback_id" FROM "feedbacks" WHERE "feedbacks"."export_id" = $1 AND "feedbacks"."reviewed" = $2[0m  [["export_id", 5], ["reviewed", true]]
  ↳ app/views/exports/show.html.erb:15
  Rendered exports/show.html.erb within layouts/application (Duration: 2.1ms | Allocations: 1371)
  Rendered layout layouts/application.html.erb (Duration: 2.9ms | Allocations: 1946)
Completed 200 OK in 5ms (Views: 3.0ms | ActiveRecord: 0.5ms | Allocations: 2589)


Started GET "/.well-known/appspecific/com.chrome.devtools.json" for 172.21.0.1 at 2025-11-06 12:19:43 +0000
  
ActionController::RoutingError (No route matches [GET] "/.well-known/appspecific/com.chrome.devtools.json"):
  
Started GET "/exports/5" for 172.21.0.1 at 2025-11-06 12:24:49 +0000
Processing by ExportsController#show as HTML
  Parameters: {"id"=>"5"}
  [1m[36mExport Load (0.1ms)[0m  [1m[34mSELECT "exports".* FROM "exports" WHERE "exports"."id" = $1 LIMIT $2[0m  [["id", 5], ["LIMIT", 1]]
  ↳ app/controllers/exports_controller.rb:11:in `show'
  Rendering layout layouts/application.html.erb
  Rendering exports/show.html.erb within layouts/application
  [1m[36mFeedback Pluck (0.1ms)[0m  [1m[34mSELECT "feedbacks"."feedback_id" FROM "feedbacks" WHERE "feedbacks"."export_id" = $1 AND "feedbacks"."reviewed" = $2[0m  [["export_id", 5], ["reviewed", true]]
  ↳ app/views/exports/show.html.erb:21
  Rendered exports/show.html.erb within layouts/application (Duration: 3.0ms | Allocations: 3772)
  Rendered layout layouts/application.html.erb (Duration: 3.6ms | Allocations: 4658)
Completed 200 OK in 9ms (Views: 3.3ms | ActiveRecord: 2.2ms | Allocations: 11546)


Started GET "/.well-known/appspecific/com.chrome.devtools.json" for 172.21.0.1 at 2025-11-06 12:24:49 +0000
  
ActionController::RoutingError (No route matches [GET] "/.well-known/appspecific/com.chrome.devtools.json"):
  
Started GET "/exports/5" for 172.21.0.1 at 2025-11-06 12:29:21 +0000
Processing by ExportsController#show as HTML
  Parameters: {"id"=>"5"}
  [1m[36mExport Load (0.3ms)[0m  [1m[34mSELECT "exports".* FROM "exports" WHERE "exports"."id" = $1 LIMIT $2[0m  [["id", 5], ["LIMIT", 1]]
  ↳ app/controllers/exports_controller.rb:11:in `show'
  Rendering layout layouts/application.html.erb
  Rendering exports/show.html.erb within layouts/application
  [1m[36mFeedback Pluck (0.2ms)[0m  [1m[34mSELECT "feedbacks"."feedback_id" FROM "feedbacks" WHERE "feedbacks"."export_id" = $1 AND "feedbacks"."reviewed" = $2[0m  [["export_id", 5], ["reviewed", true]]
  ↳ app/views/exports/show.html.erb:21
  Rendered exports/show.html.erb within layouts/application (Duration: 2.5ms | Allocations: 1413)
  Rendered layout layouts/application.html.erb (Duration: 3.3ms | Allocations: 1976)
Completed 200 OK in 5ms (Views: 3.5ms | ActiveRecord: 0.5ms | Allocations: 2620)


Started GET "/.well-known/appspecific/com.chrome.devtools.json" for 172.21.0.1 at 2025-11-06 12:29:21 +0000
  
ActionController::RoutingError (No route matches [GET] "/.well-known/appspecific/com.chrome.devtools.json"):
  
Started GET "/exports/5" for 172.21.0.1 at 2025-11-06 12:52:53 +0000
Processing by ExportsController#show as HTML
  Parameters: {"id"=>"5"}
  [1m[36mExport Load (0.6ms)[0m  [1m[34mSELECT "exports".* FROM "exports" WHERE "exports"."id" = $1 LIMIT $2[0m  [["id", 5], ["LIMIT", 1]]
  ↳ app/controllers/exports_controller.rb:11:in `show'
  Rendering layout layouts/application.html.erb
  Rendering exports/show.html.erb within layouts/application
  [1m[36mFeedback Pluck (0.3ms)[0m  [1m[34mSELECT "feedbacks"."feedback_id" FROM "feedbacks" WHERE "feedbacks"."export_id" = $1 AND "feedbacks"."reviewed" = $2[0m  [["export_id", 5], ["reviewed", true]]
  ↳ app/views/exports/show.html.erb:21
  Rendered exports/show.html.erb within layouts/application (Duration: 2.3ms | Allocations: 1418)
  Rendered layout layouts/application.html.erb (Duration: 3.3ms | Allocations: 1987)
Completed 200 OK in 24ms (Views: 3.4ms | ActiveRecord: 4.0ms | Allocations: 5900)


Started GET "/.well-known/appspecific/com.chrome.devtools.json" for 172.21.0.1 at 2025-11-06 12:52:53 +0000
  
ActionController::RoutingError (No route matches [GET] "/.well-known/appspecific/com.chrome.devtools.json"):
  
Started GET "/exports/5" for 172.21.0.1 at 2025-11-06 14:50:33 +0000
Processing by ExportsController#show as HTML
  Parameters: {"id"=>"5"}
  [1m[36mExport Load (0.6ms)[0m  [1m[34mSELECT "exports".* FROM "exports" WHERE "exports"."id" = $1 LIMIT $2[0m  [["id", 5], ["LIMIT", 1]]
  ↳ app/controllers/exports_controller.rb:11:in `show'
  Rendering layout layouts/application.html.erb
  Rendering exports/show.html.erb within layouts/application
  [1m[36mFeedback Pluck (0.3ms)[0m  [1m[34mSELECT "feedbacks"."feedback_id" FROM "feedbacks" WHERE "feedbacks"."export_id" = $1 AND "feedbacks"."reviewed" = $2[0m  [["export_id", 5], ["reviewed", true]]
  ↳ app/views/exports/show.html.erb:21
  Rendered exports/show.html.erb within layouts/application (Duration: 2.6ms | Allocations: 1415)
  Rendered layout layouts/application.html.erb (Duration: 3.4ms | Allocations: 1987)
Completed 200 OK in 29ms (Views: 3.5ms | ActiveRecord: 4.5ms | Allocations: 5903)


Started GET "/.well-known/appspecific/com.chrome.devtools.json" for 172.21.0.1 at 2025-11-06 14:50:33 +0000
  
ActionController::RoutingError (No route matches [GET] "/.well-known/appspecific/com.chrome.devtools.json"):
  
Started GET "/exports/5.json" for 172.21.0.1 at 2025-11-06 14:50:49 +0000
Processing by ExportsController#show as JSON
  Parameters: {"id"=>"5"}
  [1m[36mExport Load (0.3ms)[0m  [1m[34mSELECT "exports".* FROM "exports" WHERE "exports"."id" = $1 LIMIT $2[0m  [["id", 5], ["LIMIT", 1]]
  ↳ app/controllers/exports_controller.rb:11:in `show'
Completed 200 OK in 1ms (Views: 0.3ms | ActiveRecord: 0.2ms | Allocations: 873)


Started GET "/.well-known/appspecific/com.chrome.devtools.json" for 172.21.0.1 at 2025-11-06 14:50:49 +0000
  
ActionController::RoutingError (No route matches [GET] "/.well-known/appspecific/com.chrome.devtools.json"):
  
Started GET "/exports/5.json" for 172.21.0.1 at 2025-11-06 14:52:16 +0000
Processing by ExportsController#show as JSON
  Parameters: {"id"=>"5"}
  [1m[36mExport Load (0.3ms)[0m  [1m[34mSELECT "exports".* FROM "exports" WHERE "exports"."id" = $1 LIMIT $2[0m  [["id", 5], ["LIMIT", 1]]
  ↳ app/controllers/exports_controller.rb:11:in `show'
Completed 200 OK in 1ms (Views: 0.3ms | ActiveRecord: 0.3ms | Allocations: 837)


Started GET "/exports/5.json" for 172.21.0.1 at 2025-11-06 14:53:06 +0000
Processing by ExportsController#show as JSON
  Parameters: {"id"=>"5"}
  [1m[36mExport Load (0.3ms)[0m  [1m[34mSELECT "exports".* FROM "exports" WHERE "exports"."id" = $1 LIMIT $2[0m  [["id", 5], ["LIMIT", 1]]
  ↳ app/controllers/exports_controller.rb:11:in `show'
Completed 200 OK in 2ms (Views: 0.4ms | ActiveRecord: 0.3ms | Allocations: 837)


[dotenv] Set [36mGITLAB_TOKEN[0m and [36mGITLAB_ENDPOINT[0m
[dotenv] Loaded [33m.env[0m
[dotenv] Loaded [33m.env[0m
  [1m[35m (0.1ms)[0m  [1m[34mSELECT pg_try_advisory_lock(331611653162353620)[0m
  [1m[36mActiveRecord::SchemaMigration Load (0.2ms)[0m  [1m[34mSELECT "schema_migrations"."version" FROM "schema_migrations" ORDER BY "schema_migrations"."version" ASC[0m
  [1m[36mActiveRecord::InternalMetadata Load (0.4ms)[0m  [1m[34mSELECT * FROM "ar_internal_metadata" WHERE "ar_internal_metadata"."key" = $1 ORDER BY "ar_internal_metadata"."key" ASC LIMIT 1[0m  [[nil, "environment"]]
  [1m[35m (0.1ms)[0m  [1m[34mSELECT pg_advisory_unlock(331611653162353620)[0m
  [1m[36mActiveRecord::SchemaMigration Load (0.0ms)[0m  [1m[34mSELECT "schema_migrations"."version" FROM "schema_migrations" ORDER BY "schema_migrations"."version" ASC[0m
[dotenv] Set [36mGITLAB_TOKEN[0m and [36mGITLAB_ENDPOINT[0m
[dotenv] Loaded [33m.env[0m
[dotenv] Loaded [33m.env[0m
  [1m[36mFeedback Load (0.2ms)[0m  [1m[34mSELECT "feedbacks".* FROM "feedbacks" ORDER BY "feedbacks"."id" DESC LIMIT $1[0m  [["LIMIT", 1]]
  [1m[36mExport Load (0.6ms)[0m  [1m[34mSELECT "exports".* FROM "exports" ORDER BY "exports"."id" DESC LIMIT $1[0m  [["LIMIT", 1]]
  [1m[36mFeedback Load (0.2ms)[0m  [1m[34mSELECT "feedbacks".* FROM "feedbacks" WHERE "feedbacks"."export_id" = $1 /* loading for pp */ LIMIT $2[0m  [["export_id", 5], ["LIMIT", 11]]
  [1m[36mExport Load (1.2ms)[0m  [1m[34mSELECT "exports".* FROM "exports" ORDER BY "exports"."id" DESC LIMIT $1[0m  [["LIMIT", 1]]
  [1m[36mFeedback Count (0.7ms)[0m  [1m[34mSELECT COUNT(*) FROM "feedbacks"[0m
Started GET "/exports/5.json" for 172.21.0.1 at 2025-11-06 14:56:37 +0000
Processing by ExportsController#show as JSON
  Parameters: {"id"=>"5"}
  [1m[36mExport Load (0.1ms)[0m  [1m[34mSELECT "exports".* FROM "exports" WHERE "exports"."id" = $1 LIMIT $2[0m  [["id", 5], ["LIMIT", 1]]
  ↳ app/controllers/exports_controller.rb:11:in `show'
  [1m[36mFeedback Pluck (0.1ms)[0m  [1m[34mSELECT "feedbacks"."feedback_id" FROM "feedbacks" WHERE "feedbacks"."export_id" = $1 AND "feedbacks"."reviewed" = $2[0m  [["export_id", 5], ["reviewed", true]]
  ↳ app/models/export.rb:14:in `as_json'
Completed 200 OK in 8ms (Views: 1.6ms | ActiveRecord: 2.9ms | Allocations: 8813)


Started GET "/.well-known/appspecific/com.chrome.devtools.json" for 172.21.0.1 at 2025-11-06 14:56:37 +0000
  
ActionController::RoutingError (No route matches [GET] "/.well-known/appspecific/com.chrome.devtools.json"):
  
Started GET "/exports/5.json" for 172.21.0.1 at 2025-11-06 14:57:23 +0000
Processing by ExportsController#show as JSON
  Parameters: {"id"=>"5"}
  [1m[36mExport Load (0.3ms)[0m  [1m[34mSELECT "exports".* FROM "exports" WHERE "exports"."id" = $1 LIMIT $2[0m  [["id", 5], ["LIMIT", 1]]
  ↳ app/controllers/exports_controller.rb:11:in `show'
  [1m[36mFeedback Pluck (0.3ms)[0m  [1m[34mSELECT "feedbacks"."feedback_id" FROM "feedbacks" WHERE "feedbacks"."export_id" = $1 AND "feedbacks"."reviewed" = $2[0m  [["export_id", 5], ["reviewed", true]]
  ↳ app/models/export.rb:14:in `as_json'
Completed 200 OK in 4ms (Views: 2.2ms | ActiveRecord: 0.6ms | Allocations: 1509)


Started GET "/exports/5.json" for 172.21.0.1 at 2025-11-06 14:57:35 +0000
Processing by ExportsController#show as JSON
  Parameters: {"id"=>"5"}
  [1m[36mExport Load (0.1ms)[0m  [1m[34mSELECT "exports".* FROM "exports" WHERE "exports"."id" = $1 LIMIT $2[0m  [["id", 5], ["LIMIT", 1]]
  ↳ app/controllers/exports_controller.rb:11:in `show'
  [1m[36mFeedback Pluck (0.1ms)[0m  [1m[34mSELECT "feedbacks"."feedback_id" FROM "feedbacks" WHERE "feedbacks"."export_id" = $1 AND "feedbacks"."reviewed" = $2[0m  [["export_id", 5], ["reviewed", true]]
  ↳ app/models/export.rb:14:in `as_json'
Completed 200 OK in 2ms (Views: 0.9ms | ActiveRecord: 0.2ms | Allocations: 1513)


Started PATCH "/exports/5/feedbacks/59166/mark_reviewed" for 172.21.0.1 at 2025-11-06 14:58:32 +0000
Processing by FeedbacksController#mark_reviewed as JSON
  Parameters: {"export_id"=>"5", "id"=>"59166", "feedback"=>{}}
  [1m[36mExport Load (0.4ms)[0m  [1m[34mSELECT "exports".* FROM "exports" WHERE "exports"."id" = $1 LIMIT $2[0m  [["id", 5], ["LIMIT", 1]]
  ↳ app/controllers/feedbacks_controller.rb:3:in `mark_reviewed'
  [1m[36mFeedback Load (0.2ms)[0m  [1m[34mSELECT "feedbacks".* FROM "feedbacks" WHERE "feedbacks"."export_id" = $1 AND "feedbacks"."feedback_id" = $2 LIMIT $3[0m  [["export_id", 5], ["feedback_id", "59166"], ["LIMIT", 1]]
  ↳ app/controllers/feedbacks_controller.rb:13:in `mark_reviewed'
  [1m[36mTRANSACTION (0.2ms)[0m  [1m[35mBEGIN[0m
  ↳ app/controllers/feedbacks_controller.rb:13:in `mark_reviewed'
  [1m[36mFeedback Exists? (1.4ms)[0m  [1m[34mSELECT 1 AS one FROM "feedbacks" WHERE "feedbacks"."feedback_id" = $1 AND "feedbacks"."export_id" = $2 LIMIT $3[0m  [["feedback_id", "59166"], ["export_id", 5], ["LIMIT", 1]]
  ↳ app/controllers/feedbacks_controller.rb:13:in `mark_reviewed'
  [1m[36mFeedback Create (0.7ms)[0m  [1m[32mINSERT INTO "feedbacks" ("export_id", "feedback_id", "reviewed", "created_at", "updated_at") VALUES ($1, $2, $3, $4, $5) RETURNING "id"[0m  [["export_id", 5], ["feedback_id", "59166"], ["reviewed", false], ["created_at", "2025-11-06 14:58:32.357908"], ["updated_at", "2025-11-06 14:58:32.357908"]]
  ↳ app/controllers/feedbacks_controller.rb:13:in `mark_reviewed'
  [1m[36mTRANSACTION (10.3ms)[0m  [1m[35mCOMMIT[0m
  ↳ app/controllers/feedbacks_controller.rb:13:in `mark_reviewed'
  [1m[36mTRANSACTION (0.4ms)[0m  [1m[35mBEGIN[0m
  ↳ app/controllers/feedbacks_controller.rb:14:in `mark_reviewed'
  [1m[36mFeedback Update (0.6ms)[0m  [1m[33mUPDATE "feedbacks" SET "reviewed" = $1, "updated_at" = $2 WHERE "feedbacks"."id" = $3[0m  [["reviewed", true], ["updated_at", "2025-11-06 14:58:32.377115"], ["id", 33]]
  ↳ app/controllers/feedbacks_controller.rb:14:in `mark_reviewed'
  [1m[36mTRANSACTION (1.9ms)[0m  [1m[35mCOMMIT[0m
  ↳ app/controllers/feedbacks_controller.rb:14:in `mark_reviewed'
GitlabService using token: UKj9EimdVbQ... (length: 45)
Completed 200 OK in 944ms (Views: 0.4ms | ActiveRecord: 21.6ms | Allocations: 10097)


Started PATCH "/exports/5/feedbacks/59155/mark_reviewed" for 172.21.0.1 at 2025-11-06 15:00:56 +0000
Processing by FeedbacksController#mark_reviewed as JSON
  Parameters: {"export_id"=>"5", "id"=>"59155", "feedback"=>{}}
  [1m[36mExport Load (0.5ms)[0m  [1m[34mSELECT "exports".* FROM "exports" WHERE "exports"."id" = $1 LIMIT $2[0m  [["id", 5], ["LIMIT", 1]]
  ↳ app/controllers/feedbacks_controller.rb:3:in `mark_reviewed'
  [1m[36mFeedback Load (0.4ms)[0m  [1m[34mSELECT "feedbacks".* FROM "feedbacks" WHERE "feedbacks"."export_id" = $1 AND "feedbacks"."feedback_id" = $2 LIMIT $3[0m  [["export_id", 5], ["feedback_id", "59155"], ["LIMIT", 1]]
  ↳ app/controllers/feedbacks_controller.rb:13:in `mark_reviewed'
  [1m[36mTRANSACTION (0.3ms)[0m  [1m[35mBEGIN[0m
  ↳ app/controllers/feedbacks_controller.rb:13:in `mark_reviewed'
  [1m[36mFeedback Exists? (1.8ms)[0m  [1m[34mSELECT 1 AS one FROM "feedbacks" WHERE "feedbacks"."feedback_id" = $1 AND "feedbacks"."export_id" = $2 LIMIT $3[0m  [["feedback_id", "59155"], ["export_id", 5], ["LIMIT", 1]]
  ↳ app/controllers/feedbacks_controller.rb:13:in `mark_reviewed'
  [1m[36mFeedback Create (0.6ms)[0m  [1m[32mINSERT INTO "feedbacks" ("export_id", "feedback_id", "reviewed", "created_at", "updated_at") VALUES ($1, $2, $3, $4, $5) RETURNING "id"[0m  [["export_id", 5], ["feedback_id", "59155"], ["reviewed", false], ["created_at", "2025-11-06 15:00:56.126028"], ["updated_at", "2025-11-06 15:00:56.126028"]]
  ↳ app/controllers/feedbacks_controller.rb:13:in `mark_reviewed'
  [1m[36mTRANSACTION (1.8ms)[0m  [1m[35mCOMMIT[0m
  ↳ app/controllers/feedbacks_controller.rb:13:in `mark_reviewed'
  [1m[36mTRANSACTION (0.2ms)[0m  [1m[35mBEGIN[0m
  ↳ app/controllers/feedbacks_controller.rb:14:in `mark_reviewed'
  [1m[36mFeedback Update (3.9ms)[0m  [1m[33mUPDATE "feedbacks" SET "reviewed" = $1, "updated_at" = $2 WHERE "feedbacks"."id" = $3[0m  [["reviewed", true], ["updated_at", "2025-11-06 15:00:56.130921"], ["id", 34]]
  ↳ app/controllers/feedbacks_controller.rb:14:in `mark_reviewed'
  [1m[36mTRANSACTION (3.8ms)[0m  [1m[35mCOMMIT[0m
  ↳ app/controllers/feedbacks_controller.rb:14:in `mark_reviewed'
GitlabService using token: UKj9EimdVbQ... (length: 45)
Completed 200 OK in 988ms (Views: 0.4ms | ActiveRecord: 13.3ms | Allocations: 6914)


Started PATCH "/exports/5/feedbacks/59154/mark_reviewed" for 172.21.0.1 at 2025-11-06 15:01:15 +0000
Processing by FeedbacksController#mark_reviewed as JSON
  Parameters: {"export_id"=>"5", "id"=>"59154", "feedback"=>{}}
  [1m[36mExport Load (0.3ms)[0m  [1m[34mSELECT "exports".* FROM "exports" WHERE "exports"."id" = $1 LIMIT $2[0m  [["id", 5], ["LIMIT", 1]]
  ↳ app/controllers/feedbacks_controller.rb:3:in `mark_reviewed'
  [1m[36mFeedback Load (0.3ms)[0m  [1m[34mSELECT "feedbacks".* FROM "feedbacks" WHERE "feedbacks"."export_id" = $1 AND "feedbacks"."feedback_id" = $2 LIMIT $3[0m  [["export_id", 5], ["feedback_id", "59154"], ["LIMIT", 1]]
  ↳ app/controllers/feedbacks_controller.rb:13:in `mark_reviewed'
  [1m[36mTRANSACTION (0.2ms)[0m  [1m[35mBEGIN[0m
  ↳ app/controllers/feedbacks_controller.rb:13:in `mark_reviewed'
  [1m[36mFeedback Exists? (2.1ms)[0m  [1m[34mSELECT 1 AS one FROM "feedbacks" WHERE "feedbacks"."feedback_id" = $1 AND "feedbacks"."export_id" = $2 LIMIT $3[0m  [["feedback_id", "59154"], ["export_id", 5], ["LIMIT", 1]]
  ↳ app/controllers/feedbacks_controller.rb:13:in `mark_reviewed'
  [1m[36mFeedback Create (0.4ms)[0m  [1m[32mINSERT INTO "feedbacks" ("export_id", "feedback_id", "reviewed", "created_at", "updated_at") VALUES ($1, $2, $3, $4, $5) RETURNING "id"[0m  [["export_id", 5], ["feedback_id", "59154"], ["reviewed", false], ["created_at", "2025-11-06 15:01:15.912627"], ["updated_at", "2025-11-06 15:01:15.912627"]]
  ↳ app/controllers/feedbacks_controller.rb:13:in `mark_reviewed'
  [1m[36mTRANSACTION (10.1ms)[0m  [1m[35mCOMMIT[0m
  ↳ app/controllers/feedbacks_controller.rb:13:in `mark_reviewed'
  [1m[36mTRANSACTION (0.4ms)[0m  [1m[35mBEGIN[0m
  ↳ app/controllers/feedbacks_controller.rb:14:in `mark_reviewed'
  [1m[36mFeedback Update (1.9ms)[0m  [1m[33mUPDATE "feedbacks" SET "reviewed" = $1, "updated_at" = $2 WHERE "feedbacks"."id" = $3[0m  [["reviewed", true], ["updated_at", "2025-11-06 15:01:15.924993"], ["id", 35]]
  ↳ app/controllers/feedbacks_controller.rb:14:in `mark_reviewed'
  [1m[36mTRANSACTION (1.8ms)[0m  [1m[35mCOMMIT[0m
  ↳ app/controllers/feedbacks_controller.rb:14:in `mark_reviewed'
GitlabService using token: UKj9EimdVbQ... (length: 45)
Completed 200 OK in 887ms (Views: 0.3ms | ActiveRecord: 17.3ms | Allocations: 6883)


Started PATCH "/exports/5/feedbacks/59156/mark_reviewed" for 172.21.0.1 at 2025-11-06 15:06:01 +0000
Processing by FeedbacksController#mark_reviewed as JSON
  Parameters: {"export_id"=>"5", "id"=>"59156", "feedback"=>{}}
  [1m[36mExport Load (0.6ms)[0m  [1m[34mSELECT "exports".* FROM "exports" WHERE "exports"."id" = $1 LIMIT $2[0m  [["id", 5], ["LIMIT", 1]]
  ↳ app/controllers/feedbacks_controller.rb:3:in `mark_reviewed'
  [1m[36mFeedback Load (0.6ms)[0m  [1m[34mSELECT "feedbacks".* FROM "feedbacks" WHERE "feedbacks"."export_id" = $1 AND "feedbacks"."feedback_id" = $2 LIMIT $3[0m  [["export_id", 5], ["feedback_id", "59156"], ["LIMIT", 1]]
  ↳ app/controllers/feedbacks_controller.rb:13:in `mark_reviewed'
  [1m[36mTRANSACTION (0.3ms)[0m  [1m[35mBEGIN[0m
  ↳ app/controllers/feedbacks_controller.rb:13:in `mark_reviewed'
  [1m[36mFeedback Exists? (1.8ms)[0m  [1m[34mSELECT 1 AS one FROM "feedbacks" WHERE "feedbacks"."feedback_id" = $1 AND "feedbacks"."export_id" = $2 LIMIT $3[0m  [["feedback_id", "59156"], ["export_id", 5], ["LIMIT", 1]]
  ↳ app/controllers/feedbacks_controller.rb:13:in `mark_reviewed'
  [1m[36mFeedback Create (0.5ms)[0m  [1m[32mINSERT INTO "feedbacks" ("export_id", "feedback_id", "reviewed", "created_at", "updated_at") VALUES ($1, $2, $3, $4, $5) RETURNING "id"[0m  [["export_id", 5], ["feedback_id", "59156"], ["reviewed", false], ["created_at", "2025-11-06 15:06:01.182931"], ["updated_at", "2025-11-06 15:06:01.182931"]]
  ↳ app/controllers/feedbacks_controller.rb:13:in `mark_reviewed'
  [1m[36mTRANSACTION (6.0ms)[0m  [1m[35mCOMMIT[0m
  ↳ app/controllers/feedbacks_controller.rb:13:in `mark_reviewed'
  [1m[36mTRANSACTION (0.3ms)[0m  [1m[35mBEGIN[0m
  ↳ app/controllers/feedbacks_controller.rb:14:in `mark_reviewed'
  [1m[36mFeedback Update (1.2ms)[0m  [1m[33mUPDATE "feedbacks" SET "reviewed" = $1, "updated_at" = $2 WHERE "feedbacks"."id" = $3[0m  [["reviewed", true], ["updated_at", "2025-11-06 15:06:01.190829"], ["id", 36]]
  ↳ app/controllers/feedbacks_controller.rb:14:in `mark_reviewed'
  [1m[36mTRANSACTION (1.8ms)[0m  [1m[35mCOMMIT[0m
  ↳ app/controllers/feedbacks_controller.rb:14:in `mark_reviewed'
GitlabService using token: UKj9EimdVbQ... (length: 45)
Completed 200 OK in 920ms (Views: 0.3ms | ActiveRecord: 13.0ms | Allocations: 6891)


Started PATCH "/exports/5/feedbacks/59150/mark_reviewed" for 172.21.0.1 at 2025-11-06 15:10:31 +0000
Processing by FeedbacksController#mark_reviewed as JSON
  Parameters: {"export_id"=>"5", "id"=>"59150", "feedback"=>{}}
  [1m[36mExport Load (0.6ms)[0m  [1m[34mSELECT "exports".* FROM "exports" WHERE "exports"."id" = $1 LIMIT $2[0m  [["id", 5], ["LIMIT", 1]]
  ↳ app/controllers/feedbacks_controller.rb:3:in `mark_reviewed'
  [1m[36mFeedback Load (0.2ms)[0m  [1m[34mSELECT "feedbacks".* FROM "feedbacks" WHERE "feedbacks"."export_id" = $1 AND "feedbacks"."feedback_id" = $2 LIMIT $3[0m  [["export_id", 5], ["feedback_id", "59150"], ["LIMIT", 1]]
  ↳ app/controllers/feedbacks_controller.rb:13:in `mark_reviewed'
  [1m[36mTRANSACTION (0.2ms)[0m  [1m[35mBEGIN[0m
  ↳ app/controllers/feedbacks_controller.rb:13:in `mark_reviewed'
  [1m[36mFeedback Exists? (0.8ms)[0m  [1m[34mSELECT 1 AS one FROM "feedbacks" WHERE "feedbacks"."feedback_id" = $1 AND "feedbacks"."export_id" = $2 LIMIT $3[0m  [["feedback_id", "59150"], ["export_id", 5], ["LIMIT", 1]]
  ↳ app/controllers/feedbacks_controller.rb:13:in `mark_reviewed'
  [1m[36mFeedback Create (0.3ms)[0m  [1m[32mINSERT INTO "feedbacks" ("export_id", "feedback_id", "reviewed", "created_at", "updated_at") VALUES ($1, $2, $3, $4, $5) RETURNING "id"[0m  [["export_id", 5], ["feedback_id", "59150"], ["reviewed", false], ["created_at", "2025-11-06 15:10:31.563214"], ["updated_at", "2025-11-06 15:10:31.563214"]]
  ↳ app/controllers/feedbacks_controller.rb:13:in `mark_reviewed'
  [1m[36mTRANSACTION (8.0ms)[0m  [1m[35mCOMMIT[0m
  ↳ app/controllers/feedbacks_controller.rb:13:in `mark_reviewed'
  [1m[36mTRANSACTION (0.2ms)[0m  [1m[35mBEGIN[0m
  ↳ app/controllers/feedbacks_controller.rb:14:in `mark_reviewed'
  [1m[36mFeedback Update (0.8ms)[0m  [1m[33mUPDATE "feedbacks" SET "reviewed" = $1, "updated_at" = $2 WHERE "feedbacks"."id" = $3[0m  [["reviewed", true], ["updated_at", "2025-11-06 15:10:31.572700"], ["id", 37]]
  ↳ app/controllers/feedbacks_controller.rb:14:in `mark_reviewed'
  [1m[36mTRANSACTION (1.8ms)[0m  [1m[35mCOMMIT[0m
  ↳ app/controllers/feedbacks_controller.rb:14:in `mark_reviewed'
GitlabService using token: UKj9EimdVbQ... (length: 45)
Completed 200 OK in 921ms (Views: 0.3ms | ActiveRecord: 12.9ms | Allocations: 6903)


Started PATCH "/exports/5/feedbacks/59153/mark_reviewed" for 172.21.0.1 at 2025-11-06 15:10:46 +0000
Processing by FeedbacksController#mark_reviewed as JSON
  Parameters: {"export_id"=>"5", "id"=>"59153", "feedback"=>{}}
  [1m[36mExport Load (0.2ms)[0m  [1m[34mSELECT "exports".* FROM "exports" WHERE "exports"."id" = $1 LIMIT $2[0m  [["id", 5], ["LIMIT", 1]]
  ↳ app/controllers/feedbacks_controller.rb:3:in `mark_reviewed'
  [1m[36mFeedback Load (0.2ms)[0m  [1m[34mSELECT "feedbacks".* FROM "feedbacks" WHERE "feedbacks"."export_id" = $1 AND "feedbacks"."feedback_id" = $2 LIMIT $3[0m  [["export_id", 5], ["feedback_id", "59153"], ["LIMIT", 1]]
  ↳ app/controllers/feedbacks_controller.rb:13:in `mark_reviewed'
  [1m[36mTRANSACTION (0.1ms)[0m  [1m[35mBEGIN[0m
  ↳ app/controllers/feedbacks_controller.rb:13:in `mark_reviewed'
  [1m[36mFeedback Exists? (0.5ms)[0m  [1m[34mSELECT 1 AS one FROM "feedbacks" WHERE "feedbacks"."feedback_id" = $1 AND "feedbacks"."export_id" = $2 LIMIT $3[0m  [["feedback_id", "59153"], ["export_id", 5], ["LIMIT", 1]]
  ↳ app/controllers/feedbacks_controller.rb:13:in `mark_reviewed'
  [1m[36mFeedback Create (0.2ms)[0m  [1m[32mINSERT INTO "feedbacks" ("export_id", "feedback_id", "reviewed", "created_at", "updated_at") VALUES ($1, $2, $3, $4, $5) RETURNING "id"[0m  [["export_id", 5], ["feedback_id", "59153"], ["reviewed", false], ["created_at", "2025-11-06 15:10:46.618260"], ["updated_at", "2025-11-06 15:10:46.618260"]]
  ↳ app/controllers/feedbacks_controller.rb:13:in `mark_reviewed'
  [1m[36mTRANSACTION (10.0ms)[0m  [1m[35mCOMMIT[0m
  ↳ app/controllers/feedbacks_controller.rb:13:in `mark_reviewed'
  [1m[36mTRANSACTION (0.2ms)[0m  [1m[35mBEGIN[0m
  ↳ app/controllers/feedbacks_controller.rb:14:in `mark_reviewed'
  [1m[36mFeedback Update (0.9ms)[0m  [1m[33mUPDATE "feedbacks" SET "reviewed" = $1, "updated_at" = $2 WHERE "feedbacks"."id" = $3[0m  [["reviewed", true], ["updated_at", "2025-11-06 15:10:46.629830"], ["id", 38]]
  ↳ app/controllers/feedbacks_controller.rb:14:in `mark_reviewed'
  [1m[36mTRANSACTION (1.6ms)[0m  [1m[35mCOMMIT[0m
  ↳ app/controllers/feedbacks_controller.rb:14:in `mark_reviewed'
GitlabService using token: UKj9EimdVbQ... (length: 45)
Completed 200 OK in 944ms (Views: 0.3ms | ActiveRecord: 13.8ms | Allocations: 6873)


Started PATCH "/exports/5/feedbacks/59157/mark_reviewed" for 172.21.0.1 at 2025-11-06 15:11:36 +0000
Processing by FeedbacksController#mark_reviewed as JSON
  Parameters: {"export_id"=>"5", "id"=>"59157", "feedback"=>{}}
  [1m[36mExport Load (0.4ms)[0m  [1m[34mSELECT "exports".* FROM "exports" WHERE "exports"."id" = $1 LIMIT $2[0m  [["id", 5], ["LIMIT", 1]]
  ↳ app/controllers/feedbacks_controller.rb:3:in `mark_reviewed'
  [1m[36mFeedback Load (0.3ms)[0m  [1m[34mSELECT "feedbacks".* FROM "feedbacks" WHERE "feedbacks"."export_id" = $1 AND "feedbacks"."feedback_id" = $2 LIMIT $3[0m  [["export_id", 5], ["feedback_id", "59157"], ["LIMIT", 1]]
  ↳ app/controllers/feedbacks_controller.rb:13:in `mark_reviewed'
  [1m[36mTRANSACTION (0.2ms)[0m  [1m[35mBEGIN[0m
  ↳ app/controllers/feedbacks_controller.rb:13:in `mark_reviewed'
  [1m[36mFeedback Exists? (1.4ms)[0m  [1m[34mSELECT 1 AS one FROM "feedbacks" WHERE "feedbacks"."feedback_id" = $1 AND "feedbacks"."export_id" = $2 LIMIT $3[0m  [["feedback_id", "59157"], ["export_id", 5], ["LIMIT", 1]]
  ↳ app/controllers/feedbacks_controller.rb:13:in `mark_reviewed'
  [1m[36mFeedback Create (0.3ms)[0m  [1m[32mINSERT INTO "feedbacks" ("export_id", "feedback_id", "reviewed", "created_at", "updated_at") VALUES ($1, $2, $3, $4, $5) RETURNING "id"[0m  [["export_id", 5], ["feedback_id", "59157"], ["reviewed", false], ["created_at", "2025-11-06 15:11:36.013525"], ["updated_at", "2025-11-06 15:11:36.013525"]]
  ↳ app/controllers/feedbacks_controller.rb:13:in `mark_reviewed'
  [1m[36mTRANSACTION (10.2ms)[0m  [1m[35mCOMMIT[0m
  ↳ app/controllers/feedbacks_controller.rb:13:in `mark_reviewed'
  [1m[36mTRANSACTION (0.3ms)[0m  [1m[35mBEGIN[0m
  ↳ app/controllers/feedbacks_controller.rb:14:in `mark_reviewed'
  [1m[36mFeedback Update (1.2ms)[0m  [1m[33mUPDATE "feedbacks" SET "reviewed" = $1, "updated_at" = $2 WHERE "feedbacks"."id" = $3[0m  [["reviewed", true], ["updated_at", "2025-11-06 15:11:36.028679"], ["id", 39]]
  ↳ app/controllers/feedbacks_controller.rb:14:in `mark_reviewed'
  [1m[36mTRANSACTION (1.7ms)[0m  [1m[35mCOMMIT[0m
  ↳ app/controllers/feedbacks_controller.rb:14:in `mark_reviewed'
GitlabService using token: UKj9EimdVbQ... (length: 45)
Completed 200 OK in 929ms (Views: 0.4ms | ActiveRecord: 15.7ms | Allocations: 6911)


Started PATCH "/exports/5/feedbacks/59161/mark_reviewed" for 172.21.0.1 at 2025-11-06 15:11:58 +0000
Processing by FeedbacksController#mark_reviewed as JSON
  Parameters: {"export_id"=>"5", "id"=>"59161", "feedback"=>{}}
  [1m[36mExport Load (0.3ms)[0m  [1m[34mSELECT "exports".* FROM "exports" WHERE "exports"."id" = $1 LIMIT $2[0m  [["id", 5], ["LIMIT", 1]]
  ↳ app/controllers/feedbacks_controller.rb:3:in `mark_reviewed'
  [1m[36mFeedback Load (0.2ms)[0m  [1m[34mSELECT "feedbacks".* FROM "feedbacks" WHERE "feedbacks"."export_id" = $1 AND "feedbacks"."feedback_id" = $2 LIMIT $3[0m  [["export_id", 5], ["feedback_id", "59161"], ["LIMIT", 1]]
  ↳ app/controllers/feedbacks_controller.rb:13:in `mark_reviewed'
  [1m[36mTRANSACTION (0.1ms)[0m  [1m[35mBEGIN[0m
  ↳ app/controllers/feedbacks_controller.rb:13:in `mark_reviewed'
  [1m[36mFeedback Exists? (1.3ms)[0m  [1m[34mSELECT 1 AS one FROM "feedbacks" WHERE "feedbacks"."feedback_id" = $1 AND "feedbacks"."export_id" = $2 LIMIT $3[0m  [["feedback_id", "59161"], ["export_id", 5], ["LIMIT", 1]]
  ↳ app/controllers/feedbacks_controller.rb:13:in `mark_reviewed'
  [1m[36mFeedback Create (0.1ms)[0m  [1m[32mINSERT INTO "feedbacks" ("export_id", "feedback_id", "reviewed", "created_at", "updated_at") VALUES ($1, $2, $3, $4, $5) RETURNING "id"[0m  [["export_id", 5], ["feedback_id", "59161"], ["reviewed", false], ["created_at", "2025-11-06 15:11:58.644004"], ["updated_at", "2025-11-06 15:11:58.644004"]]
  ↳ app/controllers/feedbacks_controller.rb:13:in `mark_reviewed'
  [1m[36mTRANSACTION (10.1ms)[0m  [1m[35mCOMMIT[0m
  ↳ app/controllers/feedbacks_controller.rb:13:in `mark_reviewed'
  [1m[36mTRANSACTION (0.2ms)[0m  [1m[35mBEGIN[0m
  ↳ app/controllers/feedbacks_controller.rb:14:in `mark_reviewed'
  [1m[36mFeedback Update (1.5ms)[0m  [1m[33mUPDATE "feedbacks" SET "reviewed" = $1, "updated_at" = $2 WHERE "feedbacks"."id" = $3[0m  [["reviewed", true], ["updated_at", "2025-11-06 15:11:58.655718"], ["id", 40]]
  ↳ app/controllers/feedbacks_controller.rb:14:in `mark_reviewed'
  [1m[36mTRANSACTION (1.7ms)[0m  [1m[35mCOMMIT[0m
  ↳ app/controllers/feedbacks_controller.rb:14:in `mark_reviewed'
GitlabService using token: UKj9EimdVbQ... (length: 45)
Completed 200 OK in 991ms (Views: 0.1ms | ActiveRecord: 15.5ms | Allocations: 6898)


Started PATCH "/exports/5/feedbacks/59162/mark_reviewed" for 172.21.0.1 at 2025-11-06 15:12:04 +0000
Processing by FeedbacksController#mark_reviewed as JSON
  Parameters: {"export_id"=>"5", "id"=>"59162", "feedback"=>{}}
  [1m[36mExport Load (0.5ms)[0m  [1m[34mSELECT "exports".* FROM "exports" WHERE "exports"."id" = $1 LIMIT $2[0m  [["id", 5], ["LIMIT", 1]]
  ↳ app/controllers/feedbacks_controller.rb:3:in `mark_reviewed'
  [1m[36mFeedback Load (0.4ms)[0m  [1m[34mSELECT "feedbacks".* FROM "feedbacks" WHERE "feedbacks"."export_id" = $1 AND "feedbacks"."feedback_id" = $2 LIMIT $3[0m  [["export_id", 5], ["feedback_id", "59162"], ["LIMIT", 1]]
  ↳ app/controllers/feedbacks_controller.rb:13:in `mark_reviewed'
  [1m[36mTRANSACTION (0.3ms)[0m  [1m[35mBEGIN[0m
  ↳ app/controllers/feedbacks_controller.rb:13:in `mark_reviewed'
  [1m[36mFeedback Exists? (1.8ms)[0m  [1m[34mSELECT 1 AS one FROM "feedbacks" WHERE "feedbacks"."feedback_id" = $1 AND "feedbacks"."export_id" = $2 LIMIT $3[0m  [["feedback_id", "59162"], ["export_id", 5], ["LIMIT", 1]]
  ↳ app/controllers/feedbacks_controller.rb:13:in `mark_reviewed'
  [1m[36mFeedback Create (0.5ms)[0m  [1m[32mINSERT INTO "feedbacks" ("export_id", "feedback_id", "reviewed", "created_at", "updated_at") VALUES ($1, $2, $3, $4, $5) RETURNING "id"[0m  [["export_id", 5], ["feedback_id", "59162"], ["reviewed", false], ["created_at", "2025-11-06 15:12:04.507561"], ["updated_at", "2025-11-06 15:12:04.507561"]]
  ↳ app/controllers/feedbacks_controller.rb:13:in `mark_reviewed'
  [1m[36mTRANSACTION (10.3ms)[0m  [1m[35mCOMMIT[0m
  ↳ app/controllers/feedbacks_controller.rb:13:in `mark_reviewed'
  [1m[36mTRANSACTION (0.4ms)[0m  [1m[35mBEGIN[0m
  ↳ app/controllers/feedbacks_controller.rb:14:in `mark_reviewed'
  [1m[36mFeedback Update (2.0ms)[0m  [1m[33mUPDATE "feedbacks" SET "reviewed" = $1, "updated_at" = $2 WHERE "feedbacks"."id" = $3[0m  [["reviewed", true], ["updated_at", "2025-11-06 15:12:04.520514"], ["id", 41]]
  ↳ app/controllers/feedbacks_controller.rb:14:in `mark_reviewed'
  [1m[36mTRANSACTION (1.9ms)[0m  [1m[35mCOMMIT[0m
  ↳ app/controllers/feedbacks_controller.rb:14:in `mark_reviewed'
GitlabService using token: UKj9EimdVbQ... (length: 45)
Completed 200 OK in 947ms (Views: 0.4ms | ActiveRecord: 17.8ms | Allocations: 6876)


Started GET "/exports/5.json" for 172.21.0.1 at 2025-11-06 15:12:35 +0000
Processing by ExportsController#show as JSON
  Parameters: {"id"=>"5"}
  [1m[36mExport Load (0.2ms)[0m  [1m[34mSELECT "exports".* FROM "exports" WHERE "exports"."id" = $1 LIMIT $2[0m  [["id", 5], ["LIMIT", 1]]
  ↳ app/controllers/exports_controller.rb:11:in `show'
  [1m[36mFeedback Pluck (0.1ms)[0m  [1m[34mSELECT "feedbacks"."feedback_id" FROM "feedbacks" WHERE "feedbacks"."export_id" = $1 AND "feedbacks"."reviewed" = $2[0m  [["export_id", 5], ["reviewed", true]]
  ↳ app/models/export.rb:14:in `as_json'
Completed 200 OK in 2ms (Views: 0.8ms | ActiveRecord: 0.3ms | Allocations: 1544)


Started PATCH "/exports/5/feedbacks/59158/mark_reviewed" for 172.21.0.1 at 2025-11-06 15:14:33 +0000
Processing by FeedbacksController#mark_reviewed as JSON
  Parameters: {"export_id"=>"5", "id"=>"59158", "feedback"=>{}}
  [1m[36mExport Load (0.4ms)[0m  [1m[34mSELECT "exports".* FROM "exports" WHERE "exports"."id" = $1 LIMIT $2[0m  [["id", 5], ["LIMIT", 1]]
  ↳ app/controllers/feedbacks_controller.rb:3:in `mark_reviewed'
  [1m[36mFeedback Load (0.3ms)[0m  [1m[34mSELECT "feedbacks".* FROM "feedbacks" WHERE "feedbacks"."export_id" = $1 AND "feedbacks"."feedback_id" = $2 LIMIT $3[0m  [["export_id", 5], ["feedback_id", "59158"], ["LIMIT", 1]]
  ↳ app/controllers/feedbacks_controller.rb:13:in `mark_reviewed'
  [1m[36mTRANSACTION (0.2ms)[0m  [1m[35mBEGIN[0m
  ↳ app/controllers/feedbacks_controller.rb:13:in `mark_reviewed'
  [1m[36mFeedback Exists? (1.6ms)[0m  [1m[34mSELECT 1 AS one FROM "feedbacks" WHERE "feedbacks"."feedback_id" = $1 AND "feedbacks"."export_id" = $2 LIMIT $3[0m  [["feedback_id", "59158"], ["export_id", 5], ["LIMIT", 1]]
  ↳ app/controllers/feedbacks_controller.rb:13:in `mark_reviewed'
  [1m[36mFeedback Create (0.4ms)[0m  [1m[32mINSERT INTO "feedbacks" ("export_id", "feedback_id", "reviewed", "created_at", "updated_at") VALUES ($1, $2, $3, $4, $5) RETURNING "id"[0m  [["export_id", 5], ["feedback_id", "59158"], ["reviewed", false], ["created_at", "2025-11-06 15:14:33.755516"], ["updated_at", "2025-11-06 15:14:33.755516"]]
  ↳ app/controllers/feedbacks_controller.rb:13:in `mark_reviewed'
  [1m[36mTRANSACTION (2.0ms)[0m  [1m[35mCOMMIT[0m
  ↳ app/controllers/feedbacks_controller.rb:13:in `mark_reviewed'
  [1m[36mTRANSACTION (0.2ms)[0m  [1m[35mBEGIN[0m
  ↳ app/controllers/feedbacks_controller.rb:14:in `mark_reviewed'
  [1m[36mFeedback Update (1.3ms)[0m  [1m[33mUPDATE "feedbacks" SET "reviewed" = $1, "updated_at" = $2 WHERE "feedbacks"."id" = $3[0m  [["reviewed", true], ["updated_at", "2025-11-06 15:14:33.759912"], ["id", 42]]
  ↳ app/controllers/feedbacks_controller.rb:14:in `mark_reviewed'
  [1m[36mTRANSACTION (1.7ms)[0m  [1m[35mCOMMIT[0m
  ↳ app/controllers/feedbacks_controller.rb:14:in `mark_reviewed'
GitlabService using token: UKj9EimdVbQ... (length: 45)
Completed 200 OK in 935ms (Views: 0.4ms | ActiveRecord: 7.9ms | Allocations: 6897)


Started GET "/exports/5" for 172.21.0.1 at 2025-11-06 15:14:39 +0000
Processing by ExportsController#show as HTML
  Parameters: {"id"=>"5"}
  [1m[36mExport Load (0.2ms)[0m  [1m[34mSELECT "exports".* FROM "exports" WHERE "exports"."id" = $1 LIMIT $2[0m  [["id", 5], ["LIMIT", 1]]
  ↳ app/controllers/exports_controller.rb:11:in `show'
  Rendering layout layouts/application.html.erb
  Rendering exports/show.html.erb within layouts/application
  [1m[36mFeedback Pluck (0.4ms)[0m  [1m[34mSELECT "feedbacks"."feedback_id" FROM "feedbacks" WHERE "feedbacks"."export_id" = $1 AND "feedbacks"."reviewed" = $2[0m  [["export_id", 5], ["reviewed", true]]
  ↳ app/views/exports/show.html.erb:21
  Rendered exports/show.html.erb within layouts/application (Duration: 3.6ms | Allocations: 2371)
  Rendered layout layouts/application.html.erb (Duration: 5.0ms | Allocations: 3233)
Completed 200 OK in 9ms (Views: 6.4ms | ActiveRecord: 0.7ms | Allocations: 4444)


Started GET "/" for 172.21.0.1 at 2025-11-06 15:17:21 +0000
Processing by ExportsController#index as HTML
  Rendering layout layouts/application.html.erb
  Rendering exports/index.html.erb within layouts/application
  [1m[36mExport Exists? (0.2ms)[0m  [1m[34mSELECT 1 AS one FROM "exports" LIMIT $1[0m  [["LIMIT", 1]]
  ↳ app/views/exports/index.html.erb:6
  [1m[36mExport Load (0.5ms)[0m  [1m[34mSELECT "exports".* FROM "exports" ORDER BY "exports"."created_at" DESC[0m
  ↳ app/views/exports/index.html.erb:22
  Rendered exports/index.html.erb within layouts/application (Duration: 18.1ms | Allocations: 6944)
  Rendered layout layouts/application.html.erb (Duration: 19.8ms | Allocations: 7375)
Completed 200 OK in 24ms (Views: 18.7ms | ActiveRecord: 2.4ms | Allocations: 10105)


Started GET "/exports/new" for 172.21.0.1 at 2025-11-06 15:17:22 +0000
Processing by ExportsController#new as HTML
  Rendering layout layouts/application.html.erb
  Rendering exports/new.html.erb within layouts/application
  Rendered exports/new.html.erb within layouts/application (Duration: 5.4ms | Allocations: 1277)
  Rendered layout layouts/application.html.erb (Duration: 5.7ms | Allocations: 1434)
Completed 200 OK in 6ms (Views: 6.1ms | ActiveRecord: 0.0ms | Allocations: 1705)


Started POST "/exports" for 172.21.0.1 at 2025-11-06 15:17:26 +0000
Processing by ExportsController#create as HTML
  Parameters: {"authenticity_token"=>"[FILTERED]", "mr_url"=>"https://gitlab.innovationlawlab.org/ILL/lawlabplatform/-/merge_requests/1527", "button"=>""}
GitlabService using token: UKj9EimdVbQ... (length: 45)
  [1m[36mTRANSACTION (0.3ms)[0m  [1m[35mBEGIN[0m
  ↳ app/controllers/exports_controller.rb:32:in `create'
  [1m[36mExport Create (2.3ms)[0m  [1m[32mINSERT INTO "exports" ("mr_url", "mr_iid", "project_path", "mr_title", "mr_author", "mr_state", "data", "created_at", "updated_at", "reviewed") VALUES ($1, $2, $3, $4, $5, $6, $7, $8, $9, $10) RETURNING "id"[0m  [["mr_url", "https://gitlab.innovationlawlab.org/ILL/lawlabplatform/-/merge_requests/1527"], ["mr_iid", 1527], ["project_path", "ILL/lawlabplatform"], ["mr_title", "Draft: feat: engagement letters templates and translations"], ["mr_author", "adrien"], ["mr_state", "opened"], ["data", "{\"project_path\":\"ILL/lawlabplatform\",\"mr_iid\":1527,\"merge_request\":{\"id\":1527,\"title\":\"Draft: feat: engagement letters templates and translations\",\"author\":\"adrien\",\"source_branch\":\"1485-categorize-engagement-letter\",\"target_branch\":\"alpha\",\"state\":\"opened\",\"web_url\":\"https://gitlab.innovationlawlab.org/ILL/lawlabplatform/-/merge_requests/1527\"},\"feedback\":[{\"id\":59109,\"author\":\"david\",\"body\":\"be aware that the actions should always get the \\n- consumer user\\n- request params\\n\\nI placed as a rule the params require/permit to be in the actions, \\nsince they behave as a middle point between a controller method and the service\\n\\ncontroller method =\\u003e action =\\u003e service\\n\\nalways open minded about different ideas\",\"file\":\"app/actions/engagement_letter_template/create.rb\",\"line\":43,\"has_check_mark\":false},{\"id\":59110,\"author\":\"david\",\"body\":\"we use category to group actions, please make it more user friendly\",\"file\":\"app/actions/engagement_letter_template/base.rb\",\"line\":9,\"has_check_mark\":false},{\"id\":59111,\"author\":\"david\",\"body\":\"no need true, since destroy! explodes or returns true\",\"file\":\"app/actions/engagement_letter_template/destroy.rb\",\"line\":53,\"has_check_mark\":false},{\"id\":59112,\"author\":\"david\",\"body\":\"since we have almost all the catches for Active record errors, we should `update!`\",\"file\":\"app/actions/engagement_letter_template/update.rb\",\"line\":49,\"has_check_mark\":false},{\"id\":59113,\"author\":\"david\",\"body\":\"no need since base already does this\",\"file\":\"app/actions/public/engagement_letter/base.rb\",\"line\":36,\"has_check_mark\":false},{\"id\":59114,\"author\":\"david\",\"body\":\"if default value is `true` no need to implement this function\",\"file\":\"app/actions/public/engagement_letter/base.rb\",\"line\":12,\"has_check_mark\":false},{\"id\":59115,\"author\":\"david\",\"body\":\"question!\\n\\nsince is independent from any team, should we make it a platform permission, or we create a new namespace called `public` where we place all the publicly available actions?\",\"file\":\"app/actions/public/engagement_letter/base.rb\",\"line\":28,\"has_check_mark\":false},{\"id\":59689,\"author\":\"adrien\",\"body\":\"huh... good question. I am more keen to go with a `Public` namespace as I feel like it would break the meaning of `Platform` actions since that's not an actual platform action. What do you think?\",\"file\":\"app/actions/public/engagement_letter/base.rb\",\"line\":28,\"has_check_mark\":false},{\"id\":59116,\"author\":\"david\",\"body\":\"base already does this\",\"file\":\"app/actions/public/engagement_letter/session.rb\",\"line\":16,\"has_check_mark\":false},{\"id\":59117,\"author\":\"david\",\"body\":\"base does this\",\"file\":\"app/actions/public/engagement_letter/update.rb\",\"line\":16,\"has_check_mark\":false},{\"id\":59118,\"author\":\"david\",\"body\":\"why not instead of using an extra proc to assign a variable we do \\n\\n```suggestion:-5+0\\n  def send_letter\\n    render status: :ok, json: ActionDispatcher.\\n      with_user(current_user).\\n      dispatch(Action::LegalCase::EngagementLetter::Send, [params])\\n```\",\"file\":\"app/controllers/legal_cases/engagement_letters_controller.rb\",\"line\":9,\"has_check_mark\":false},{\"id\":59119,\"author\":\"david\",\"body\":\"when we do API based endpoints, we should use `with_api_key`\\n\\n```suggestion:-7+0\\nclass Public::EngagementLettersController \\u003c ActionController::API\\n  def session\\n    result = ActionDispatcher.\\n      with_api_key('\\u003cwhatever_you_think_you_need___or_nil\\u003e').\\n      dispatch(Action::Public::EngagementLetter::Session, [params])\\n\\n    render status: :ok, json: result\\n  end\\n```\",\"file\":\"app/controllers/public/engagement_letters_controller.rb\",\"line\":10,\"has_check_mark\":false},{\"id\":59120,\"author\":\"david\",\"body\":\"so far, but important changes that are needed while I finish the rest of the CR\",\"file\":null,\"line\":null,\"has_check_mark\":false},{\"id\":59139,\"author\":\"david\",\"body\":\"this controller is bypassing the permissions system.\",\"file\":\"app/controllers/engagement_letter_template_translations_controller.rb\",\"line\":null,\"has_check_mark\":false},{\"id\":59140,\"author\":\"david\",\"body\":\"this controller is bypassing the permissions system.\",\"file\":\"app/controllers/engagement_letter_templates_controller.rb\",\"line\":null,\"has_check_mark\":false},{\"id\":59141,\"author\":\"david\",\"body\":\"any reason for this? can't we make a conversion task/migration that would take care of old definitions on feature deploy?\",\"file\":\"app/controllers/legal_cases_controller.rb\",\"line\":146,\"has_check_mark\":false},{\"id\":59142,\"author\":\"david\",\"body\":\"wouldn't be more readable if it was a computed like\\n`showOrganizationWarning` ? just an opinion, no action needed.\",\"file\":\"app/javascript/packs/components/LegalCase/Editor/LegalCaseEditorEngagementLetter.vue\",\"line\":44,\"has_check_mark\":false},{\"id\":59690,\"author\":\"adrien\",\"body\":\"prolly, i usually limit myself to up to 2 conditions before using computed properties. no hard opinion on this.\",\"file\":\"app/javascript/packs/components/LegalCase/Editor/LegalCaseEditorEngagementLetter.vue\",\"line\":44,\"has_check_mark\":false},{\"id\":59143,\"author\":\"david\",\"body\":\"grouping order is \\n\\n```\\nvendor\\n\\nlocal\\n\\nnamespaces\\n\\ncomponents\\n```\",\"file\":\"app/javascript/packs/components/LegalCase/Editor/LegalCaseEditorEngagementLetter.vue\",\"line\":206,\"has_check_mark\":false},{\"id\":59144,\"author\":\"david\",\"body\":\"grouping order is \\n\\n```\\nvendor\\n\\nlocal\\n\\nnamespaces\\n\\ncomponents\\n```\\n\\nhttps://gitlab.innovationlawlab.org/ILL/lawlabplatform/-/wikis/Code-Guidelines#how-to-group-imports\",\"file\":\"app/javascript/packs/components/Settings/Tools/EngagementLetters/Templates/DeleteEngagementLetterTemplateDialog.vue\",\"line\":48,\"has_check_mark\":false},{\"id\":59145,\"author\":\"david\",\"body\":\"instead of this, why don't we use the error catch we have in the ApplicationController, and use the utility method `parseErrorResponseMessage` ?\",\"file\":\"app/javascript/packs/components/Settings/Tools/EngagementLetters/Templates/DeleteEngagementLetterTemplateDialog.vue\",\"line\":115,\"has_check_mark\":false},{\"id\":59146,\"author\":\"david\",\"body\":\"grouping order is \\n\\n```\\nvendor\\n\\nlocal\\n\\nnamespaces\\n\\ncomponents\\n```\",\"file\":\"app/javascript/packs/components/Settings/Tools/EngagementLetters/Templates/DeleteEngagementLetterTemplateTranslationDialog.vue\",\"line\":49,\"has_check_mark\":false},{\"id\":59147,\"author\":\"david\",\"body\":\"grouping order is \\n\\n```\\nvendor\\n\\nlocal\\n\\nnamespaces\\n\\ncomponents\\n```\\n\\nhttps://gitlab.innovationlawlab.org/ILL/lawlabplatform/-/wikis/Code-Guidelines#how-to-group-imports\",\"file\":\"app/javascript/packs/components/Settings/Tools/EngagementLetters/Templates/EngagementLetterTemplateDialog.vue\",\"line\":70,\"has_check_mark\":false},{\"id\":59148,\"author\":\"david\",\"body\":\"the way refs work, we should always verify if the ref was successful.\",\"file\":\"app/javascript/packs/components/Settings/Tools/EngagementLetters/Templates/EngagementLetterTemplateEditor.vue\",\"line\":91,\"has_check_mark\":false},{\"id\":59149,\"author\":\"david\",\"body\":\"grouping order is \\n\\n```\\nvendor\\n\\nlocal\\n\\nnamespaces\\n\\ncomponents\\n```\\n\\nhttps://gitlab.innovationlawlab.org/ILL/lawlabplatform/-/wikis/Code-Guidelines#how-to-group-imports\",\"file\":\"app/javascript/packs/components/Settings/Tools/EngagementLetters/Templates/EngagementLetterTemplateTranslationDialog.vue\",\"line\":76,\"has_check_mark\":false},{\"id\":59150,\"author\":\"david\",\"body\":\"since we're adopting vuelidade, any personal motif for it not to be used here?\",\"file\":\"app/javascript/packs/components/Settings/Tools/EngagementLetters/Templates/EngagementLetterTemplateTranslationDialog.vue\",\"line\":215,\"has_check_mark\":false},{\"id\":59151,\"author\":\"david\",\"body\":\"another wave of reviews :hugging:\",\"file\":null,\"line\":null,\"has_check_mark\":false},{\"id\":59153,\"author\":\"david\",\"body\":\"vuelidate instead?\",\"file\":\"app/javascript/packs/components/Shared/Templates/TemplateDialog.vue\",\"line\":258,\"has_check_mark\":false},{\"id\":59154,\"author\":\"david\",\"body\":\"we should always be aware that $refs[prop] might be null\",\"file\":\"app/javascript/packs/components/Shared/Templates/TemplateDialog.vue\",\"line\":282,\"has_check_mark\":false},{\"id\":59155,\"author\":\"david\",\"body\":\"I think there is an utility for this\",\"file\":\"app/javascript/packs/components/Shared/Templates/TemplateVariableHelper.vue\",\"line\":197,\"has_check_mark\":false},{\"id\":59156,\"author\":\"david\",\"body\":\"is this the one used in settings? if so, should be in settings namespace right?\",\"file\":\"app/javascript/packs/store/engagement-letter-template/index.js\",\"line\":null,\"has_check_mark\":false},{\"id\":59691,\"author\":\"adrien\",\"body\":\"I don't know.\\n\\nIt's a feature store that happens to be managed through Settings UI, but the data itself isn't \\\"settings\\\". Similar to how legal-case store isn't in a specific UI namespace.\",\"file\":\"app/javascript/packs/store/engagement-letter-template/index.js\",\"line\":null,\"has_check_mark\":false},{\"id\":59157,\"author\":\"david\",\"body\":\"no action needed, why not using same strategy on both? :grin:\",\"file\":\"app/javascript/packs/store/engagement-letter-template/index.js\",\"line\":30,\"has_check_mark\":false},{\"id\":59692,\"author\":\"adrien\",\"body\":\"I am not sure I get that one. Can you explain what you mean?\",\"file\":\"app/javascript/packs/store/engagement-letter-template/index.js\",\"line\":30,\"has_check_mark\":false},{\"id\":59158,\"author\":\"david\",\"body\":\"no action needed.\\n\\nIsn't more readable if \\n\\n```suggestion:-9+0\\n  return axiosRequest.get('/engagement_letter_templates', { params }).\\n    then(({ data }) =\\u003e {\\n      commit('setEngagementLetterTemplates', data)\\n      return data\\n    }).\\n    catch(error =\\u003e handleError(error)).\\n    finally(() =\\u003e commit('setLoading', false))\\n}\\n```\\n\\nI don't think you need to throw error, since if you subscribe to this action, you can catch it in the component still.\",\"file\":\"app/javascript/packs/store/engagement-letter-template/index.js\",\"line\":77,\"has_check_mark\":false},{\"id\":59159,\"author\":\"david\",\"body\":\"please try to keep the namespace definitions at the top after imports as most of the store modules, for easier reading by finding it already in the expected spot.\",\"file\":\"app/javascript/packs/store/shared-templates/index.js\",\"line\":14,\"has_check_mark\":false},{\"id\":59160,\"author\":\"david\",\"body\":\"since we're safe guarding against undefined, should we check also if it is an array?\",\"file\":\"app/javascript/packs/store/shared-templates/mutations.js\",\"line\":11,\"has_check_mark\":false},{\"id\":59161,\"author\":\"david\",\"body\":\"that's why we don't export default the store and make it two objects, so we can have all the module imports as \\n\\n`import { \\u003cNAMESPACE\\u003e, module } from ...`\",\"file\":\"app/javascript/packs/store/index.js\",\"line\":22,\"has_check_mark\":false},{\"id\":59162,\"author\":\"david\",\"body\":\"that's why we don't export default the store and make it two objects, so we can have all the module imports as \\n\\n`import { \\u003cNAMESPACE\\u003e, module } from ...`\",\"file\":\"app/javascript/packs/store/index.js\",\"line\":40,\"has_check_mark\":false},{\"id\":59163,\"author\":\"david\",\"body\":\"grouping order is \\n\\n```\\nvendor\\n\\nlocal\\n\\nnamespaces\\n\\ncomponents\\n```\\n\\nhttps://gitlab.innovationlawlab.org/ILL/lawlabplatform/-/wikis/Code-Guidelines#how-to-group-imports\",\"file\":\"app/javascript/packs/views/settings/EngagementLetterTemplateDataList.vue\",\"line\":188,\"has_check_mark\":false},{\"id\":59164,\"author\":\"david\",\"body\":\"grouping order is \\n\\n```\\nvendor\\n\\nlocal\\n\\nnamespaces\\n\\ncomponents\\n```\\n\\nhttps://gitlab.innovationlawlab.org/ILL/lawlabplatform/-/wikis/Code-Guidelines#how-to-group-imports\",\"file\":\"app/javascript/packs/views/settings/EngagementLetterTemplateDataListWorking.vue\",\"line\":154,\"has_check_mark\":false},{\"id\":59165,\"author\":\"david\",\"body\":\"shouldn't this import be made in the `setup()` ?\",\"file\":\"app/javascript/packs/views/settings/EngagementLetterTemplateDataListWorking.vue\",\"line\":255,\"has_check_mark\":false},{\"id\":59166,\"author\":\"david\",\"body\":\"can we guarantee that in all the instances, the foreign_key has this name? `fk_rails_1eab6264fb`\",\"file\":\"db/migrate/20250918140933_fix_engagement_letter_template_foreign_key.rb\",\"line\":4,\"has_check_mark\":false},{\"id\":59167,\"author\":\"david\",\"body\":\"I think this is the last wave :grin:\",\"file\":null,\"line\":null,\"has_check_mark\":false}]}"], ["created_at", "2025-11-06 15:17:30.678917"], ["updated_at", "2025-11-06 15:17:30.678917"], ["reviewed", false]]
  ↳ app/controllers/exports_controller.rb:32:in `create'
  [1m[36mTRANSACTION (10.2ms)[0m  [1m[35mCOMMIT[0m
  ↳ app/controllers/exports_controller.rb:32:in `create'
Redirected to http://localhost:3000/exports/6
Completed 302 Found in 3914ms (ActiveRecord: 12.7ms | Allocations: 15804)


Started GET "/exports/6" for 172.21.0.1 at 2025-11-06 15:17:30 +0000
Processing by ExportsController#show as HTML
  Parameters: {"id"=>"6"}
  [1m[36mExport Load (0.4ms)[0m  [1m[34mSELECT "exports".* FROM "exports" WHERE "exports"."id" = $1 LIMIT $2[0m  [["id", 6], ["LIMIT", 1]]
  ↳ app/controllers/exports_controller.rb:11:in `show'
  Rendering layout layouts/application.html.erb
  Rendering exports/show.html.erb within layouts/application
  [1m[36mFeedback Pluck (0.4ms)[0m  [1m[34mSELECT "feedbacks"."feedback_id" FROM "feedbacks" WHERE "feedbacks"."export_id" = $1 AND "feedbacks"."reviewed" = $2[0m  [["export_id", 6], ["reviewed", true]]
  ↳ app/views/exports/show.html.erb:21
  Rendered exports/show.html.erb within layouts/application (Duration: 9.6ms | Allocations: 3728)
  Rendered layout layouts/application.html.erb (Duration: 10.4ms | Allocations: 4318)
Completed 200 OK in 13ms (Views: 8.0ms | ActiveRecord: 3.2ms | Allocations: 5136)


[dotenv] Set [36mGITLAB_TOKEN[0m and [36mGITLAB_ENDPOINT[0m
[dotenv] Loaded [33m.env[0m
[dotenv] Loaded [33m.env[0m
GitlabService using token: UKj9EimdVbQ... (length: 45)
Started POST "/exports" for 172.21.0.1 at 2025-11-06 15:19:56 +0000
Processing by ExportsController#create as HTML
  Parameters: {"authenticity_token"=>"[FILTERED]", "mr_url"=>"https://gitlab.innovationlawlab.org/ILL/lawlabplatform/-/merge_requests/1527", "button"=>""}
GitlabService using token: UKj9EimdVbQ... (length: 45)
  [1m[36mTRANSACTION (0.3ms)[0m  [1m[35mBEGIN[0m
  ↳ app/controllers/exports_controller.rb:32:in `create'
  [1m[36mExport Create (1.9ms)[0m  [1m[32mINSERT INTO "exports" ("mr_url", "mr_iid", "project_path", "mr_title", "mr_author", "mr_state", "data", "created_at", "updated_at", "reviewed") VALUES ($1, $2, $3, $4, $5, $6, $7, $8, $9, $10) RETURNING "id"[0m  [["mr_url", "https://gitlab.innovationlawlab.org/ILL/lawlabplatform/-/merge_requests/1527"], ["mr_iid", 1527], ["project_path", "ILL/lawlabplatform"], ["mr_title", "Draft: feat: engagement letters templates and translations"], ["mr_author", "adrien"], ["mr_state", "opened"], ["data", "{\"project_path\":\"ILL/lawlabplatform\",\"mr_iid\":1527,\"merge_request\":{\"id\":1527,\"title\":\"Draft: feat: engagement letters templates and translations\",\"author\":\"adrien\",\"source_branch\":\"1485-categorize-engagement-letter\",\"target_branch\":\"alpha\",\"state\":\"opened\",\"web_url\":\"https://gitlab.innovationlawlab.org/ILL/lawlabplatform/-/merge_requests/1527\"},\"feedback\":[{\"id\":59109,\"author\":\"david\",\"body\":\"be aware that the actions should always get the \\n- consumer user\\n- request params\\n\\nI placed as a rule the params require/permit to be in the actions, \\nsince they behave as a middle point between a controller method and the service\\n\\ncontroller method =\\u003e action =\\u003e service\\n\\nalways open minded about different ideas\",\"file\":\"app/actions/engagement_letter_template/create.rb\",\"line\":43,\"has_check_mark\":false},{\"id\":59110,\"author\":\"david\",\"body\":\"we use category to group actions, please make it more user friendly\",\"file\":\"app/actions/engagement_letter_template/base.rb\",\"line\":9,\"has_check_mark\":true},{\"id\":59111,\"author\":\"david\",\"body\":\"no need true, since destroy! explodes or returns true\",\"file\":\"app/actions/engagement_letter_template/destroy.rb\",\"line\":53,\"has_check_mark\":true},{\"id\":59112,\"author\":\"david\",\"body\":\"since we have almost all the catches for Active record errors, we should `update!`\",\"file\":\"app/actions/engagement_letter_template/update.rb\",\"line\":49,\"has_check_mark\":true},{\"id\":59113,\"author\":\"david\",\"body\":\"no need since base already does this\",\"file\":\"app/actions/public/engagement_letter/base.rb\",\"line\":36,\"has_check_mark\":true},{\"id\":59114,\"author\":\"david\",\"body\":\"if default value is `true` no need to implement this function\",\"file\":\"app/actions/public/engagement_letter/base.rb\",\"line\":12,\"has_check_mark\":true},{\"id\":59115,\"author\":\"david\",\"body\":\"question!\\n\\nsince is independent from any team, should we make it a platform permission, or we create a new namespace called `public` where we place all the publicly available actions?\",\"file\":\"app/actions/public/engagement_letter/base.rb\",\"line\":28,\"has_check_mark\":true},{\"id\":59689,\"author\":\"adrien\",\"body\":\"huh... good question. I am more keen to go with a `Public` namespace as I feel like it would break the meaning of `Platform` actions since that's not an actual platform action. What do you think?\",\"file\":\"app/actions/public/engagement_letter/base.rb\",\"line\":28,\"has_check_mark\":false},{\"id\":59116,\"author\":\"david\",\"body\":\"base already does this\",\"file\":\"app/actions/public/engagement_letter/session.rb\",\"line\":16,\"has_check_mark\":true},{\"id\":59117,\"author\":\"david\",\"body\":\"base does this\",\"file\":\"app/actions/public/engagement_letter/update.rb\",\"line\":16,\"has_check_mark\":true},{\"id\":59118,\"author\":\"david\",\"body\":\"why not instead of using an extra proc to assign a variable we do \\n\\n```suggestion:-5+0\\n  def send_letter\\n    render status: :ok, json: ActionDispatcher.\\n      with_user(current_user).\\n      dispatch(Action::LegalCase::EngagementLetter::Send, [params])\\n```\",\"file\":\"app/controllers/legal_cases/engagement_letters_controller.rb\",\"line\":9,\"has_check_mark\":true},{\"id\":59119,\"author\":\"david\",\"body\":\"when we do API based endpoints, we should use `with_api_key`\\n\\n```suggestion:-7+0\\nclass Public::EngagementLettersController \\u003c ActionController::API\\n  def session\\n    result = ActionDispatcher.\\n      with_api_key('\\u003cwhatever_you_think_you_need___or_nil\\u003e').\\n      dispatch(Action::Public::EngagementLetter::Session, [params])\\n\\n    render status: :ok, json: result\\n  end\\n```\",\"file\":\"app/controllers/public/engagement_letters_controller.rb\",\"line\":10,\"has_check_mark\":true},{\"id\":59120,\"author\":\"david\",\"body\":\"so far, but important changes that are needed while I finish the rest of the CR\",\"file\":null,\"line\":null,\"has_check_mark\":false},{\"id\":59139,\"author\":\"david\",\"body\":\"this controller is bypassing the permissions system.\",\"file\":\"app/controllers/engagement_letter_template_translations_controller.rb\",\"line\":null,\"has_check_mark\":true},{\"id\":59140,\"author\":\"david\",\"body\":\"this controller is bypassing the permissions system.\",\"file\":\"app/controllers/engagement_letter_templates_controller.rb\",\"line\":null,\"has_check_mark\":true},{\"id\":59141,\"author\":\"david\",\"body\":\"any reason for this? can't we make a conversion task/migration that would take care of old definitions on feature deploy?\",\"file\":\"app/controllers/legal_cases_controller.rb\",\"line\":146,\"has_check_mark\":true},{\"id\":59142,\"author\":\"david\",\"body\":\"wouldn't be more readable if it was a computed like\\n`showOrganizationWarning` ? just an opinion, no action needed.\",\"file\":\"app/javascript/packs/components/LegalCase/Editor/LegalCaseEditorEngagementLetter.vue\",\"line\":44,\"has_check_mark\":true},{\"id\":59690,\"author\":\"adrien\",\"body\":\"prolly, i usually limit myself to up to 2 conditions before using computed properties. no hard opinion on this.\",\"file\":\"app/javascript/packs/components/LegalCase/Editor/LegalCaseEditorEngagementLetter.vue\",\"line\":44,\"has_check_mark\":false},{\"id\":59143,\"author\":\"david\",\"body\":\"grouping order is \\n\\n```\\nvendor\\n\\nlocal\\n\\nnamespaces\\n\\ncomponents\\n```\",\"file\":\"app/javascript/packs/components/LegalCase/Editor/LegalCaseEditorEngagementLetter.vue\",\"line\":206,\"has_check_mark\":true},{\"id\":59144,\"author\":\"david\",\"body\":\"grouping order is \\n\\n```\\nvendor\\n\\nlocal\\n\\nnamespaces\\n\\ncomponents\\n```\\n\\nhttps://gitlab.innovationlawlab.org/ILL/lawlabplatform/-/wikis/Code-Guidelines#how-to-group-imports\",\"file\":\"app/javascript/packs/components/Settings/Tools/EngagementLetters/Templates/DeleteEngagementLetterTemplateDialog.vue\",\"line\":48,\"has_check_mark\":true},{\"id\":59145,\"author\":\"david\",\"body\":\"instead of this, why don't we use the error catch we have in the ApplicationController, and use the utility method `parseErrorResponseMessage` ?\",\"file\":\"app/javascript/packs/components/Settings/Tools/EngagementLetters/Templates/DeleteEngagementLetterTemplateDialog.vue\",\"line\":115,\"has_check_mark\":true},{\"id\":59146,\"author\":\"david\",\"body\":\"grouping order is \\n\\n```\\nvendor\\n\\nlocal\\n\\nnamespaces\\n\\ncomponents\\n```\",\"file\":\"app/javascript/packs/components/Settings/Tools/EngagementLetters/Templates/DeleteEngagementLetterTemplateTranslationDialog.vue\",\"line\":49,\"has_check_mark\":true},{\"id\":59147,\"author\":\"david\",\"body\":\"grouping order is \\n\\n```\\nvendor\\n\\nlocal\\n\\nnamespaces\\n\\ncomponents\\n```\\n\\nhttps://gitlab.innovationlawlab.org/ILL/lawlabplatform/-/wikis/Code-Guidelines#how-to-group-imports\",\"file\":\"app/javascript/packs/components/Settings/Tools/EngagementLetters/Templates/EngagementLetterTemplateDialog.vue\",\"line\":70,\"has_check_mark\":true},{\"id\":59148,\"author\":\"david\",\"body\":\"the way refs work, we should always verify if the ref was successful.\",\"file\":\"app/javascript/packs/components/Settings/Tools/EngagementLetters/Templates/EngagementLetterTemplateEditor.vue\",\"line\":91,\"has_check_mark\":true},{\"id\":59149,\"author\":\"david\",\"body\":\"grouping order is \\n\\n```\\nvendor\\n\\nlocal\\n\\nnamespaces\\n\\ncomponents\\n```\\n\\nhttps://gitlab.innovationlawlab.org/ILL/lawlabplatform/-/wikis/Code-Guidelines#how-to-group-imports\",\"file\":\"app/javascript/packs/components/Settings/Tools/EngagementLetters/Templates/EngagementLetterTemplateTranslationDialog.vue\",\"line\":76,\"has_check_mark\":true},{\"id\":59150,\"author\":\"david\",\"body\":\"since we're adopting vuelidade, any personal motif for it not to be used here?\",\"file\":\"app/javascript/packs/components/Settings/Tools/EngagementLetters/Templates/EngagementLetterTemplateTranslationDialog.vue\",\"line\":215,\"has_check_mark\":true},{\"id\":59151,\"author\":\"david\",\"body\":\"another wave of reviews :hugging:\",\"file\":null,\"line\":null,\"has_check_mark\":false},{\"id\":59153,\"author\":\"david\",\"body\":\"vuelidate instead?\",\"file\":\"app/javascript/packs/components/Shared/Templates/TemplateDialog.vue\",\"line\":258,\"has_check_mark\":true},{\"id\":59154,\"author\":\"david\",\"body\":\"we should always be aware that $refs[prop] might be null\",\"file\":\"app/javascript/packs/components/Shared/Templates/TemplateDialog.vue\",\"line\":282,\"has_check_mark\":true},{\"id\":59155,\"author\":\"david\",\"body\":\"I think there is an utility for this\",\"file\":\"app/javascript/packs/components/Shared/Templates/TemplateVariableHelper.vue\",\"line\":197,\"has_check_mark\":true},{\"id\":59156,\"author\":\"david\",\"body\":\"is this the one used in settings? if so, should be in settings namespace right?\",\"file\":\"app/javascript/packs/store/engagement-letter-template/index.js\",\"line\":null,\"has_check_mark\":true},{\"id\":59691,\"author\":\"adrien\",\"body\":\"I don't know.\\n\\nIt's a feature store that happens to be managed through Settings UI, but the data itself isn't \\\"settings\\\". Similar to how legal-case store isn't in a specific UI namespace.\",\"file\":\"app/javascript/packs/store/engagement-letter-template/index.js\",\"line\":null,\"has_check_mark\":false},{\"id\":59157,\"author\":\"david\",\"body\":\"no action needed, why not using same strategy on both? :grin:\",\"file\":\"app/javascript/packs/store/engagement-letter-template/index.js\",\"line\":30,\"has_check_mark\":true},{\"id\":59692,\"author\":\"adrien\",\"body\":\"I am not sure I get that one. Can you explain what you mean?\",\"file\":\"app/javascript/packs/store/engagement-letter-template/index.js\",\"line\":30,\"has_check_mark\":false},{\"id\":59158,\"author\":\"david\",\"body\":\"no action needed.\\n\\nIsn't more readable if \\n\\n```suggestion:-9+0\\n  return axiosRequest.get('/engagement_letter_templates', { params }).\\n    then(({ data }) =\\u003e {\\n      commit('setEngagementLetterTemplates', data)\\n      return data\\n    }).\\n    catch(error =\\u003e handleError(error)).\\n    finally(() =\\u003e commit('setLoading', false))\\n}\\n```\\n\\nI don't think you need to throw error, since if you subscribe to this action, you can catch it in the component still.\",\"file\":\"app/javascript/packs/store/engagement-letter-template/index.js\",\"line\":77,\"has_check_mark\":true},{\"id\":59159,\"author\":\"david\",\"body\":\"please try to keep the namespace definitions at the top after imports as most of the store modules, for easier reading by finding it already in the expected spot.\",\"file\":\"app/javascript/packs/store/shared-templates/index.js\",\"line\":14,\"has_check_mark\":true},{\"id\":59160,\"author\":\"david\",\"body\":\"since we're safe guarding against undefined, should we check also if it is an array?\",\"file\":\"app/javascript/packs/store/shared-templates/mutations.js\",\"line\":11,\"has_check_mark\":true},{\"id\":59161,\"author\":\"david\",\"body\":\"that's why we don't export default the store and make it two objects, so we can have all the module imports as \\n\\n`import { \\u003cNAMESPACE\\u003e, module } from ...`\",\"file\":\"app/javascript/packs/store/index.js\",\"line\":22,\"has_check_mark\":true},{\"id\":59162,\"author\":\"david\",\"body\":\"that's why we don't export default the store and make it two objects, so we can have all the module imports as \\n\\n`import { \\u003cNAMESPACE\\u003e, module } from ...`\",\"file\":\"app/javascript/packs/store/index.js\",\"line\":40,\"has_check_mark\":true},{\"id\":59163,\"author\":\"david\",\"body\":\"grouping order is \\n\\n```\\nvendor\\n\\nlocal\\n\\nnamespaces\\n\\ncomponents\\n```\\n\\nhttps://gitlab.innovationlawlab.org/ILL/lawlabplatform/-/wikis/Code-Guidelines#how-to-group-imports\",\"file\":\"app/javascript/packs/views/settings/EngagementLetterTemplateDataList.vue\",\"line\":188,\"has_check_mark\":false},{\"id\":59164,\"author\":\"david\",\"body\":\"grouping order is \\n\\n```\\nvendor\\n\\nlocal\\n\\nnamespaces\\n\\ncomponents\\n```\\n\\nhttps://gitlab.innovationlawlab.org/ILL/lawlabplatform/-/wikis/Code-Guidelines#how-to-group-imports\",\"file\":\"app/javascript/packs/views/settings/EngagementLetterTemplateDataListWorking.vue\",\"line\":154,\"has_check_mark\":true},{\"id\":59165,\"author\":\"david\",\"body\":\"shouldn't this import be made in the `setup()` ?\",\"file\":\"app/javascript/packs/views/settings/EngagementLetterTemplateDataListWorking.vue\",\"line\":255,\"has_check_mark\":false},{\"id\":59166,\"author\":\"david\",\"body\":\"can we guarantee that in all the instances, the foreign_key has this name? `fk_rails_1eab6264fb`\",\"file\":\"db/migrate/20250918140933_fix_engagement_letter_template_foreign_key.rb\",\"line\":4,\"has_check_mark\":true},{\"id\":59167,\"author\":\"david\",\"body\":\"I think this is the last wave :grin:\",\"file\":null,\"line\":null,\"has_check_mark\":false}]}"], ["created_at", "2025-11-06 15:20:38.913980"], ["updated_at", "2025-11-06 15:20:38.913980"], ["reviewed", false]]
  ↳ app/controllers/exports_controller.rb:32:in `create'
  [1m[36mTRANSACTION (10.1ms)[0m  [1m[35mCOMMIT[0m
  ↳ app/controllers/exports_controller.rb:32:in `create'
  [1m[36mTRANSACTION (0.1ms)[0m  [1m[35mBEGIN[0m
  ↳ app/controllers/exports_controller.rb:45:in `block in create'
  [1m[36mFeedback Exists? (0.9ms)[0m  [1m[34mSELECT 1 AS one FROM "feedbacks" WHERE "feedbacks"."feedback_id" = $1 AND "feedbacks"."export_id" = $2 LIMIT $3[0m  [["feedback_id", "59110"], ["export_id", 7], ["LIMIT", 1]]
  ↳ app/controllers/exports_controller.rb:45:in `block in create'
  [1m[36mFeedback Create (0.3ms)[0m  [1m[32mINSERT INTO "feedbacks" ("export_id", "feedback_id", "reviewed", "created_at", "updated_at") VALUES ($1, $2, $3, $4, $5) RETURNING "id"[0m  [["export_id", 7], ["feedback_id", "59110"], ["reviewed", true], ["created_at", "2025-11-06 15:20:38.944882"], ["updated_at", "2025-11-06 15:20:38.944882"]]
  ↳ app/controllers/exports_controller.rb:45:in `block in create'
  [1m[36mTRANSACTION (1.7ms)[0m  [1m[35mCOMMIT[0m
  ↳ app/controllers/exports_controller.rb:45:in `block in create'
  [1m[36mTRANSACTION (0.2ms)[0m  [1m[35mBEGIN[0m
  ↳ app/controllers/exports_controller.rb:45:in `block in create'
  [1m[36mFeedback Exists? (1.0ms)[0m  [1m[34mSELECT 1 AS one FROM "feedbacks" WHERE "feedbacks"."feedback_id" = $1 AND "feedbacks"."export_id" = $2 LIMIT $3[0m  [["feedback_id", "59111"], ["export_id", 7], ["LIMIT", 1]]
  ↳ app/controllers/exports_controller.rb:45:in `block in create'
  [1m[36mFeedback Create (0.1ms)[0m  [1m[32mINSERT INTO "feedbacks" ("export_id", "feedback_id", "reviewed", "created_at", "updated_at") VALUES ($1, $2, $3, $4, $5) RETURNING "id"[0m  [["export_id", 7], ["feedback_id", "59111"], ["reviewed", true], ["created_at", "2025-11-06 15:20:38.950318"], ["updated_at", "2025-11-06 15:20:38.950318"]]
  ↳ app/controllers/exports_controller.rb:45:in `block in create'
  [1m[36mTRANSACTION (1.6ms)[0m  [1m[35mCOMMIT[0m
  ↳ app/controllers/exports_controller.rb:45:in `block in create'
  [1m[36mTRANSACTION (0.2ms)[0m  [1m[35mBEGIN[0m
  ↳ app/controllers/exports_controller.rb:45:in `block in create'
  [1m[36mFeedback Exists? (0.8ms)[0m  [1m[34mSELECT 1 AS one FROM "feedbacks" WHERE "feedbacks"."feedback_id" = $1 AND "feedbacks"."export_id" = $2 LIMIT $3[0m  [["feedback_id", "59112"], ["export_id", 7], ["LIMIT", 1]]
  ↳ app/controllers/exports_controller.rb:45:in `block in create'
  [1m[36mFeedback Create (0.1ms)[0m  [1m[32mINSERT INTO "feedbacks" ("export_id", "feedback_id", "reviewed", "created_at", "updated_at") VALUES ($1, $2, $3, $4, $5) RETURNING "id"[0m  [["export_id", 7], ["feedback_id", "59112"], ["reviewed", true], ["created_at", "2025-11-06 15:20:38.954182"], ["updated_at", "2025-11-06 15:20:38.954182"]]
  ↳ app/controllers/exports_controller.rb:45:in `block in create'
  [1m[36mTRANSACTION (1.6ms)[0m  [1m[35mCOMMIT[0m
  ↳ app/controllers/exports_controller.rb:45:in `block in create'
  [1m[36mTRANSACTION (0.0ms)[0m  [1m[35mBEGIN[0m
  ↳ app/controllers/exports_controller.rb:45:in `block in create'
  [1m[36mFeedback Exists? (1.0ms)[0m  [1m[34mSELECT 1 AS one FROM "feedbacks" WHERE "feedbacks"."feedback_id" = $1 AND "feedbacks"."export_id" = $2 LIMIT $3[0m  [["feedback_id", "59113"], ["export_id", 7], ["LIMIT", 1]]
  ↳ app/controllers/exports_controller.rb:45:in `block in create'
  [1m[36mFeedback Create (0.2ms)[0m  [1m[32mINSERT INTO "feedbacks" ("export_id", "feedback_id", "reviewed", "created_at", "updated_at") VALUES ($1, $2, $3, $4, $5) RETURNING "id"[0m  [["export_id", 7], ["feedback_id", "59113"], ["reviewed", true], ["created_at", "2025-11-06 15:20:38.958132"], ["updated_at", "2025-11-06 15:20:38.958132"]]
  ↳ app/controllers/exports_controller.rb:45:in `block in create'
  [1m[36mTRANSACTION (1.6ms)[0m  [1m[35mCOMMIT[0m
  ↳ app/controllers/exports_controller.rb:45:in `block in create'
  [1m[36mTRANSACTION (0.0ms)[0m  [1m[35mBEGIN[0m
  ↳ app/controllers/exports_controller.rb:45:in `block in create'
  [1m[36mFeedback Exists? (0.5ms)[0m  [1m[34mSELECT 1 AS one FROM "feedbacks" WHERE "feedbacks"."feedback_id" = $1 AND "feedbacks"."export_id" = $2 LIMIT $3[0m  [["feedback_id", "59114"], ["export_id", 7], ["LIMIT", 1]]
  ↳ app/controllers/exports_controller.rb:45:in `block in create'
  [1m[36mFeedback Create (0.4ms)[0m  [1m[32mINSERT INTO "feedbacks" ("export_id", "feedback_id", "reviewed", "created_at", "updated_at") VALUES ($1, $2, $3, $4, $5) RETURNING "id"[0m  [["export_id", 7], ["feedback_id", "59114"], ["reviewed", true], ["created_at", "2025-11-06 15:20:38.961564"], ["updated_at", "2025-11-06 15:20:38.961564"]]
  ↳ app/controllers/exports_controller.rb:45:in `block in create'
  [1m[36mTRANSACTION (1.7ms)[0m  [1m[35mCOMMIT[0m
  ↳ app/controllers/exports_controller.rb:45:in `block in create'
  [1m[36mTRANSACTION (0.1ms)[0m  [1m[35mBEGIN[0m
  ↳ app/controllers/exports_controller.rb:45:in `block in create'
  [1m[36mFeedback Exists? (0.6ms)[0m  [1m[34mSELECT 1 AS one FROM "feedbacks" WHERE "feedbacks"."feedback_id" = $1 AND "feedbacks"."export_id" = $2 LIMIT $3[0m  [["feedback_id", "59115"], ["export_id", 7], ["LIMIT", 1]]
  ↳ app/controllers/exports_controller.rb:45:in `block in create'
  [1m[36mFeedback Create (0.1ms)[0m  [1m[32mINSERT INTO "feedbacks" ("export_id", "feedback_id", "reviewed", "created_at", "updated_at") VALUES ($1, $2, $3, $4, $5) RETURNING "id"[0m  [["export_id", 7], ["feedback_id", "59115"], ["reviewed", true], ["created_at", "2025-11-06 15:20:38.967430"], ["updated_at", "2025-11-06 15:20:38.967430"]]
  ↳ app/controllers/exports_controller.rb:45:in `block in create'
  [1m[36mTRANSACTION (1.6ms)[0m  [1m[35mCOMMIT[0m
  ↳ app/controllers/exports_controller.rb:45:in `block in create'
  [1m[36mTRANSACTION (0.2ms)[0m  [1m[35mBEGIN[0m
  ↳ app/controllers/exports_controller.rb:45:in `block in create'
  [1m[36mFeedback Exists? (0.7ms)[0m  [1m[34mSELECT 1 AS one FROM "feedbacks" WHERE "feedbacks"."feedback_id" = $1 AND "feedbacks"."export_id" = $2 LIMIT $3[0m  [["feedback_id", "59116"], ["export_id", 7], ["LIMIT", 1]]
  ↳ app/controllers/exports_controller.rb:45:in `block in create'
  [1m[36mFeedback Create (0.3ms)[0m  [1m[32mINSERT INTO "feedbacks" ("export_id", "feedback_id", "reviewed", "created_at", "updated_at") VALUES ($1, $2, $3, $4, $5) RETURNING "id"[0m  [["export_id", 7], ["feedback_id", "59116"], ["reviewed", true], ["created_at", "2025-11-06 15:20:38.970908"], ["updated_at", "2025-11-06 15:20:38.970908"]]
  ↳ app/controllers/exports_controller.rb:45:in `block in create'
  [1m[36mTRANSACTION (1.9ms)[0m  [1m[35mCOMMIT[0m
  ↳ app/controllers/exports_controller.rb:45:in `block in create'
  [1m[36mTRANSACTION (0.2ms)[0m  [1m[35mBEGIN[0m
  ↳ app/controllers/exports_controller.rb:45:in `block in create'
  [1m[36mFeedback Exists? (0.7ms)[0m  [1m[34mSELECT 1 AS one FROM "feedbacks" WHERE "feedbacks"."feedback_id" = $1 AND "feedbacks"."export_id" = $2 LIMIT $3[0m  [["feedback_id", "59117"], ["export_id", 7], ["LIMIT", 1]]
  ↳ app/controllers/exports_controller.rb:45:in `block in create'
  [1m[36mFeedback Create (0.1ms)[0m  [1m[32mINSERT INTO "feedbacks" ("export_id", "feedback_id", "reviewed", "created_at", "updated_at") VALUES ($1, $2, $3, $4, $5) RETURNING "id"[0m  [["export_id", 7], ["feedback_id", "59117"], ["reviewed", true], ["created_at", "2025-11-06 15:20:38.974827"], ["updated_at", "2025-11-06 15:20:38.974827"]]
  ↳ app/controllers/exports_controller.rb:45:in `block in create'
  [1m[36mTRANSACTION (1.5ms)[0m  [1m[35mCOMMIT[0m
  ↳ app/controllers/exports_controller.rb:45:in `block in create'
  [1m[36mTRANSACTION (0.1ms)[0m  [1m[35mBEGIN[0m
  ↳ app/controllers/exports_controller.rb:45:in `block in create'
  [1m[36mFeedback Exists? (0.6ms)[0m  [1m[34mSELECT 1 AS one FROM "feedbacks" WHERE "feedbacks"."feedback_id" = $1 AND "feedbacks"."export_id" = $2 LIMIT $3[0m  [["feedback_id", "59118"], ["export_id", 7], ["LIMIT", 1]]
  ↳ app/controllers/exports_controller.rb:45:in `block in create'
  [1m[36mFeedback Create (0.2ms)[0m  [1m[32mINSERT INTO "feedbacks" ("export_id", "feedback_id", "reviewed", "created_at", "updated_at") VALUES ($1, $2, $3, $4, $5) RETURNING "id"[0m  [["export_id", 7], ["feedback_id", "59118"], ["reviewed", true], ["created_at", "2025-11-06 15:20:38.980506"], ["updated_at", "2025-11-06 15:20:38.980506"]]
  ↳ app/controllers/exports_controller.rb:45:in `block in create'
  [1m[36mTRANSACTION (1.5ms)[0m  [1m[35mCOMMIT[0m
  ↳ app/controllers/exports_controller.rb:45:in `block in create'
  [1m[36mTRANSACTION (0.1ms)[0m  [1m[35mBEGIN[0m
  ↳ app/controllers/exports_controller.rb:45:in `block in create'
  [1m[36mFeedback Exists? (1.0ms)[0m  [1m[34mSELECT 1 AS one FROM "feedbacks" WHERE "feedbacks"."feedback_id" = $1 AND "feedbacks"."export_id" = $2 LIMIT $3[0m  [["feedback_id", "59119"], ["export_id", 7], ["LIMIT", 1]]
  ↳ app/controllers/exports_controller.rb:45:in `block in create'
  [1m[36mFeedback Create (0.2ms)[0m  [1m[32mINSERT INTO "feedbacks" ("export_id", "feedback_id", "reviewed", "created_at", "updated_at") VALUES ($1, $2, $3, $4, $5) RETURNING "id"[0m  [["export_id", 7], ["feedback_id", "59119"], ["reviewed", true], ["created_at", "2025-11-06 15:20:38.984874"], ["updated_at", "2025-11-06 15:20:38.984874"]]
  ↳ app/controllers/exports_controller.rb:45:in `block in create'
  [1m[36mTRANSACTION (1.4ms)[0m  [1m[35mCOMMIT[0m
  ↳ app/controllers/exports_controller.rb:45:in `block in create'
  [1m[36mTRANSACTION (0.0ms)[0m  [1m[35mBEGIN[0m
  ↳ app/controllers/exports_controller.rb:45:in `block in create'
  [1m[36mFeedback Exists? (0.6ms)[0m  [1m[34mSELECT 1 AS one FROM "feedbacks" WHERE "feedbacks"."feedback_id" = $1 AND "feedbacks"."export_id" = $2 LIMIT $3[0m  [["feedback_id", "59139"], ["export_id", 7], ["LIMIT", 1]]
  ↳ app/controllers/exports_controller.rb:45:in `block in create'
  [1m[36mFeedback Create (0.2ms)[0m  [1m[32mINSERT INTO "feedbacks" ("export_id", "feedback_id", "reviewed", "created_at", "updated_at") VALUES ($1, $2, $3, $4, $5) RETURNING "id"[0m  [["export_id", 7], ["feedback_id", "59139"], ["reviewed", true], ["created_at", "2025-11-06 15:20:38.988543"], ["updated_at", "2025-11-06 15:20:38.988543"]]
  ↳ app/controllers/exports_controller.rb:45:in `block in create'
  [1m[36mTRANSACTION (1.5ms)[0m  [1m[35mCOMMIT[0m
  ↳ app/controllers/exports_controller.rb:45:in `block in create'
  [1m[36mTRANSACTION (0.1ms)[0m  [1m[35mBEGIN[0m
  ↳ app/controllers/exports_controller.rb:45:in `block in create'
  [1m[36mFeedback Exists? (0.6ms)[0m  [1m[34mSELECT 1 AS one FROM "feedbacks" WHERE "feedbacks"."feedback_id" = $1 AND "feedbacks"."export_id" = $2 LIMIT $3[0m  [["feedback_id", "59140"], ["export_id", 7], ["LIMIT", 1]]
  ↳ app/controllers/exports_controller.rb:45:in `block in create'
  [1m[36mFeedback Create (0.2ms)[0m  [1m[32mINSERT INTO "feedbacks" ("export_id", "feedback_id", "reviewed", "created_at", "updated_at") VALUES ($1, $2, $3, $4, $5) RETURNING "id"[0m  [["export_id", 7], ["feedback_id", "59140"], ["reviewed", true], ["created_at", "2025-11-06 15:20:38.992387"], ["updated_at", "2025-11-06 15:20:38.992387"]]
  ↳ app/controllers/exports_controller.rb:45:in `block in create'
  [1m[36mTRANSACTION (1.5ms)[0m  [1m[35mCOMMIT[0m
  ↳ app/controllers/exports_controller.rb:45:in `block in create'
  [1m[36mTRANSACTION (0.1ms)[0m  [1m[35mBEGIN[0m
  ↳ app/controllers/exports_controller.rb:45:in `block in create'
  [1m[36mFeedback Exists? (0.6ms)[0m  [1m[34mSELECT 1 AS one FROM "feedbacks" WHERE "feedbacks"."feedback_id" = $1 AND "feedbacks"."export_id" = $2 LIMIT $3[0m  [["feedback_id", "59141"], ["export_id", 7], ["LIMIT", 1]]
  ↳ app/controllers/exports_controller.rb:45:in `block in create'
  [1m[36mFeedback Create (0.1ms)[0m  [1m[32mINSERT INTO "feedbacks" ("export_id", "feedback_id", "reviewed", "created_at", "updated_at") VALUES ($1, $2, $3, $4, $5) RETURNING "id"[0m  [["export_id", 7], ["feedback_id", "59141"], ["reviewed", true], ["created_at", "2025-11-06 15:20:38.996141"], ["updated_at", "2025-11-06 15:20:38.996141"]]
  ↳ app/controllers/exports_controller.rb:45:in `block in create'
  [1m[36mTRANSACTION (1.4ms)[0m  [1m[35mCOMMIT[0m
  ↳ app/controllers/exports_controller.rb:45:in `block in create'
  [1m[36mTRANSACTION (0.0ms)[0m  [1m[35mBEGIN[0m
  ↳ app/controllers/exports_controller.rb:45:in `block in create'
  [1m[36mFeedback Exists? (0.8ms)[0m  [1m[34mSELECT 1 AS one FROM "feedbacks" WHERE "feedbacks"."feedback_id" = $1 AND "feedbacks"."export_id" = $2 LIMIT $3[0m  [["feedback_id", "59142"], ["export_id", 7], ["LIMIT", 1]]
  ↳ app/controllers/exports_controller.rb:45:in `block in create'
  [1m[36mFeedback Create (0.3ms)[0m  [1m[32mINSERT INTO "feedbacks" ("export_id", "feedback_id", "reviewed", "created_at", "updated_at") VALUES ($1, $2, $3, $4, $5) RETURNING "id"[0m  [["export_id", 7], ["feedback_id", "59142"], ["reviewed", true], ["created_at", "2025-11-06 15:20:39.001161"], ["updated_at", "2025-11-06 15:20:39.001161"]]
  ↳ app/controllers/exports_controller.rb:45:in `block in create'
  [1m[36mTRANSACTION (1.4ms)[0m  [1m[35mCOMMIT[0m
  ↳ app/controllers/exports_controller.rb:45:in `block in create'
  [1m[36mTRANSACTION (0.1ms)[0m  [1m[35mBEGIN[0m
  ↳ app/controllers/exports_controller.rb:45:in `block in create'
  [1m[36mFeedback Exists? (1.0ms)[0m  [1m[34mSELECT 1 AS one FROM "feedbacks" WHERE "feedbacks"."feedback_id" = $1 AND "feedbacks"."export_id" = $2 LIMIT $3[0m  [["feedback_id", "59143"], ["export_id", 7], ["LIMIT", 1]]
  ↳ app/controllers/exports_controller.rb:45:in `block in create'
  [1m[36mFeedback Create (0.2ms)[0m  [1m[32mINSERT INTO "feedbacks" ("export_id", "feedback_id", "reviewed", "created_at", "updated_at") VALUES ($1, $2, $3, $4, $5) RETURNING "id"[0m  [["export_id", 7], ["feedback_id", "59143"], ["reviewed", true], ["created_at", "2025-11-06 15:20:39.005919"], ["updated_at", "2025-11-06 15:20:39.005919"]]
  ↳ app/controllers/exports_controller.rb:45:in `block in create'
  [1m[36mTRANSACTION (1.5ms)[0m  [1m[35mCOMMIT[0m
  ↳ app/controllers/exports_controller.rb:45:in `block in create'
  [1m[36mTRANSACTION (0.0ms)[0m  [1m[35mBEGIN[0m
  ↳ app/controllers/exports_controller.rb:45:in `block in create'
  [1m[36mFeedback Exists? (0.6ms)[0m  [1m[34mSELECT 1 AS one FROM "feedbacks" WHERE "feedbacks"."feedback_id" = $1 AND "feedbacks"."export_id" = $2 LIMIT $3[0m  [["feedback_id", "59144"], ["export_id", 7], ["LIMIT", 1]]
  ↳ app/controllers/exports_controller.rb:45:in `block in create'
  [1m[36mFeedback Create (0.1ms)[0m  [1m[32mINSERT INTO "feedbacks" ("export_id", "feedback_id", "reviewed", "created_at", "updated_at") VALUES ($1, $2, $3, $4, $5) RETURNING "id"[0m  [["export_id", 7], ["feedback_id", "59144"], ["reviewed", true], ["created_at", "2025-11-06 15:20:39.010226"], ["updated_at", "2025-11-06 15:20:39.010226"]]
  ↳ app/controllers/exports_controller.rb:45:in `block in create'
  [1m[36mTRANSACTION (1.5ms)[0m  [1m[35mCOMMIT[0m
  ↳ app/controllers/exports_controller.rb:45:in `block in create'
  [1m[36mTRANSACTION (0.1ms)[0m  [1m[35mBEGIN[0m
  ↳ app/controllers/exports_controller.rb:45:in `block in create'
  [1m[36mFeedback Exists? (0.8ms)[0m  [1m[34mSELECT 1 AS one FROM "feedbacks" WHERE "feedbacks"."feedback_id" = $1 AND "feedbacks"."export_id" = $2 LIMIT $3[0m  [["feedback_id", "59145"], ["export_id", 7], ["LIMIT", 1]]
  ↳ app/controllers/exports_controller.rb:45:in `block in create'
  [1m[36mFeedback Create (0.1ms)[0m  [1m[32mINSERT INTO "feedbacks" ("export_id", "feedback_id", "reviewed", "created_at", "updated_at") VALUES ($1, $2, $3, $4, $5) RETURNING "id"[0m  [["export_id", 7], ["feedback_id", "59145"], ["reviewed", true], ["created_at", "2025-11-06 15:20:39.014132"], ["updated_at", "2025-11-06 15:20:39.014132"]]
  ↳ app/controllers/exports_controller.rb:45:in `block in create'
  [1m[36mTRANSACTION (1.4ms)[0m  [1m[35mCOMMIT[0m
  ↳ app/controllers/exports_controller.rb:45:in `block in create'
  [1m[36mTRANSACTION (0.1ms)[0m  [1m[35mBEGIN[0m
  ↳ app/controllers/exports_controller.rb:45:in `block in create'
  [1m[36mFeedback Exists? (2.4ms)[0m  [1m[34mSELECT 1 AS one FROM "feedbacks" WHERE "feedbacks"."feedback_id" = $1 AND "feedbacks"."export_id" = $2 LIMIT $3[0m  [["feedback_id", "59146"], ["export_id", 7], ["LIMIT", 1]]
  ↳ app/controllers/exports_controller.rb:45:in `block in create'
  [1m[36mFeedback Create (0.1ms)[0m  [1m[32mINSERT INTO "feedbacks" ("export_id", "feedback_id", "reviewed", "created_at", "updated_at") VALUES ($1, $2, $3, $4, $5) RETURNING "id"[0m  [["export_id", 7], ["feedback_id", "59146"], ["reviewed", true], ["created_at", "2025-11-06 15:20:39.019349"], ["updated_at", "2025-11-06 15:20:39.019349"]]
  ↳ app/controllers/exports_controller.rb:45:in `block in create'
  [1m[36mTRANSACTION (1.5ms)[0m  [1m[35mCOMMIT[0m
  ↳ app/controllers/exports_controller.rb:45:in `block in create'
  [1m[36mTRANSACTION (0.4ms)[0m  [1m[35mBEGIN[0m
  ↳ app/controllers/exports_controller.rb:45:in `block in create'
  [1m[36mFeedback Exists? (0.7ms)[0m  [1m[34mSELECT 1 AS one FROM "feedbacks" WHERE "feedbacks"."feedback_id" = $1 AND "feedbacks"."export_id" = $2 LIMIT $3[0m  [["feedback_id", "59147"], ["export_id", 7], ["LIMIT", 1]]
  ↳ app/controllers/exports_controller.rb:45:in `block in create'
  [1m[36mFeedback Create (0.1ms)[0m  [1m[32mINSERT INTO "feedbacks" ("export_id", "feedback_id", "reviewed", "created_at", "updated_at") VALUES ($1, $2, $3, $4, $5) RETURNING "id"[0m  [["export_id", 7], ["feedback_id", "59147"], ["reviewed", true], ["created_at", "2025-11-06 15:20:39.022902"], ["updated_at", "2025-11-06 15:20:39.022902"]]
  ↳ app/controllers/exports_controller.rb:45:in `block in create'
  [1m[36mTRANSACTION (1.5ms)[0m  [1m[35mCOMMIT[0m
  ↳ app/controllers/exports_controller.rb:45:in `block in create'
  [1m[36mTRANSACTION (0.1ms)[0m  [1m[35mBEGIN[0m
  ↳ app/controllers/exports_controller.rb:45:in `block in create'
  [1m[36mFeedback Exists? (0.6ms)[0m  [1m[34mSELECT 1 AS one FROM "feedbacks" WHERE "feedbacks"."feedback_id" = $1 AND "feedbacks"."export_id" = $2 LIMIT $3[0m  [["feedback_id", "59148"], ["export_id", 7], ["LIMIT", 1]]
  ↳ app/controllers/exports_controller.rb:45:in `block in create'
  [1m[36mFeedback Create (0.1ms)[0m  [1m[32mINSERT INTO "feedbacks" ("export_id", "feedback_id", "reviewed", "created_at", "updated_at") VALUES ($1, $2, $3, $4, $5) RETURNING "id"[0m  [["export_id", 7], ["feedback_id", "59148"], ["reviewed", true], ["created_at", "2025-11-06 15:20:39.026178"], ["updated_at", "2025-11-06 15:20:39.026178"]]
  ↳ app/controllers/exports_controller.rb:45:in `block in create'
  [1m[36mTRANSACTION (1.7ms)[0m  [1m[35mCOMMIT[0m
  ↳ app/controllers/exports_controller.rb:45:in `block in create'
  [1m[36mTRANSACTION (0.1ms)[0m  [1m[35mBEGIN[0m
  ↳ app/controllers/exports_controller.rb:45:in `block in create'
  [1m[36mFeedback Exists? (0.8ms)[0m  [1m[34mSELECT 1 AS one FROM "feedbacks" WHERE "feedbacks"."feedback_id" = $1 AND "feedbacks"."export_id" = $2 LIMIT $3[0m  [["feedback_id", "59149"], ["export_id", 7], ["LIMIT", 1]]
  ↳ app/controllers/exports_controller.rb:45:in `block in create'
  [1m[36mFeedback Create (0.2ms)[0m  [1m[32mINSERT INTO "feedbacks" ("export_id", "feedback_id", "reviewed", "created_at", "updated_at") VALUES ($1, $2, $3, $4, $5) RETURNING "id"[0m  [["export_id", 7], ["feedback_id", "59149"], ["reviewed", true], ["created_at", "2025-11-06 15:20:39.030137"], ["updated_at", "2025-11-06 15:20:39.030137"]]
  ↳ app/controllers/exports_controller.rb:45:in `block in create'
  [1m[36mTRANSACTION (1.5ms)[0m  [1m[35mCOMMIT[0m
  ↳ app/controllers/exports_controller.rb:45:in `block in create'
  [1m[36mTRANSACTION (0.0ms)[0m  [1m[35mBEGIN[0m
  ↳ app/controllers/exports_controller.rb:45:in `block in create'
  [1m[36mFeedback Exists? (0.5ms)[0m  [1m[34mSELECT 1 AS one FROM "feedbacks" WHERE "feedbacks"."feedback_id" = $1 AND "feedbacks"."export_id" = $2 LIMIT $3[0m  [["feedback_id", "59150"], ["export_id", 7], ["LIMIT", 1]]
  ↳ app/controllers/exports_controller.rb:45:in `block in create'
  [1m[36mFeedback Create (0.1ms)[0m  [1m[32mINSERT INTO "feedbacks" ("export_id", "feedback_id", "reviewed", "created_at", "updated_at") VALUES ($1, $2, $3, $4, $5) RETURNING "id"[0m  [["export_id", 7], ["feedback_id", "59150"], ["reviewed", true], ["created_at", "2025-11-06 15:20:39.033418"], ["updated_at", "2025-11-06 15:20:39.033418"]]
  ↳ app/controllers/exports_controller.rb:45:in `block in create'
  [1m[36mTRANSACTION (1.5ms)[0m  [1m[35mCOMMIT[0m
  ↳ app/controllers/exports_controller.rb:45:in `block in create'
  [1m[36mTRANSACTION (0.0ms)[0m  [1m[35mBEGIN[0m
  ↳ app/controllers/exports_controller.rb:45:in `block in create'
  [1m[36mFeedback Exists? (0.8ms)[0m  [1m[34mSELECT 1 AS one FROM "feedbacks" WHERE "feedbacks"."feedback_id" = $1 AND "feedbacks"."export_id" = $2 LIMIT $3[0m  [["feedback_id", "59153"], ["export_id", 7], ["LIMIT", 1]]
  ↳ app/controllers/exports_controller.rb:45:in `block in create'
  [1m[36mFeedback Create (0.2ms)[0m  [1m[32mINSERT INTO "feedbacks" ("export_id", "feedback_id", "reviewed", "created_at", "updated_at") VALUES ($1, $2, $3, $4, $5) RETURNING "id"[0m  [["export_id", 7], ["feedback_id", "59153"], ["reviewed", true], ["created_at", "2025-11-06 15:20:39.036896"], ["updated_at", "2025-11-06 15:20:39.036896"]]
  ↳ app/controllers/exports_controller.rb:45:in `block in create'
  [1m[36mTRANSACTION (1.6ms)[0m  [1m[35mCOMMIT[0m
  ↳ app/controllers/exports_controller.rb:45:in `block in create'
  [1m[36mTRANSACTION (0.1ms)[0m  [1m[35mBEGIN[0m
  ↳ app/controllers/exports_controller.rb:45:in `block in create'
  [1m[36mFeedback Exists? (0.7ms)[0m  [1m[34mSELECT 1 AS one FROM "feedbacks" WHERE "feedbacks"."feedback_id" = $1 AND "feedbacks"."export_id" = $2 LIMIT $3[0m  [["feedback_id", "59154"], ["export_id", 7], ["LIMIT", 1]]
  ↳ app/controllers/exports_controller.rb:45:in `block in create'
  [1m[36mFeedback Create (0.2ms)[0m  [1m[32mINSERT INTO "feedbacks" ("export_id", "feedback_id", "reviewed", "created_at", "updated_at") VALUES ($1, $2, $3, $4, $5) RETURNING "id"[0m  [["export_id", 7], ["feedback_id", "59154"], ["reviewed", true], ["created_at", "2025-11-06 15:20:39.040676"], ["updated_at", "2025-11-06 15:20:39.040676"]]
  ↳ app/controllers/exports_controller.rb:45:in `block in create'
  [1m[36mTRANSACTION (1.5ms)[0m  [1m[35mCOMMIT[0m
  ↳ app/controllers/exports_controller.rb:45:in `block in create'
  [1m[36mTRANSACTION (0.2ms)[0m  [1m[35mBEGIN[0m
  ↳ app/controllers/exports_controller.rb:45:in `block in create'
  [1m[36mFeedback Exists? (0.7ms)[0m  [1m[34mSELECT 1 AS one FROM "feedbacks" WHERE "feedbacks"."feedback_id" = $1 AND "feedbacks"."export_id" = $2 LIMIT $3[0m  [["feedback_id", "59155"], ["export_id", 7], ["LIMIT", 1]]
  ↳ app/controllers/exports_controller.rb:45:in `block in create'
  [1m[36mFeedback Create (0.2ms)[0m  [1m[32mINSERT INTO "feedbacks" ("export_id", "feedback_id", "reviewed", "created_at", "updated_at") VALUES ($1, $2, $3, $4, $5) RETURNING "id"[0m  [["export_id", 7], ["feedback_id", "59155"], ["reviewed", true], ["created_at", "2025-11-06 15:20:39.044465"], ["updated_at", "2025-11-06 15:20:39.044465"]]
  ↳ app/controllers/exports_controller.rb:45:in `block in create'
  [1m[36mTRANSACTION (1.8ms)[0m  [1m[35mCOMMIT[0m
  ↳ app/controllers/exports_controller.rb:45:in `block in create'
  [1m[36mTRANSACTION (0.1ms)[0m  [1m[35mBEGIN[0m
  ↳ app/controllers/exports_controller.rb:45:in `block in create'
  [1m[36mFeedback Exists? (0.8ms)[0m  [1m[34mSELECT 1 AS one FROM "feedbacks" WHERE "feedbacks"."feedback_id" = $1 AND "feedbacks"."export_id" = $2 LIMIT $3[0m  [["feedback_id", "59156"], ["export_id", 7], ["LIMIT", 1]]
  ↳ app/controllers/exports_controller.rb:45:in `block in create'
  [1m[36mFeedback Create (0.2ms)[0m  [1m[32mINSERT INTO "feedbacks" ("export_id", "feedback_id", "reviewed", "created_at", "updated_at") VALUES ($1, $2, $3, $4, $5) RETURNING "id"[0m  [["export_id", 7], ["feedback_id", "59156"], ["reviewed", true], ["created_at", "2025-11-06 15:20:39.048769"], ["updated_at", "2025-11-06 15:20:39.048769"]]
  ↳ app/controllers/exports_controller.rb:45:in `block in create'
  [1m[36mTRANSACTION (1.4ms)[0m  [1m[35mCOMMIT[0m
  ↳ app/controllers/exports_controller.rb:45:in `block in create'
  [1m[36mTRANSACTION (0.0ms)[0m  [1m[35mBEGIN[0m
  ↳ app/controllers/exports_controller.rb:45:in `block in create'
  [1m[36mFeedback Exists? (0.5ms)[0m  [1m[34mSELECT 1 AS one FROM "feedbacks" WHERE "feedbacks"."feedback_id" = $1 AND "feedbacks"."export_id" = $2 LIMIT $3[0m  [["feedback_id", "59157"], ["export_id", 7], ["LIMIT", 1]]
  ↳ app/controllers/exports_controller.rb:45:in `block in create'
  [1m[36mFeedback Create (0.2ms)[0m  [1m[32mINSERT INTO "feedbacks" ("export_id", "feedback_id", "reviewed", "created_at", "updated_at") VALUES ($1, $2, $3, $4, $5) RETURNING "id"[0m  [["export_id", 7], ["feedback_id", "59157"], ["reviewed", true], ["created_at", "2025-11-06 15:20:39.053356"], ["updated_at", "2025-11-06 15:20:39.053356"]]
  ↳ app/controllers/exports_controller.rb:45:in `block in create'
  [1m[36mTRANSACTION (1.6ms)[0m  [1m[35mCOMMIT[0m
  ↳ app/controllers/exports_controller.rb:45:in `block in create'
  [1m[36mTRANSACTION (0.2ms)[0m  [1m[35mBEGIN[0m
  ↳ app/controllers/exports_controller.rb:45:in `block in create'
  [1m[36mFeedback Exists? (0.6ms)[0m  [1m[34mSELECT 1 AS one FROM "feedbacks" WHERE "feedbacks"."feedback_id" = $1 AND "feedbacks"."export_id" = $2 LIMIT $3[0m  [["feedback_id", "59158"], ["export_id", 7], ["LIMIT", 1]]
  ↳ app/controllers/exports_controller.rb:45:in `block in create'
  [1m[36mFeedback Create (0.1ms)[0m  [1m[32mINSERT INTO "feedbacks" ("export_id", "feedback_id", "reviewed", "created_at", "updated_at") VALUES ($1, $2, $3, $4, $5) RETURNING "id"[0m  [["export_id", 7], ["feedback_id", "59158"], ["reviewed", true], ["created_at", "2025-11-06 15:20:39.056891"], ["updated_at", "2025-11-06 15:20:39.056891"]]
  ↳ app/controllers/exports_controller.rb:45:in `block in create'
  [1m[36mTRANSACTION (1.4ms)[0m  [1m[35mCOMMIT[0m
  ↳ app/controllers/exports_controller.rb:45:in `block in create'
  [1m[36mTRANSACTION (0.1ms)[0m  [1m[35mBEGIN[0m
  ↳ app/controllers/exports_controller.rb:45:in `block in create'
  [1m[36mFeedback Exists? (0.9ms)[0m  [1m[34mSELECT 1 AS one FROM "feedbacks" WHERE "feedbacks"."feedback_id" = $1 AND "feedbacks"."export_id" = $2 LIMIT $3[0m  [["feedback_id", "59159"], ["export_id", 7], ["LIMIT", 1]]
  ↳ app/controllers/exports_controller.rb:45:in `block in create'
  [1m[36mFeedback Create (0.2ms)[0m  [1m[32mINSERT INTO "feedbacks" ("export_id", "feedback_id", "reviewed", "created_at", "updated_at") VALUES ($1, $2, $3, $4, $5) RETURNING "id"[0m  [["export_id", 7], ["feedback_id", "59159"], ["reviewed", true], ["created_at", "2025-11-06 15:20:39.060465"], ["updated_at", "2025-11-06 15:20:39.060465"]]
  ↳ app/controllers/exports_controller.rb:45:in `block in create'
  [1m[36mTRANSACTION (1.8ms)[0m  [1m[35mCOMMIT[0m
  ↳ app/controllers/exports_controller.rb:45:in `block in create'
  [1m[36mTRANSACTION (0.2ms)[0m  [1m[35mBEGIN[0m
  ↳ app/controllers/exports_controller.rb:45:in `block in create'
  [1m[36mFeedback Exists? (0.9ms)[0m  [1m[34mSELECT 1 AS one FROM "feedbacks" WHERE "feedbacks"."feedback_id" = $1 AND "feedbacks"."export_id" = $2 LIMIT $3[0m  [["feedback_id", "59160"], ["export_id", 7], ["LIMIT", 1]]
  ↳ app/controllers/exports_controller.rb:45:in `block in create'
  [1m[36mFeedback Create (0.1ms)[0m  [1m[32mINSERT INTO "feedbacks" ("export_id", "feedback_id", "reviewed", "created_at", "updated_at") VALUES ($1, $2, $3, $4, $5) RETURNING "id"[0m  [["export_id", 7], ["feedback_id", "59160"], ["reviewed", true], ["created_at", "2025-11-06 15:20:39.064682"], ["updated_at", "2025-11-06 15:20:39.064682"]]
  ↳ app/controllers/exports_controller.rb:45:in `block in create'
  [1m[36mTRANSACTION (1.5ms)[0m  [1m[35mCOMMIT[0m
  ↳ app/controllers/exports_controller.rb:45:in `block in create'
  [1m[36mTRANSACTION (0.1ms)[0m  [1m[35mBEGIN[0m
  ↳ app/controllers/exports_controller.rb:45:in `block in create'
  [1m[36mFeedback Exists? (0.7ms)[0m  [1m[34mSELECT 1 AS one FROM "feedbacks" WHERE "feedbacks"."feedback_id" = $1 AND "feedbacks"."export_id" = $2 LIMIT $3[0m  [["feedback_id", "59161"], ["export_id", 7], ["LIMIT", 1]]
  ↳ app/controllers/exports_controller.rb:45:in `block in create'
  [1m[36mFeedback Create (0.2ms)[0m  [1m[32mINSERT INTO "feedbacks" ("export_id", "feedback_id", "reviewed", "created_at", "updated_at") VALUES ($1, $2, $3, $4, $5) RETURNING "id"[0m  [["export_id", 7], ["feedback_id", "59161"], ["reviewed", true], ["created_at", "2025-11-06 15:20:39.068534"], ["updated_at", "2025-11-06 15:20:39.068534"]]
  ↳ app/controllers/exports_controller.rb:45:in `block in create'
  [1m[36mTRANSACTION (1.5ms)[0m  [1m[35mCOMMIT[0m
  ↳ app/controllers/exports_controller.rb:45:in `block in create'
  [1m[36mTRANSACTION (0.1ms)[0m  [1m[35mBEGIN[0m
  ↳ app/controllers/exports_controller.rb:45:in `block in create'
  [1m[36mFeedback Exists? (1.3ms)[0m  [1m[34mSELECT 1 AS one FROM "feedbacks" WHERE "feedbacks"."feedback_id" = $1 AND "feedbacks"."export_id" = $2 LIMIT $3[0m  [["feedback_id", "59162"], ["export_id", 7], ["LIMIT", 1]]
  ↳ app/controllers/exports_controller.rb:45:in `block in create'
  [1m[36mFeedback Create (0.1ms)[0m  [1m[32mINSERT INTO "feedbacks" ("export_id", "feedback_id", "reviewed", "created_at", "updated_at") VALUES ($1, $2, $3, $4, $5) RETURNING "id"[0m  [["export_id", 7], ["feedback_id", "59162"], ["reviewed", true], ["created_at", "2025-11-06 15:20:39.073269"], ["updated_at", "2025-11-06 15:20:39.073269"]]
  ↳ app/controllers/exports_controller.rb:45:in `block in create'
  [1m[36mTRANSACTION (1.4ms)[0m  [1m[35mCOMMIT[0m
  ↳ app/controllers/exports_controller.rb:45:in `block in create'
  [1m[36mTRANSACTION (0.0ms)[0m  [1m[35mBEGIN[0m
  ↳ app/controllers/exports_controller.rb:45:in `block in create'
  [1m[36mFeedback Exists? (0.6ms)[0m  [1m[34mSELECT 1 AS one FROM "feedbacks" WHERE "feedbacks"."feedback_id" = $1 AND "feedbacks"."export_id" = $2 LIMIT $3[0m  [["feedback_id", "59164"], ["export_id", 7], ["LIMIT", 1]]
  ↳ app/controllers/exports_controller.rb:45:in `block in create'
  [1m[36mFeedback Create (0.1ms)[0m  [1m[32mINSERT INTO "feedbacks" ("export_id", "feedback_id", "reviewed", "created_at", "updated_at") VALUES ($1, $2, $3, $4, $5) RETURNING "id"[0m  [["export_id", 7], ["feedback_id", "59164"], ["reviewed", true], ["created_at", "2025-11-06 15:20:39.076930"], ["updated_at", "2025-11-06 15:20:39.076930"]]
  ↳ app/controllers/exports_controller.rb:45:in `block in create'
  [1m[36mTRANSACTION (1.4ms)[0m  [1m[35mCOMMIT[0m
  ↳ app/controllers/exports_controller.rb:45:in `block in create'
  [1m[36mTRANSACTION (0.1ms)[0m  [1m[35mBEGIN[0m
  ↳ app/controllers/exports_controller.rb:45:in `block in create'
  [1m[36mFeedback Exists? (0.6ms)[0m  [1m[34mSELECT 1 AS one FROM "feedbacks" WHERE "feedbacks"."feedback_id" = $1 AND "feedbacks"."export_id" = $2 LIMIT $3[0m  [["feedback_id", "59166"], ["export_id", 7], ["LIMIT", 1]]
  ↳ app/controllers/exports_controller.rb:45:in `block in create'
  [1m[36mFeedback Create (0.1ms)[0m  [1m[32mINSERT INTO "feedbacks" ("export_id", "feedback_id", "reviewed", "created_at", "updated_at") VALUES ($1, $2, $3, $4, $5) RETURNING "id"[0m  [["export_id", 7], ["feedback_id", "59166"], ["reviewed", true], ["created_at", "2025-11-06 15:20:39.080436"], ["updated_at", "2025-11-06 15:20:39.080436"]]
  ↳ app/controllers/exports_controller.rb:45:in `block in create'
  [1m[36mTRANSACTION (1.5ms)[0m  [1m[35mCOMMIT[0m
  ↳ app/controllers/exports_controller.rb:45:in `block in create'
Redirected to http://localhost:3000/exports/7
Completed 302 Found in 42645ms (ActiveRecord: 106.2ms | Allocations: 158724)


Started GET "/exports/7" for 172.21.0.1 at 2025-11-06 15:20:39 +0000
Processing by ExportsController#show as HTML
  Parameters: {"id"=>"7"}
  [1m[36mExport Load (0.1ms)[0m  [1m[34mSELECT "exports".* FROM "exports" WHERE "exports"."id" = $1 LIMIT $2[0m  [["id", 7], ["LIMIT", 1]]
  ↳ app/controllers/exports_controller.rb:11:in `show'
  Rendering layout layouts/application.html.erb
  Rendering exports/show.html.erb within layouts/application
  [1m[36mFeedback Pluck (0.1ms)[0m  [1m[34mSELECT "feedbacks"."feedback_id" FROM "feedbacks" WHERE "feedbacks"."export_id" = $1 AND "feedbacks"."reviewed" = $2[0m  [["export_id", 7], ["reviewed", true]]
  ↳ app/views/exports/show.html.erb:21
  Rendered exports/show.html.erb within layouts/application (Duration: 2.4ms | Allocations: 2459)
  Rendered layout layouts/application.html.erb (Duration: 3.3ms | Allocations: 3339)
Completed 200 OK in 6ms (Views: 3.9ms | ActiveRecord: 0.2ms | Allocations: 4774)


Started GET "/" for 172.21.0.1 at 2025-11-06 15:26:12 +0000
Processing by ExportsController#index as HTML
  Rendering layout layouts/application.html.erb
  Rendering exports/index.html.erb within layouts/application
  [1m[36mExport Exists? (0.1ms)[0m  [1m[34mSELECT 1 AS one FROM "exports" LIMIT $1[0m  [["LIMIT", 1]]
  ↳ app/views/exports/index.html.erb:6
  [1m[36mExport Load (0.3ms)[0m  [1m[34mSELECT "exports".* FROM "exports" ORDER BY "exports"."created_at" DESC[0m
  ↳ app/views/exports/index.html.erb:22
  Rendered exports/index.html.erb within layouts/application (Duration: 4.9ms | Allocations: 7577)
  Rendered layout layouts/application.html.erb (Duration: 5.6ms | Allocations: 8008)
Completed 200 OK in 9ms (Views: 5.6ms | ActiveRecord: 1.5ms | Allocations: 10689)


Started GET "/exports/new" for 172.21.0.1 at 2025-11-06 15:26:13 +0000
Processing by ExportsController#new as HTML
  Rendering layout layouts/application.html.erb
  Rendering exports/new.html.erb within layouts/application
  Rendered exports/new.html.erb within layouts/application (Duration: 1.7ms | Allocations: 876)
  Rendered layout layouts/application.html.erb (Duration: 2.1ms | Allocations: 1033)
Completed 200 OK in 3ms (Views: 2.5ms | ActiveRecord: 0.0ms | Allocations: 1302)


Started POST "/exports" for 172.21.0.1 at 2025-11-06 15:26:15 +0000
Processing by ExportsController#create as HTML
  Parameters: {"authenticity_token"=>"[FILTERED]", "mr_url"=>"https://gitlab.innovationlawlab.org/ILL/lawlabplatform/-/merge_requests/1527", "button"=>""}
GitlabService using token: UKj9EimdVbQ... (length: 45)
  [1m[36mTRANSACTION (0.1ms)[0m  [1m[35mBEGIN[0m
  ↳ app/controllers/exports_controller.rb:32:in `create'
  [1m[36mExport Create (1.7ms)[0m  [1m[32mINSERT INTO "exports" ("mr_url", "mr_iid", "project_path", "mr_title", "mr_author", "mr_state", "data", "created_at", "updated_at", "reviewed") VALUES ($1, $2, $3, $4, $5, $6, $7, $8, $9, $10) RETURNING "id"[0m  [["mr_url", "https://gitlab.innovationlawlab.org/ILL/lawlabplatform/-/merge_requests/1527"], ["mr_iid", 1527], ["project_path", "ILL/lawlabplatform"], ["mr_title", "Draft: feat: engagement letters templates and translations"], ["mr_author", "adrien"], ["mr_state", "opened"], ["data", "{\"project_path\":\"ILL/lawlabplatform\",\"mr_iid\":1527,\"merge_request\":{\"id\":1527,\"title\":\"Draft: feat: engagement letters templates and translations\",\"author\":\"adrien\",\"source_branch\":\"1485-categorize-engagement-letter\",\"target_branch\":\"alpha\",\"state\":\"opened\",\"web_url\":\"https://gitlab.innovationlawlab.org/ILL/lawlabplatform/-/merge_requests/1527\"},\"feedback\":[{\"id\":59109,\"author\":\"david\",\"body\":\"be aware that the actions should always get the \\n- consumer user\\n- request params\\n\\nI placed as a rule the params require/permit to be in the actions, \\nsince they behave as a middle point between a controller method and the service\\n\\ncontroller method =\\u003e action =\\u003e service\\n\\nalways open minded about different ideas\",\"file\":\"app/actions/engagement_letter_template/create.rb\",\"line\":43,\"has_check_mark\":false},{\"id\":59110,\"author\":\"david\",\"body\":\"we use category to group actions, please make it more user friendly\",\"file\":\"app/actions/engagement_letter_template/base.rb\",\"line\":9,\"has_check_mark\":true},{\"id\":59111,\"author\":\"david\",\"body\":\"no need true, since destroy! explodes or returns true\",\"file\":\"app/actions/engagement_letter_template/destroy.rb\",\"line\":53,\"has_check_mark\":true},{\"id\":59112,\"author\":\"david\",\"body\":\"since we have almost all the catches for Active record errors, we should `update!`\",\"file\":\"app/actions/engagement_letter_template/update.rb\",\"line\":49,\"has_check_mark\":true},{\"id\":59113,\"author\":\"david\",\"body\":\"no need since base already does this\",\"file\":\"app/actions/public/engagement_letter/base.rb\",\"line\":36,\"has_check_mark\":true},{\"id\":59114,\"author\":\"david\",\"body\":\"if default value is `true` no need to implement this function\",\"file\":\"app/actions/public/engagement_letter/base.rb\",\"line\":12,\"has_check_mark\":true},{\"id\":59115,\"author\":\"david\",\"body\":\"question!\\n\\nsince is independent from any team, should we make it a platform permission, or we create a new namespace called `public` where we place all the publicly available actions?\",\"file\":\"app/actions/public/engagement_letter/base.rb\",\"line\":28,\"has_check_mark\":true},{\"id\":59689,\"author\":\"adrien\",\"body\":\"huh... good question. I am more keen to go with a `Public` namespace as I feel like it would break the meaning of `Platform` actions since that's not an actual platform action. What do you think?\",\"file\":\"app/actions/public/engagement_letter/base.rb\",\"line\":28,\"has_check_mark\":false},{\"id\":59116,\"author\":\"david\",\"body\":\"base already does this\",\"file\":\"app/actions/public/engagement_letter/session.rb\",\"line\":16,\"has_check_mark\":true},{\"id\":59117,\"author\":\"david\",\"body\":\"base does this\",\"file\":\"app/actions/public/engagement_letter/update.rb\",\"line\":16,\"has_check_mark\":true},{\"id\":59118,\"author\":\"david\",\"body\":\"why not instead of using an extra proc to assign a variable we do \\n\\n```suggestion:-5+0\\n  def send_letter\\n    render status: :ok, json: ActionDispatcher.\\n      with_user(current_user).\\n      dispatch(Action::LegalCase::EngagementLetter::Send, [params])\\n```\",\"file\":\"app/controllers/legal_cases/engagement_letters_controller.rb\",\"line\":9,\"has_check_mark\":true},{\"id\":59119,\"author\":\"david\",\"body\":\"when we do API based endpoints, we should use `with_api_key`\\n\\n```suggestion:-7+0\\nclass Public::EngagementLettersController \\u003c ActionController::API\\n  def session\\n    result = ActionDispatcher.\\n      with_api_key('\\u003cwhatever_you_think_you_need___or_nil\\u003e').\\n      dispatch(Action::Public::EngagementLetter::Session, [params])\\n\\n    render status: :ok, json: result\\n  end\\n```\",\"file\":\"app/controllers/public/engagement_letters_controller.rb\",\"line\":10,\"has_check_mark\":true},{\"id\":59120,\"author\":\"david\",\"body\":\"so far, but important changes that are needed while I finish the rest of the CR\",\"file\":null,\"line\":null,\"has_check_mark\":false},{\"id\":59139,\"author\":\"david\",\"body\":\"this controller is bypassing the permissions system.\",\"file\":\"app/controllers/engagement_letter_template_translations_controller.rb\",\"line\":null,\"has_check_mark\":true},{\"id\":59140,\"author\":\"david\",\"body\":\"this controller is bypassing the permissions system.\",\"file\":\"app/controllers/engagement_letter_templates_controller.rb\",\"line\":null,\"has_check_mark\":true},{\"id\":59141,\"author\":\"david\",\"body\":\"any reason for this? can't we make a conversion task/migration that would take care of old definitions on feature deploy?\",\"file\":\"app/controllers/legal_cases_controller.rb\",\"line\":146,\"has_check_mark\":true},{\"id\":59142,\"author\":\"david\",\"body\":\"wouldn't be more readable if it was a computed like\\n`showOrganizationWarning` ? just an opinion, no action needed.\",\"file\":\"app/javascript/packs/components/LegalCase/Editor/LegalCaseEditorEngagementLetter.vue\",\"line\":44,\"has_check_mark\":true},{\"id\":59690,\"author\":\"adrien\",\"body\":\"prolly, i usually limit myself to up to 2 conditions before using computed properties. no hard opinion on this.\",\"file\":\"app/javascript/packs/components/LegalCase/Editor/LegalCaseEditorEngagementLetter.vue\",\"line\":44,\"has_check_mark\":false},{\"id\":59143,\"author\":\"david\",\"body\":\"grouping order is \\n\\n```\\nvendor\\n\\nlocal\\n\\nnamespaces\\n\\ncomponents\\n```\",\"file\":\"app/javascript/packs/components/LegalCase/Editor/LegalCaseEditorEngagementLetter.vue\",\"line\":206,\"has_check_mark\":true},{\"id\":59144,\"author\":\"david\",\"body\":\"grouping order is \\n\\n```\\nvendor\\n\\nlocal\\n\\nnamespaces\\n\\ncomponents\\n```\\n\\nhttps://gitlab.innovationlawlab.org/ILL/lawlabplatform/-/wikis/Code-Guidelines#how-to-group-imports\",\"file\":\"app/javascript/packs/components/Settings/Tools/EngagementLetters/Templates/DeleteEngagementLetterTemplateDialog.vue\",\"line\":48,\"has_check_mark\":true},{\"id\":59145,\"author\":\"david\",\"body\":\"instead of this, why don't we use the error catch we have in the ApplicationController, and use the utility method `parseErrorResponseMessage` ?\",\"file\":\"app/javascript/packs/components/Settings/Tools/EngagementLetters/Templates/DeleteEngagementLetterTemplateDialog.vue\",\"line\":115,\"has_check_mark\":true},{\"id\":59146,\"author\":\"david\",\"body\":\"grouping order is \\n\\n```\\nvendor\\n\\nlocal\\n\\nnamespaces\\n\\ncomponents\\n```\",\"file\":\"app/javascript/packs/components/Settings/Tools/EngagementLetters/Templates/DeleteEngagementLetterTemplateTranslationDialog.vue\",\"line\":49,\"has_check_mark\":true},{\"id\":59147,\"author\":\"david\",\"body\":\"grouping order is \\n\\n```\\nvendor\\n\\nlocal\\n\\nnamespaces\\n\\ncomponents\\n```\\n\\nhttps://gitlab.innovationlawlab.org/ILL/lawlabplatform/-/wikis/Code-Guidelines#how-to-group-imports\",\"file\":\"app/javascript/packs/components/Settings/Tools/EngagementLetters/Templates/EngagementLetterTemplateDialog.vue\",\"line\":70,\"has_check_mark\":true},{\"id\":59148,\"author\":\"david\",\"body\":\"the way refs work, we should always verify if the ref was successful.\",\"file\":\"app/javascript/packs/components/Settings/Tools/EngagementLetters/Templates/EngagementLetterTemplateEditor.vue\",\"line\":91,\"has_check_mark\":true},{\"id\":59149,\"author\":\"david\",\"body\":\"grouping order is \\n\\n```\\nvendor\\n\\nlocal\\n\\nnamespaces\\n\\ncomponents\\n```\\n\\nhttps://gitlab.innovationlawlab.org/ILL/lawlabplatform/-/wikis/Code-Guidelines#how-to-group-imports\",\"file\":\"app/javascript/packs/components/Settings/Tools/EngagementLetters/Templates/EngagementLetterTemplateTranslationDialog.vue\",\"line\":76,\"has_check_mark\":true},{\"id\":59150,\"author\":\"david\",\"body\":\"since we're adopting vuelidade, any personal motif for it not to be used here?\",\"file\":\"app/javascript/packs/components/Settings/Tools/EngagementLetters/Templates/EngagementLetterTemplateTranslationDialog.vue\",\"line\":215,\"has_check_mark\":true},{\"id\":59151,\"author\":\"david\",\"body\":\"another wave of reviews :hugging:\",\"file\":null,\"line\":null,\"has_check_mark\":false},{\"id\":59153,\"author\":\"david\",\"body\":\"vuelidate instead?\",\"file\":\"app/javascript/packs/components/Shared/Templates/TemplateDialog.vue\",\"line\":258,\"has_check_mark\":true},{\"id\":59154,\"author\":\"david\",\"body\":\"we should always be aware that $refs[prop] might be null\",\"file\":\"app/javascript/packs/components/Shared/Templates/TemplateDialog.vue\",\"line\":282,\"has_check_mark\":true},{\"id\":59155,\"author\":\"david\",\"body\":\"I think there is an utility for this\",\"file\":\"app/javascript/packs/components/Shared/Templates/TemplateVariableHelper.vue\",\"line\":197,\"has_check_mark\":true},{\"id\":59156,\"author\":\"david\",\"body\":\"is this the one used in settings? if so, should be in settings namespace right?\",\"file\":\"app/javascript/packs/store/engagement-letter-template/index.js\",\"line\":null,\"has_check_mark\":true},{\"id\":59691,\"author\":\"adrien\",\"body\":\"I don't know.\\n\\nIt's a feature store that happens to be managed through Settings UI, but the data itself isn't \\\"settings\\\". Similar to how legal-case store isn't in a specific UI namespace.\",\"file\":\"app/javascript/packs/store/engagement-letter-template/index.js\",\"line\":null,\"has_check_mark\":false},{\"id\":59157,\"author\":\"david\",\"body\":\"no action needed, why not using same strategy on both? :grin:\",\"file\":\"app/javascript/packs/store/engagement-letter-template/index.js\",\"line\":30,\"has_check_mark\":true},{\"id\":59692,\"author\":\"adrien\",\"body\":\"I am not sure I get that one. Can you explain what you mean?\",\"file\":\"app/javascript/packs/store/engagement-letter-template/index.js\",\"line\":30,\"has_check_mark\":false},{\"id\":59158,\"author\":\"david\",\"body\":\"no action needed.\\n\\nIsn't more readable if \\n\\n```suggestion:-9+0\\n  return axiosRequest.get('/engagement_letter_templates', { params }).\\n    then(({ data }) =\\u003e {\\n      commit('setEngagementLetterTemplates', data)\\n      return data\\n    }).\\n    catch(error =\\u003e handleError(error)).\\n    finally(() =\\u003e commit('setLoading', false))\\n}\\n```\\n\\nI don't think you need to throw error, since if you subscribe to this action, you can catch it in the component still.\",\"file\":\"app/javascript/packs/store/engagement-letter-template/index.js\",\"line\":77,\"has_check_mark\":true},{\"id\":59159,\"author\":\"david\",\"body\":\"please try to keep the namespace definitions at the top after imports as most of the store modules, for easier reading by finding it already in the expected spot.\",\"file\":\"app/javascript/packs/store/shared-templates/index.js\",\"line\":14,\"has_check_mark\":true},{\"id\":59160,\"author\":\"david\",\"body\":\"since we're safe guarding against undefined, should we check also if it is an array?\",\"file\":\"app/javascript/packs/store/shared-templates/mutations.js\",\"line\":11,\"has_check_mark\":true},{\"id\":59161,\"author\":\"david\",\"body\":\"that's why we don't export default the store and make it two objects, so we can have all the module imports as \\n\\n`import { \\u003cNAMESPACE\\u003e, module } from ...`\",\"file\":\"app/javascript/packs/store/index.js\",\"line\":22,\"has_check_mark\":true},{\"id\":59162,\"author\":\"david\",\"body\":\"that's why we don't export default the store and make it two objects, so we can have all the module imports as \\n\\n`import { \\u003cNAMESPACE\\u003e, module } from ...`\",\"file\":\"app/javascript/packs/store/index.js\",\"line\":40,\"has_check_mark\":true},{\"id\":59163,\"author\":\"david\",\"body\":\"grouping order is \\n\\n```\\nvendor\\n\\nlocal\\n\\nnamespaces\\n\\ncomponents\\n```\\n\\nhttps://gitlab.innovationlawlab.org/ILL/lawlabplatform/-/wikis/Code-Guidelines#how-to-group-imports\",\"file\":\"app/javascript/packs/views/settings/EngagementLetterTemplateDataList.vue\",\"line\":188,\"has_check_mark\":false},{\"id\":59164,\"author\":\"david\",\"body\":\"grouping order is \\n\\n```\\nvendor\\n\\nlocal\\n\\nnamespaces\\n\\ncomponents\\n```\\n\\nhttps://gitlab.innovationlawlab.org/ILL/lawlabplatform/-/wikis/Code-Guidelines#how-to-group-imports\",\"file\":\"app/javascript/packs/views/settings/EngagementLetterTemplateDataListWorking.vue\",\"line\":154,\"has_check_mark\":true},{\"id\":59165,\"author\":\"david\",\"body\":\"shouldn't this import be made in the `setup()` ?\",\"file\":\"app/javascript/packs/views/settings/EngagementLetterTemplateDataListWorking.vue\",\"line\":255,\"has_check_mark\":false},{\"id\":59166,\"author\":\"david\",\"body\":\"can we guarantee that in all the instances, the foreign_key has this name? `fk_rails_1eab6264fb`\",\"file\":\"db/migrate/20250918140933_fix_engagement_letter_template_foreign_key.rb\",\"line\":4,\"has_check_mark\":true},{\"id\":59167,\"author\":\"david\",\"body\":\"I think this is the last wave :grin:\",\"file\":null,\"line\":null,\"has_check_mark\":false}]}"], ["created_at", "2025-11-06 15:26:23.103962"], ["updated_at", "2025-11-06 15:26:23.103962"], ["reviewed", false]]
  ↳ app/controllers/exports_controller.rb:32:in `create'
  [1m[36mTRANSACTION (1.8ms)[0m  [1m[35mCOMMIT[0m
  ↳ app/controllers/exports_controller.rb:32:in `create'
  [1m[36mTRANSACTION (0.0ms)[0m  [1m[35mBEGIN[0m
  ↳ app/controllers/exports_controller.rb:45:in `block in create'
  [1m[36mFeedback Exists? (0.5ms)[0m  [1m[34mSELECT 1 AS one FROM "feedbacks" WHERE "feedbacks"."feedback_id" = $1 AND "feedbacks"."export_id" = $2 LIMIT $3[0m  [["feedback_id", "59110"], ["export_id", 8], ["LIMIT", 1]]
  ↳ app/controllers/exports_controller.rb:45:in `block in create'
  [1m[36mFeedback Create (0.1ms)[0m  [1m[32mINSERT INTO "feedbacks" ("export_id", "feedback_id", "reviewed", "created_at", "updated_at") VALUES ($1, $2, $3, $4, $5) RETURNING "id"[0m  [["export_id", 8], ["feedback_id", "59110"], ["reviewed", true], ["created_at", "2025-11-06 15:26:23.114348"], ["updated_at", "2025-11-06 15:26:23.114348"]]
  ↳ app/controllers/exports_controller.rb:45:in `block in create'
  [1m[36mTRANSACTION (1.4ms)[0m  [1m[35mCOMMIT[0m
  ↳ app/controllers/exports_controller.rb:45:in `block in create'
  [1m[36mTRANSACTION (0.0ms)[0m  [1m[35mBEGIN[0m
  ↳ app/controllers/exports_controller.rb:45:in `block in create'
  [1m[36mFeedback Exists? (0.5ms)[0m  [1m[34mSELECT 1 AS one FROM "feedbacks" WHERE "feedbacks"."feedback_id" = $1 AND "feedbacks"."export_id" = $2 LIMIT $3[0m  [["feedback_id", "59111"], ["export_id", 8], ["LIMIT", 1]]
  ↳ app/controllers/exports_controller.rb:45:in `block in create'
  [1m[36mFeedback Create (0.1ms)[0m  [1m[32mINSERT INTO "feedbacks" ("export_id", "feedback_id", "reviewed", "created_at", "updated_at") VALUES ($1, $2, $3, $4, $5) RETURNING "id"[0m  [["export_id", 8], ["feedback_id", "59111"], ["reviewed", true], ["created_at", "2025-11-06 15:26:23.117638"], ["updated_at", "2025-11-06 15:26:23.117638"]]
  ↳ app/controllers/exports_controller.rb:45:in `block in create'
  [1m[36mTRANSACTION (1.4ms)[0m  [1m[35mCOMMIT[0m
  ↳ app/controllers/exports_controller.rb:45:in `block in create'
  [1m[36mTRANSACTION (0.0ms)[0m  [1m[35mBEGIN[0m
  ↳ app/controllers/exports_controller.rb:45:in `block in create'
  [1m[36mFeedback Exists? (0.4ms)[0m  [1m[34mSELECT 1 AS one FROM "feedbacks" WHERE "feedbacks"."feedback_id" = $1 AND "feedbacks"."export_id" = $2 LIMIT $3[0m  [["feedback_id", "59112"], ["export_id", 8], ["LIMIT", 1]]
  ↳ app/controllers/exports_controller.rb:45:in `block in create'
  [1m[36mFeedback Create (0.1ms)[0m  [1m[32mINSERT INTO "feedbacks" ("export_id", "feedback_id", "reviewed", "created_at", "updated_at") VALUES ($1, $2, $3, $4, $5) RETURNING "id"[0m  [["export_id", 8], ["feedback_id", "59112"], ["reviewed", true], ["created_at", "2025-11-06 15:26:23.120666"], ["updated_at", "2025-11-06 15:26:23.120666"]]
  ↳ app/controllers/exports_controller.rb:45:in `block in create'
  [1m[36mTRANSACTION (1.4ms)[0m  [1m[35mCOMMIT[0m
  ↳ app/controllers/exports_controller.rb:45:in `block in create'
  [1m[36mTRANSACTION (0.0ms)[0m  [1m[35mBEGIN[0m
  ↳ app/controllers/exports_controller.rb:45:in `block in create'
  [1m[36mFeedback Exists? (0.4ms)[0m  [1m[34mSELECT 1 AS one FROM "feedbacks" WHERE "feedbacks"."feedback_id" = $1 AND "feedbacks"."export_id" = $2 LIMIT $3[0m  [["feedback_id", "59113"], ["export_id", 8], ["LIMIT", 1]]
  ↳ app/controllers/exports_controller.rb:45:in `block in create'
  [1m[36mFeedback Create (0.1ms)[0m  [1m[32mINSERT INTO "feedbacks" ("export_id", "feedback_id", "reviewed", "created_at", "updated_at") VALUES ($1, $2, $3, $4, $5) RETURNING "id"[0m  [["export_id", 8], ["feedback_id", "59113"], ["reviewed", true], ["created_at", "2025-11-06 15:26:23.123645"], ["updated_at", "2025-11-06 15:26:23.123645"]]
  ↳ app/controllers/exports_controller.rb:45:in `block in create'
  [1m[36mTRANSACTION (1.5ms)[0m  [1m[35mCOMMIT[0m
  ↳ app/controllers/exports_controller.rb:45:in `block in create'
  [1m[36mTRANSACTION (0.1ms)[0m  [1m[35mBEGIN[0m
  ↳ app/controllers/exports_controller.rb:45:in `block in create'
  [1m[36mFeedback Exists? (0.7ms)[0m  [1m[34mSELECT 1 AS one FROM "feedbacks" WHERE "feedbacks"."feedback_id" = $1 AND "feedbacks"."export_id" = $2 LIMIT $3[0m  [["feedback_id", "59114"], ["export_id", 8], ["LIMIT", 1]]
  ↳ app/controllers/exports_controller.rb:45:in `block in create'
  [1m[36mFeedback Create (0.1ms)[0m  [1m[32mINSERT INTO "feedbacks" ("export_id", "feedback_id", "reviewed", "created_at", "updated_at") VALUES ($1, $2, $3, $4, $5) RETURNING "id"[0m  [["export_id", 8], ["feedback_id", "59114"], ["reviewed", true], ["created_at", "2025-11-06 15:26:23.129251"], ["updated_at", "2025-11-06 15:26:23.129251"]]
  ↳ app/controllers/exports_controller.rb:45:in `block in create'
  [1m[36mTRANSACTION (1.4ms)[0m  [1m[35mCOMMIT[0m
  ↳ app/controllers/exports_controller.rb:45:in `block in create'
  [1m[36mTRANSACTION (0.0ms)[0m  [1m[35mBEGIN[0m
  ↳ app/controllers/exports_controller.rb:45:in `block in create'
  [1m[36mFeedback Exists? (0.6ms)[0m  [1m[34mSELECT 1 AS one FROM "feedbacks" WHERE "feedbacks"."feedback_id" = $1 AND "feedbacks"."export_id" = $2 LIMIT $3[0m  [["feedback_id", "59115"], ["export_id", 8], ["LIMIT", 1]]
  ↳ app/controllers/exports_controller.rb:45:in `block in create'
  [1m[36mFeedback Create (0.1ms)[0m  [1m[32mINSERT INTO "feedbacks" ("export_id", "feedback_id", "reviewed", "created_at", "updated_at") VALUES ($1, $2, $3, $4, $5) RETURNING "id"[0m  [["export_id", 8], ["feedback_id", "59115"], ["reviewed", true], ["created_at", "2025-11-06 15:26:23.132826"], ["updated_at", "2025-11-06 15:26:23.132826"]]
  ↳ app/controllers/exports_controller.rb:45:in `block in create'
  [1m[36mTRANSACTION (1.4ms)[0m  [1m[35mCOMMIT[0m
  ↳ app/controllers/exports_controller.rb:45:in `block in create'
  [1m[36mTRANSACTION (0.1ms)[0m  [1m[35mBEGIN[0m
  ↳ app/controllers/exports_controller.rb:45:in `block in create'
  [1m[36mFeedback Exists? (1.3ms)[0m  [1m[34mSELECT 1 AS one FROM "feedbacks" WHERE "feedbacks"."feedback_id" = $1 AND "feedbacks"."export_id" = $2 LIMIT $3[0m  [["feedback_id", "59116"], ["export_id", 8], ["LIMIT", 1]]
  ↳ app/controllers/exports_controller.rb:45:in `block in create'
  [1m[36mFeedback Create (0.2ms)[0m  [1m[32mINSERT INTO "feedbacks" ("export_id", "feedback_id", "reviewed", "created_at", "updated_at") VALUES ($1, $2, $3, $4, $5) RETURNING "id"[0m  [["export_id", 8], ["feedback_id", "59116"], ["reviewed", true], ["created_at", "2025-11-06 15:26:23.137004"], ["updated_at", "2025-11-06 15:26:23.137004"]]
  ↳ app/controllers/exports_controller.rb:45:in `block in create'
  [1m[36mTRANSACTION (1.5ms)[0m  [1m[35mCOMMIT[0m
  ↳ app/controllers/exports_controller.rb:45:in `block in create'
  [1m[36mTRANSACTION (0.0ms)[0m  [1m[35mBEGIN[0m
  ↳ app/controllers/exports_controller.rb:45:in `block in create'
  [1m[36mFeedback Exists? (0.5ms)[0m  [1m[34mSELECT 1 AS one FROM "feedbacks" WHERE "feedbacks"."feedback_id" = $1 AND "feedbacks"."export_id" = $2 LIMIT $3[0m  [["feedback_id", "59117"], ["export_id", 8], ["LIMIT", 1]]
  ↳ app/controllers/exports_controller.rb:45:in `block in create'
  [1m[36mFeedback Create (0.1ms)[0m  [1m[32mINSERT INTO "feedbacks" ("export_id", "feedback_id", "reviewed", "created_at", "updated_at") VALUES ($1, $2, $3, $4, $5) RETURNING "id"[0m  [["export_id", 8], ["feedback_id", "59117"], ["reviewed", true], ["created_at", "2025-11-06 15:26:23.140465"], ["updated_at", "2025-11-06 15:26:23.140465"]]
  ↳ app/controllers/exports_controller.rb:45:in `block in create'
  [1m[36mTRANSACTION (1.5ms)[0m  [1m[35mCOMMIT[0m
  ↳ app/controllers/exports_controller.rb:45:in `block in create'
  [1m[36mTRANSACTION (0.1ms)[0m  [1m[35mBEGIN[0m
  ↳ app/controllers/exports_controller.rb:45:in `block in create'
  [1m[36mFeedback Exists? (0.6ms)[0m  [1m[34mSELECT 1 AS one FROM "feedbacks" WHERE "feedbacks"."feedback_id" = $1 AND "feedbacks"."export_id" = $2 LIMIT $3[0m  [["feedback_id", "59118"], ["export_id", 8], ["LIMIT", 1]]
  ↳ app/controllers/exports_controller.rb:45:in `block in create'
  [1m[36mFeedback Create (0.2ms)[0m  [1m[32mINSERT INTO "feedbacks" ("export_id", "feedback_id", "reviewed", "created_at", "updated_at") VALUES ($1, $2, $3, $4, $5) RETURNING "id"[0m  [["export_id", 8], ["feedback_id", "59118"], ["reviewed", true], ["created_at", "2025-11-06 15:26:23.143885"], ["updated_at", "2025-11-06 15:26:23.143885"]]
  ↳ app/controllers/exports_controller.rb:45:in `block in create'
  [1m[36mTRANSACTION (1.5ms)[0m  [1m[35mCOMMIT[0m
  ↳ app/controllers/exports_controller.rb:45:in `block in create'
  [1m[36mTRANSACTION (0.1ms)[0m  [1m[35mBEGIN[0m
  ↳ app/controllers/exports_controller.rb:45:in `block in create'
  [1m[36mFeedback Exists? (0.9ms)[0m  [1m[34mSELECT 1 AS one FROM "feedbacks" WHERE "feedbacks"."feedback_id" = $1 AND "feedbacks"."export_id" = $2 LIMIT $3[0m  [["feedback_id", "59119"], ["export_id", 8], ["LIMIT", 1]]
  ↳ app/controllers/exports_controller.rb:45:in `block in create'
  [1m[36mFeedback Create (0.1ms)[0m  [1m[32mINSERT INTO "feedbacks" ("export_id", "feedback_id", "reviewed", "created_at", "updated_at") VALUES ($1, $2, $3, $4, $5) RETURNING "id"[0m  [["export_id", 8], ["feedback_id", "59119"], ["reviewed", true], ["created_at", "2025-11-06 15:26:23.149237"], ["updated_at", "2025-11-06 15:26:23.149237"]]
  ↳ app/controllers/exports_controller.rb:45:in `block in create'
  [1m[36mTRANSACTION (1.4ms)[0m  [1m[35mCOMMIT[0m
  ↳ app/controllers/exports_controller.rb:45:in `block in create'
  [1m[36mTRANSACTION (0.0ms)[0m  [1m[35mBEGIN[0m
  ↳ app/controllers/exports_controller.rb:45:in `block in create'
  [1m[36mFeedback Exists? (0.4ms)[0m  [1m[34mSELECT 1 AS one FROM "feedbacks" WHERE "feedbacks"."feedback_id" = $1 AND "feedbacks"."export_id" = $2 LIMIT $3[0m  [["feedback_id", "59139"], ["export_id", 8], ["LIMIT", 1]]
  ↳ app/controllers/exports_controller.rb:45:in `block in create'
  [1m[36mFeedback Create (0.1ms)[0m  [1m[32mINSERT INTO "feedbacks" ("export_id", "feedback_id", "reviewed", "created_at", "updated_at") VALUES ($1, $2, $3, $4, $5) RETURNING "id"[0m  [["export_id", 8], ["feedback_id", "59139"], ["reviewed", true], ["created_at", "2025-11-06 15:26:23.152183"], ["updated_at", "2025-11-06 15:26:23.152183"]]
  ↳ app/controllers/exports_controller.rb:45:in `block in create'
  [1m[36mTRANSACTION (1.5ms)[0m  [1m[35mCOMMIT[0m
  ↳ app/controllers/exports_controller.rb:45:in `block in create'
  [1m[36mTRANSACTION (0.0ms)[0m  [1m[35mBEGIN[0m
  ↳ app/controllers/exports_controller.rb:45:in `block in create'
  [1m[36mFeedback Exists? (0.4ms)[0m  [1m[34mSELECT 1 AS one FROM "feedbacks" WHERE "feedbacks"."feedback_id" = $1 AND "feedbacks"."export_id" = $2 LIMIT $3[0m  [["feedback_id", "59140"], ["export_id", 8], ["LIMIT", 1]]
  ↳ app/controllers/exports_controller.rb:45:in `block in create'
  [1m[36mFeedback Create (0.1ms)[0m  [1m[32mINSERT INTO "feedbacks" ("export_id", "feedback_id", "reviewed", "created_at", "updated_at") VALUES ($1, $2, $3, $4, $5) RETURNING "id"[0m  [["export_id", 8], ["feedback_id", "59140"], ["reviewed", true], ["created_at", "2025-11-06 15:26:23.156220"], ["updated_at", "2025-11-06 15:26:23.156220"]]
  ↳ app/controllers/exports_controller.rb:45:in `block in create'
  [1m[36mTRANSACTION (1.5ms)[0m  [1m[35mCOMMIT[0m
  ↳ app/controllers/exports_controller.rb:45:in `block in create'
  [1m[36mTRANSACTION (0.1ms)[0m  [1m[35mBEGIN[0m
  ↳ app/controllers/exports_controller.rb:45:in `block in create'
  [1m[36mFeedback Exists? (0.5ms)[0m  [1m[34mSELECT 1 AS one FROM "feedbacks" WHERE "feedbacks"."feedback_id" = $1 AND "feedbacks"."export_id" = $2 LIMIT $3[0m  [["feedback_id", "59141"], ["export_id", 8], ["LIMIT", 1]]
  ↳ app/controllers/exports_controller.rb:45:in `block in create'
  [1m[36mFeedback Create (0.1ms)[0m  [1m[32mINSERT INTO "feedbacks" ("export_id", "feedback_id", "reviewed", "created_at", "updated_at") VALUES ($1, $2, $3, $4, $5) RETURNING "id"[0m  [["export_id", 8], ["feedback_id", "59141"], ["reviewed", true], ["created_at", "2025-11-06 15:26:23.159393"], ["updated_at", "2025-11-06 15:26:23.159393"]]
  ↳ app/controllers/exports_controller.rb:45:in `block in create'
  [1m[36mTRANSACTION (1.6ms)[0m  [1m[35mCOMMIT[0m
  ↳ app/controllers/exports_controller.rb:45:in `block in create'
  [1m[36mTRANSACTION (0.1ms)[0m  [1m[35mBEGIN[0m
  ↳ app/controllers/exports_controller.rb:45:in `block in create'
  [1m[36mFeedback Exists? (0.6ms)[0m  [1m[34mSELECT 1 AS one FROM "feedbacks" WHERE "feedbacks"."feedback_id" = $1 AND "feedbacks"."export_id" = $2 LIMIT $3[0m  [["feedback_id", "59142"], ["export_id", 8], ["LIMIT", 1]]
  ↳ app/controllers/exports_controller.rb:45:in `block in create'
  [1m[36mFeedback Create (0.1ms)[0m  [1m[32mINSERT INTO "feedbacks" ("export_id", "feedback_id", "reviewed", "created_at", "updated_at") VALUES ($1, $2, $3, $4, $5) RETURNING "id"[0m  [["export_id", 8], ["feedback_id", "59142"], ["reviewed", true], ["created_at", "2025-11-06 15:26:23.162769"], ["updated_at", "2025-11-06 15:26:23.162769"]]
  ↳ app/controllers/exports_controller.rb:45:in `block in create'
  [1m[36mTRANSACTION (1.5ms)[0m  [1m[35mCOMMIT[0m
  ↳ app/controllers/exports_controller.rb:45:in `block in create'
  [1m[36mTRANSACTION (0.1ms)[0m  [1m[35mBEGIN[0m
  ↳ app/controllers/exports_controller.rb:45:in `block in create'
  [1m[36mFeedback Exists? (0.5ms)[0m  [1m[34mSELECT 1 AS one FROM "feedbacks" WHERE "feedbacks"."feedback_id" = $1 AND "feedbacks"."export_id" = $2 LIMIT $3[0m  [["feedback_id", "59143"], ["export_id", 8], ["LIMIT", 1]]
  ↳ app/controllers/exports_controller.rb:45:in `block in create'
  [1m[36mFeedback Create (0.1ms)[0m  [1m[32mINSERT INTO "feedbacks" ("export_id", "feedback_id", "reviewed", "created_at", "updated_at") VALUES ($1, $2, $3, $4, $5) RETURNING "id"[0m  [["export_id", 8], ["feedback_id", "59143"], ["reviewed", true], ["created_at", "2025-11-06 15:26:23.166191"], ["updated_at", "2025-11-06 15:26:23.166191"]]
  ↳ app/controllers/exports_controller.rb:45:in `block in create'
  [1m[36mTRANSACTION (1.4ms)[0m  [1m[35mCOMMIT[0m
  ↳ app/controllers/exports_controller.rb:45:in `block in create'
  [1m[36mTRANSACTION (0.0ms)[0m  [1m[35mBEGIN[0m
  ↳ app/controllers/exports_controller.rb:45:in `block in create'
  [1m[36mFeedback Exists? (0.4ms)[0m  [1m[34mSELECT 1 AS one FROM "feedbacks" WHERE "feedbacks"."feedback_id" = $1 AND "feedbacks"."export_id" = $2 LIMIT $3[0m  [["feedback_id", "59144"], ["export_id", 8], ["LIMIT", 1]]
  ↳ app/controllers/exports_controller.rb:45:in `block in create'
  [1m[36mFeedback Create (0.1ms)[0m  [1m[32mINSERT INTO "feedbacks" ("export_id", "feedback_id", "reviewed", "created_at", "updated_at") VALUES ($1, $2, $3, $4, $5) RETURNING "id"[0m  [["export_id", 8], ["feedback_id", "59144"], ["reviewed", true], ["created_at", "2025-11-06 15:26:23.169036"], ["updated_at", "2025-11-06 15:26:23.169036"]]
  ↳ app/controllers/exports_controller.rb:45:in `block in create'
  [1m[36mTRANSACTION (1.4ms)[0m  [1m[35mCOMMIT[0m
  ↳ app/controllers/exports_controller.rb:45:in `block in create'
  [1m[36mTRANSACTION (0.1ms)[0m  [1m[35mBEGIN[0m
  ↳ app/controllers/exports_controller.rb:45:in `block in create'
  [1m[36mFeedback Exists? (0.5ms)[0m  [1m[34mSELECT 1 AS one FROM "feedbacks" WHERE "feedbacks"."feedback_id" = $1 AND "feedbacks"."export_id" = $2 LIMIT $3[0m  [["feedback_id", "59145"], ["export_id", 8], ["LIMIT", 1]]
  ↳ app/controllers/exports_controller.rb:45:in `block in create'
  [1m[36mFeedback Create (0.1ms)[0m  [1m[32mINSERT INTO "feedbacks" ("export_id", "feedback_id", "reviewed", "created_at", "updated_at") VALUES ($1, $2, $3, $4, $5) RETURNING "id"[0m  [["export_id", 8], ["feedback_id", "59145"], ["reviewed", true], ["created_at", "2025-11-06 15:26:23.172811"], ["updated_at", "2025-11-06 15:26:23.172811"]]
  ↳ app/controllers/exports_controller.rb:45:in `block in create'
  [1m[36mTRANSACTION (1.4ms)[0m  [1m[35mCOMMIT[0m
  ↳ app/controllers/exports_controller.rb:45:in `block in create'
  [1m[36mTRANSACTION (0.0ms)[0m  [1m[35mBEGIN[0m
  ↳ app/controllers/exports_controller.rb:45:in `block in create'
  [1m[36mFeedback Exists? (0.4ms)[0m  [1m[34mSELECT 1 AS one FROM "feedbacks" WHERE "feedbacks"."feedback_id" = $1 AND "feedbacks"."export_id" = $2 LIMIT $3[0m  [["feedback_id", "59146"], ["export_id", 8], ["LIMIT", 1]]
  ↳ app/controllers/exports_controller.rb:45:in `block in create'
  [1m[36mFeedback Create (0.1ms)[0m  [1m[32mINSERT INTO "feedbacks" ("export_id", "feedback_id", "reviewed", "created_at", "updated_at") VALUES ($1, $2, $3, $4, $5) RETURNING "id"[0m  [["export_id", 8], ["feedback_id", "59146"], ["reviewed", true], ["created_at", "2025-11-06 15:26:23.175631"], ["updated_at", "2025-11-06 15:26:23.175631"]]
  ↳ app/controllers/exports_controller.rb:45:in `block in create'
  [1m[36mTRANSACTION (1.4ms)[0m  [1m[35mCOMMIT[0m
  ↳ app/controllers/exports_controller.rb:45:in `block in create'
  [1m[36mTRANSACTION (0.0ms)[0m  [1m[35mBEGIN[0m
  ↳ app/controllers/exports_controller.rb:45:in `block in create'
  [1m[36mFeedback Exists? (0.5ms)[0m  [1m[34mSELECT 1 AS one FROM "feedbacks" WHERE "feedbacks"."feedback_id" = $1 AND "feedbacks"."export_id" = $2 LIMIT $3[0m  [["feedback_id", "59147"], ["export_id", 8], ["LIMIT", 1]]
  ↳ app/controllers/exports_controller.rb:45:in `block in create'
  [1m[36mFeedback Create (0.1ms)[0m  [1m[32mINSERT INTO "feedbacks" ("export_id", "feedback_id", "reviewed", "created_at", "updated_at") VALUES ($1, $2, $3, $4, $5) RETURNING "id"[0m  [["export_id", 8], ["feedback_id", "59147"], ["reviewed", true], ["created_at", "2025-11-06 15:26:23.178583"], ["updated_at", "2025-11-06 15:26:23.178583"]]
  ↳ app/controllers/exports_controller.rb:45:in `block in create'
  [1m[36mTRANSACTION (1.4ms)[0m  [1m[35mCOMMIT[0m
  ↳ app/controllers/exports_controller.rb:45:in `block in create'
  [1m[36mTRANSACTION (0.2ms)[0m  [1m[35mBEGIN[0m
  ↳ app/controllers/exports_controller.rb:45:in `block in create'
  [1m[36mFeedback Exists? (0.6ms)[0m  [1m[34mSELECT 1 AS one FROM "feedbacks" WHERE "feedbacks"."feedback_id" = $1 AND "feedbacks"."export_id" = $2 LIMIT $3[0m  [["feedback_id", "59148"], ["export_id", 8], ["LIMIT", 1]]
  ↳ app/controllers/exports_controller.rb:45:in `block in create'
  [1m[36mFeedback Create (0.1ms)[0m  [1m[32mINSERT INTO "feedbacks" ("export_id", "feedback_id", "reviewed", "created_at", "updated_at") VALUES ($1, $2, $3, $4, $5) RETURNING "id"[0m  [["export_id", 8], ["feedback_id", "59148"], ["reviewed", true], ["created_at", "2025-11-06 15:26:23.182602"], ["updated_at", "2025-11-06 15:26:23.182602"]]
  ↳ app/controllers/exports_controller.rb:45:in `block in create'
  [1m[36mTRANSACTION (1.5ms)[0m  [1m[35mCOMMIT[0m
  ↳ app/controllers/exports_controller.rb:45:in `block in create'
  [1m[36mTRANSACTION (0.0ms)[0m  [1m[35mBEGIN[0m
  ↳ app/controllers/exports_controller.rb:45:in `block in create'
  [1m[36mFeedback Exists? (0.4ms)[0m  [1m[34mSELECT 1 AS one FROM "feedbacks" WHERE "feedbacks"."feedback_id" = $1 AND "feedbacks"."export_id" = $2 LIMIT $3[0m  [["feedback_id", "59149"], ["export_id", 8], ["LIMIT", 1]]
  ↳ app/controllers/exports_controller.rb:45:in `block in create'
  [1m[36mFeedback Create (0.1ms)[0m  [1m[32mINSERT INTO "feedbacks" ("export_id", "feedback_id", "reviewed", "created_at", "updated_at") VALUES ($1, $2, $3, $4, $5) RETURNING "id"[0m  [["export_id", 8], ["feedback_id", "59149"], ["reviewed", true], ["created_at", "2025-11-06 15:26:23.185743"], ["updated_at", "2025-11-06 15:26:23.185743"]]
  ↳ app/controllers/exports_controller.rb:45:in `block in create'
  [1m[36mTRANSACTION (1.5ms)[0m  [1m[35mCOMMIT[0m
  ↳ app/controllers/exports_controller.rb:45:in `block in create'
  [1m[36mTRANSACTION (0.1ms)[0m  [1m[35mBEGIN[0m
  ↳ app/controllers/exports_controller.rb:45:in `block in create'
  [1m[36mFeedback Exists? (0.6ms)[0m  [1m[34mSELECT 1 AS one FROM "feedbacks" WHERE "feedbacks"."feedback_id" = $1 AND "feedbacks"."export_id" = $2 LIMIT $3[0m  [["feedback_id", "59150"], ["export_id", 8], ["LIMIT", 1]]
  ↳ app/controllers/exports_controller.rb:45:in `block in create'
  [1m[36mFeedback Create (0.1ms)[0m  [1m[32mINSERT INTO "feedbacks" ("export_id", "feedback_id", "reviewed", "created_at", "updated_at") VALUES ($1, $2, $3, $4, $5) RETURNING "id"[0m  [["export_id", 8], ["feedback_id", "59150"], ["reviewed", true], ["created_at", "2025-11-06 15:26:23.189404"], ["updated_at", "2025-11-06 15:26:23.189404"]]
  ↳ app/controllers/exports_controller.rb:45:in `block in create'
  [1m[36mTRANSACTION (1.5ms)[0m  [1m[35mCOMMIT[0m
  ↳ app/controllers/exports_controller.rb:45:in `block in create'
  [1m[36mTRANSACTION (0.0ms)[0m  [1m[35mBEGIN[0m
  ↳ app/controllers/exports_controller.rb:45:in `block in create'
  [1m[36mFeedback Exists? (0.5ms)[0m  [1m[34mSELECT 1 AS one FROM "feedbacks" WHERE "feedbacks"."feedback_id" = $1 AND "feedbacks"."export_id" = $2 LIMIT $3[0m  [["feedback_id", "59153"], ["export_id", 8], ["LIMIT", 1]]
  ↳ app/controllers/exports_controller.rb:45:in `block in create'
  [1m[36mFeedback Create (0.2ms)[0m  [1m[32mINSERT INTO "feedbacks" ("export_id", "feedback_id", "reviewed", "created_at", "updated_at") VALUES ($1, $2, $3, $4, $5) RETURNING "id"[0m  [["export_id", 8], ["feedback_id", "59153"], ["reviewed", true], ["created_at", "2025-11-06 15:26:23.192592"], ["updated_at", "2025-11-06 15:26:23.192592"]]
  ↳ app/controllers/exports_controller.rb:45:in `block in create'
  [1m[36mTRANSACTION (1.6ms)[0m  [1m[35mCOMMIT[0m
  ↳ app/controllers/exports_controller.rb:45:in `block in create'
  [1m[36mTRANSACTION (0.1ms)[0m  [1m[35mBEGIN[0m
  ↳ app/controllers/exports_controller.rb:45:in `block in create'
  [1m[36mFeedback Exists? (0.7ms)[0m  [1m[34mSELECT 1 AS one FROM "feedbacks" WHERE "feedbacks"."feedback_id" = $1 AND "feedbacks"."export_id" = $2 LIMIT $3[0m  [["feedback_id", "59154"], ["export_id", 8], ["LIMIT", 1]]
  ↳ app/controllers/exports_controller.rb:45:in `block in create'
  [1m[36mFeedback Create (0.2ms)[0m  [1m[32mINSERT INTO "feedbacks" ("export_id", "feedback_id", "reviewed", "created_at", "updated_at") VALUES ($1, $2, $3, $4, $5) RETURNING "id"[0m  [["export_id", 8], ["feedback_id", "59154"], ["reviewed", true], ["created_at", "2025-11-06 15:26:23.196438"], ["updated_at", "2025-11-06 15:26:23.196438"]]
  ↳ app/controllers/exports_controller.rb:45:in `block in create'
  [1m[36mTRANSACTION (1.5ms)[0m  [1m[35mCOMMIT[0m
  ↳ app/controllers/exports_controller.rb:45:in `block in create'
  [1m[36mTRANSACTION (0.0ms)[0m  [1m[35mBEGIN[0m
  ↳ app/controllers/exports_controller.rb:45:in `block in create'
  [1m[36mFeedback Exists? (0.4ms)[0m  [1m[34mSELECT 1 AS one FROM "feedbacks" WHERE "feedbacks"."feedback_id" = $1 AND "feedbacks"."export_id" = $2 LIMIT $3[0m  [["feedback_id", "59155"], ["export_id", 8], ["LIMIT", 1]]
  ↳ app/controllers/exports_controller.rb:45:in `block in create'
  [1m[36mFeedback Create (0.2ms)[0m  [1m[32mINSERT INTO "feedbacks" ("export_id", "feedback_id", "reviewed", "created_at", "updated_at") VALUES ($1, $2, $3, $4, $5) RETURNING "id"[0m  [["export_id", 8], ["feedback_id", "59155"], ["reviewed", true], ["created_at", "2025-11-06 15:26:23.199613"], ["updated_at", "2025-11-06 15:26:23.199613"]]
  ↳ app/controllers/exports_controller.rb:45:in `block in create'
  [1m[36mTRANSACTION (1.8ms)[0m  [1m[35mCOMMIT[0m
  ↳ app/controllers/exports_controller.rb:45:in `block in create'
  [1m[36mTRANSACTION (0.0ms)[0m  [1m[35mBEGIN[0m
  ↳ app/controllers/exports_controller.rb:45:in `block in create'
  [1m[36mFeedback Exists? (0.4ms)[0m  [1m[34mSELECT 1 AS one FROM "feedbacks" WHERE "feedbacks"."feedback_id" = $1 AND "feedbacks"."export_id" = $2 LIMIT $3[0m  [["feedback_id", "59156"], ["export_id", 8], ["LIMIT", 1]]
  ↳ app/controllers/exports_controller.rb:45:in `block in create'
  [1m[36mFeedback Create (0.2ms)[0m  [1m[32mINSERT INTO "feedbacks" ("export_id", "feedback_id", "reviewed", "created_at", "updated_at") VALUES ($1, $2, $3, $4, $5) RETURNING "id"[0m  [["export_id", 8], ["feedback_id", "59156"], ["reviewed", true], ["created_at", "2025-11-06 15:26:23.203090"], ["updated_at", "2025-11-06 15:26:23.203090"]]
  ↳ app/controllers/exports_controller.rb:45:in `block in create'
  [1m[36mTRANSACTION (1.6ms)[0m  [1m[35mCOMMIT[0m
  ↳ app/controllers/exports_controller.rb:45:in `block in create'
  [1m[36mTRANSACTION (0.1ms)[0m  [1m[35mBEGIN[0m
  ↳ app/controllers/exports_controller.rb:45:in `block in create'
  [1m[36mFeedback Exists? (0.6ms)[0m  [1m[34mSELECT 1 AS one FROM "feedbacks" WHERE "feedbacks"."feedback_id" = $1 AND "feedbacks"."export_id" = $2 LIMIT $3[0m  [["feedback_id", "59157"], ["export_id", 8], ["LIMIT", 1]]
  ↳ app/controllers/exports_controller.rb:45:in `block in create'
  [1m[36mFeedback Create (0.2ms)[0m  [1m[32mINSERT INTO "feedbacks" ("export_id", "feedback_id", "reviewed", "created_at", "updated_at") VALUES ($1, $2, $3, $4, $5) RETURNING "id"[0m  [["export_id", 8], ["feedback_id", "59157"], ["reviewed", true], ["created_at", "2025-11-06 15:26:23.207842"], ["updated_at", "2025-11-06 15:26:23.207842"]]
  ↳ app/controllers/exports_controller.rb:45:in `block in create'
  [1m[36mTRANSACTION (1.4ms)[0m  [1m[35mCOMMIT[0m
  ↳ app/controllers/exports_controller.rb:45:in `block in create'
  [1m[36mTRANSACTION (0.0ms)[0m  [1m[35mBEGIN[0m
  ↳ app/controllers/exports_controller.rb:45:in `block in create'
  [1m[36mFeedback Exists? (0.5ms)[0m  [1m[34mSELECT 1 AS one FROM "feedbacks" WHERE "feedbacks"."feedback_id" = $1 AND "feedbacks"."export_id" = $2 LIMIT $3[0m  [["feedback_id", "59158"], ["export_id", 8], ["LIMIT", 1]]
  ↳ app/controllers/exports_controller.rb:45:in `block in create'
  [1m[36mFeedback Create (0.1ms)[0m  [1m[32mINSERT INTO "feedbacks" ("export_id", "feedback_id", "reviewed", "created_at", "updated_at") VALUES ($1, $2, $3, $4, $5) RETURNING "id"[0m  [["export_id", 8], ["feedback_id", "59158"], ["reviewed", true], ["created_at", "2025-11-06 15:26:23.211137"], ["updated_at", "2025-11-06 15:26:23.211137"]]
  ↳ app/controllers/exports_controller.rb:45:in `block in create'
  [1m[36mTRANSACTION (1.5ms)[0m  [1m[35mCOMMIT[0m
  ↳ app/controllers/exports_controller.rb:45:in `block in create'
  [1m[36mTRANSACTION (0.1ms)[0m  [1m[35mBEGIN[0m
  ↳ app/controllers/exports_controller.rb:45:in `block in create'
  [1m[36mFeedback Exists? (0.6ms)[0m  [1m[34mSELECT 1 AS one FROM "feedbacks" WHERE "feedbacks"."feedback_id" = $1 AND "feedbacks"."export_id" = $2 LIMIT $3[0m  [["feedback_id", "59159"], ["export_id", 8], ["LIMIT", 1]]
  ↳ app/controllers/exports_controller.rb:45:in `block in create'
  [1m[36mFeedback Create (0.1ms)[0m  [1m[32mINSERT INTO "feedbacks" ("export_id", "feedback_id", "reviewed", "created_at", "updated_at") VALUES ($1, $2, $3, $4, $5) RETURNING "id"[0m  [["export_id", 8], ["feedback_id", "59159"], ["reviewed", true], ["created_at", "2025-11-06 15:26:23.214377"], ["updated_at", "2025-11-06 15:26:23.214377"]]
  ↳ app/controllers/exports_controller.rb:45:in `block in create'
  [1m[36mTRANSACTION (1.5ms)[0m  [1m[35mCOMMIT[0m
  ↳ app/controllers/exports_controller.rb:45:in `block in create'
  [1m[36mTRANSACTION (0.1ms)[0m  [1m[35mBEGIN[0m
  ↳ app/controllers/exports_controller.rb:45:in `block in create'
  [1m[36mFeedback Exists? (0.6ms)[0m  [1m[34mSELECT 1 AS one FROM "feedbacks" WHERE "feedbacks"."feedback_id" = $1 AND "feedbacks"."export_id" = $2 LIMIT $3[0m  [["feedback_id", "59160"], ["export_id", 8], ["LIMIT", 1]]
  ↳ app/controllers/exports_controller.rb:45:in `block in create'
  [1m[36mFeedback Create (0.1ms)[0m  [1m[32mINSERT INTO "feedbacks" ("export_id", "feedback_id", "reviewed", "created_at", "updated_at") VALUES ($1, $2, $3, $4, $5) RETURNING "id"[0m  [["export_id", 8], ["feedback_id", "59160"], ["reviewed", true], ["created_at", "2025-11-06 15:26:23.217921"], ["updated_at", "2025-11-06 15:26:23.217921"]]
  ↳ app/controllers/exports_controller.rb:45:in `block in create'
  [1m[36mTRANSACTION (1.4ms)[0m  [1m[35mCOMMIT[0m
  ↳ app/controllers/exports_controller.rb:45:in `block in create'
  [1m[36mTRANSACTION (0.0ms)[0m  [1m[35mBEGIN[0m
  ↳ app/controllers/exports_controller.rb:45:in `block in create'
  [1m[36mFeedback Exists? (0.4ms)[0m  [1m[34mSELECT 1 AS one FROM "feedbacks" WHERE "feedbacks"."feedback_id" = $1 AND "feedbacks"."export_id" = $2 LIMIT $3[0m  [["feedback_id", "59161"], ["export_id", 8], ["LIMIT", 1]]
  ↳ app/controllers/exports_controller.rb:45:in `block in create'
  [1m[36mFeedback Create (0.2ms)[0m  [1m[32mINSERT INTO "feedbacks" ("export_id", "feedback_id", "reviewed", "created_at", "updated_at") VALUES ($1, $2, $3, $4, $5) RETURNING "id"[0m  [["export_id", 8], ["feedback_id", "59161"], ["reviewed", true], ["created_at", "2025-11-06 15:26:23.220999"], ["updated_at", "2025-11-06 15:26:23.220999"]]
  ↳ app/controllers/exports_controller.rb:45:in `block in create'
  [1m[36mTRANSACTION (1.6ms)[0m  [1m[35mCOMMIT[0m
  ↳ app/controllers/exports_controller.rb:45:in `block in create'
  [1m[36mTRANSACTION (0.0ms)[0m  [1m[35mBEGIN[0m
  ↳ app/controllers/exports_controller.rb:45:in `block in create'
  [1m[36mFeedback Exists? (0.5ms)[0m  [1m[34mSELECT 1 AS one FROM "feedbacks" WHERE "feedbacks"."feedback_id" = $1 AND "feedbacks"."export_id" = $2 LIMIT $3[0m  [["feedback_id", "59162"], ["export_id", 8], ["LIMIT", 1]]
  ↳ app/controllers/exports_controller.rb:45:in `block in create'
  [1m[36mFeedback Create (0.1ms)[0m  [1m[32mINSERT INTO "feedbacks" ("export_id", "feedback_id", "reviewed", "created_at", "updated_at") VALUES ($1, $2, $3, $4, $5) RETURNING "id"[0m  [["export_id", 8], ["feedback_id", "59162"], ["reviewed", true], ["created_at", "2025-11-06 15:26:23.224641"], ["updated_at", "2025-11-06 15:26:23.224641"]]
  ↳ app/controllers/exports_controller.rb:45:in `block in create'
  [1m[36mTRANSACTION (1.5ms)[0m  [1m[35mCOMMIT[0m
  ↳ app/controllers/exports_controller.rb:45:in `block in create'
  [1m[36mTRANSACTION (0.0ms)[0m  [1m[35mBEGIN[0m
  ↳ app/controllers/exports_controller.rb:45:in `block in create'
  [1m[36mFeedback Exists? (0.4ms)[0m  [1m[34mSELECT 1 AS one FROM "feedbacks" WHERE "feedbacks"."feedback_id" = $1 AND "feedbacks"."export_id" = $2 LIMIT $3[0m  [["feedback_id", "59164"], ["export_id", 8], ["LIMIT", 1]]
  ↳ app/controllers/exports_controller.rb:45:in `block in create'
  [1m[36mFeedback Create (0.1ms)[0m  [1m[32mINSERT INTO "feedbacks" ("export_id", "feedback_id", "reviewed", "created_at", "updated_at") VALUES ($1, $2, $3, $4, $5) RETURNING "id"[0m  [["export_id", 8], ["feedback_id", "59164"], ["reviewed", true], ["created_at", "2025-11-06 15:26:23.227773"], ["updated_at", "2025-11-06 15:26:23.227773"]]
  ↳ app/controllers/exports_controller.rb:45:in `block in create'
  [1m[36mTRANSACTION (1.5ms)[0m  [1m[35mCOMMIT[0m
  ↳ app/controllers/exports_controller.rb:45:in `block in create'
  [1m[36mTRANSACTION (0.0ms)[0m  [1m[35mBEGIN[0m
  ↳ app/controllers/exports_controller.rb:45:in `block in create'
  [1m[36mFeedback Exists? (0.4ms)[0m  [1m[34mSELECT 1 AS one FROM "feedbacks" WHERE "feedbacks"."feedback_id" = $1 AND "feedbacks"."export_id" = $2 LIMIT $3[0m  [["feedback_id", "59166"], ["export_id", 8], ["LIMIT", 1]]
  ↳ app/controllers/exports_controller.rb:45:in `block in create'
  [1m[36mFeedback Create (0.1ms)[0m  [1m[32mINSERT INTO "feedbacks" ("export_id", "feedback_id", "reviewed", "created_at", "updated_at") VALUES ($1, $2, $3, $4, $5) RETURNING "id"[0m  [["export_id", 8], ["feedback_id", "59166"], ["reviewed", true], ["created_at", "2025-11-06 15:26:23.230733"], ["updated_at", "2025-11-06 15:26:23.230733"]]
  ↳ app/controllers/exports_controller.rb:45:in `block in create'
  [1m[36mTRANSACTION (1.5ms)[0m  [1m[35mCOMMIT[0m
  ↳ app/controllers/exports_controller.rb:45:in `block in create'
Redirected to http://localhost:3000/exports/8
Completed 302 Found in 7536ms (ActiveRecord: 78.9ms | Allocations: 154474)


Started GET "/exports/8" for 172.21.0.1 at 2025-11-06 15:26:23 +0000
Processing by ExportsController#show as HTML
  Parameters: {"id"=>"8"}
  [1m[36mExport Load (0.1ms)[0m  [1m[34mSELECT "exports".* FROM "exports" WHERE "exports"."id" = $1 LIMIT $2[0m  [["id", 8], ["LIMIT", 1]]
  ↳ app/controllers/exports_controller.rb:11:in `show'
  Rendering layout layouts/application.html.erb
  Rendering exports/show.html.erb within layouts/application
  [1m[36mFeedback Pluck (0.1ms)[0m  [1m[34mSELECT "feedbacks"."feedback_id" FROM "feedbacks" WHERE "feedbacks"."export_id" = $1 AND "feedbacks"."reviewed" = $2[0m  [["export_id", 8], ["reviewed", true]]
  ↳ app/views/exports/show.html.erb:21
  Rendered exports/show.html.erb within layouts/application (Duration: 1.5ms | Allocations: 2433)
  Rendered layout layouts/application.html.erb (Duration: 1.9ms | Allocations: 3017)
Completed 200 OK in 3ms (Views: 1.9ms | ActiveRecord: 0.2ms | Allocations: 3838)


